epoch,phase,messages,loss,accuracy,accuracy_nn,temperature,length,length_nn,lexicon_size,actual_vocab_size,entropy_msg,entropy_max,time_entropy_msg,entropy_msg_mc,time_entropy_msg_mc,max_rep,redundancy,KLD_train_test,KLD_test_train,MI_sent_received,topsim,entropy_attr,mutual_info_msg_attr,proficiency_msg_attr,entropy_shape,mutual_info_msg_shape,proficiency_msg_shape,redundancy_msg_shape,entropy_color,mutual_info_msg_color,proficiency_msg_color,redundancy_msg_color,entropy_xpos,mutual_info_msg_xpos,proficiency_msg_xpos,redundancy_msg_xpos,entropy_ypos,mutual_info_msg_ypos,proficiency_msg_ypos,redundancy_msg_ypos,entropy_rotation,mutual_info_msg_rotation,proficiency_msg_rotation,redundancy_msg_rotation,lexicon_size_nn,actual_vocab_size_nn,max_rep_nn,entropy_msg_nn,entropy_max_nn,entropy_msg_mc_nn,time_entropy_msg_nn,time_entropy_msg_mc_nn,redundancy_nn,KLD_train_test_nn,KLD_test_train_nn,mutual_info_msg_attr_nn,proficiency_msg_attr_nn,entropy_shape_nn,mutual_info_msg_shape_nn,proficiency_msg_shape_nn,redundancy_msg_shape_nn,entropy_color_nn,mutual_info_msg_color_nn,proficiency_msg_color_nn,redundancy_msg_color_nn,entropy_xpos_nn,mutual_info_msg_xpos_nn,proficiency_msg_xpos_nn,redundancy_msg_xpos_nn,entropy_ypos_nn,mutual_info_msg_ypos_nn,proficiency_msg_ypos_nn,redundancy_msg_ypos_nn,entropy_rotation_nn,mutual_info_msg_rotation_nn,proficiency_msg_rotation_nn,redundancy_msg_rotation_nn,topsim_nn
1,train,sent,1.2265018224716187,40.15625,40.15625,0.94677734375,2.28515625,2.28515625,1494,11,6.83984375,9.1875,1.276105240918696,6.720657877192494,1.9007170698605478,1.08203125,0.25537109375,,,3.48800360392677,0.10788043565065117,10.086951803081298,2.442797460810298,0.24217399948952742,2.5634801773639495,0.23635869185520963,0.09220227015691593,0.0251312255859375,2.9309686518053804,0.3878073613358115,0.13231371857114027,0.0396728515625,2.320875273285566,0.3187777285515132,0.13735237400337885,0.0347900390625,2.320484517015999,0.23384779941672207,0.10077541897044676,0.0255279541015625,1.271115473011929,0.1104596231458812,0.086899754972021,0.01361846923828125,1280,10,1.2978515625,6.01171875,8.9921875,5.936370741435335,1.1472710720263422,1.7386220779735595,0.331787109375,,,2.306917749878955,0.22870315977659894,2.5634801773639495,0.20838261255639612,0.08128895023119621,0.0243072509765625,2.9309686518053804,0.35704006817586453,0.12181640631193363,0.039947509765625,2.320875273285566,0.2958703284419748,0.12748221838872173,0.0355224609375,2.320484517015999,0.2119840458773563,0.09135335500964895,0.02545166015625,1.271115473011929,0.09614233780489378,0.07563619501624265,0.01320648193359375,0.11243371671923878
2,train,sent,0.7635139226913452,63.1875,63.40625,1.001953125,2.783203125,2.783203125,1537,11,8.171875,11.3046875,1.3162918370217085,8.068886665365575,2.0740688380319625,1.4912109375,0.27734375,,,4.697483888513134,0.14467583518569108,10.086951803081298,3.3705324965935635,0.3341477745104279,2.5634801773639495,0.2870075003521313,0.11196010130543071,0.0267333984375,2.9309686518053804,0.5634016085721143,0.19222368967511044,0.050750732421875,2.320875273285566,0.597177197230784,0.25730688938978835,0.056915283203125,2.320484517015999,0.38765212799206594,0.16705654579870366,0.036956787109375,1.271115473011929,0.12994448157401806,0.10222869938488946,0.013763427734375,1305,10,1.8642578125,7.0703125,11.0625,6.998359283906641,1.1494934810325503,1.7541904929094017,0.36083984375,,,3.1789249502723447,0.3151521899114524,2.5634801773639495,0.2396782016175809,0.09349719328200315,0.0248870849609375,2.9309686518053804,0.5123095877023411,0.17479190280209078,0.051239013671875,2.320875273285566,0.5630296253561253,0.24259365931331062,0.059967041015625,2.320484517015999,0.34511131087253855,0.1487238153678054,0.0367431640625,1.271115473011929,0.10414913637267276,0.08193522821800735,0.01248931884765625,0.15311142318561902
3,train,sent,0.6434838771820068,69.625,69.6875,1.1611328125,2.859375,2.859375,1619,11,8.859375,11.734375,1.4434956130571663,8.753976119901093,1.9644312679301947,1.544921875,0.2452392578125,,,5.368336371668747,0.11818386997455896,10.086951803081298,3.82138251306346,0.378844133258982,2.5634801773639495,0.36640644207918704,0.14293320670650406,0.032073974609375,2.9309686518053804,0.7496605248416799,0.25577227664305235,0.0635986328125,2.320875273285566,0.649320832613391,0.279774118018059,0.05810546875,2.320484517015999,0.4789980682007009,0.20642157475657846,0.0428466796875,1.271115473011929,0.14528813786398231,0.11429971623248333,0.01434326171875,1376,10,1.8505859375,7.8125,11.484375,7.739181434554294,1.3259427128359675,1.7728653438389301,0.31982421875,,,3.5890898324095977,0.3558151067315723,2.5634801773639495,0.30935719158058994,0.12067859713224106,0.029815673828125,2.9309686518053804,0.6868033686761361,0.23432641227775938,0.06390380859375,2.320875273285566,0.6198507116167873,0.26707627021218183,0.061187744140625,2.320484517015999,0.42734223888525236,0.18416078010931455,0.04217529296875,1.271115473011929,0.11416250436375108,0.08981285082876157,0.01256561279296875,0.13465328569369794
4,train,sent,0.5678918957710266,73.5,73.625,1.2431640625,2.859375,2.859375,1479,11,8.8203125,11.7734375,1.835685916012153,8.708825532358626,2.003288741922006,1.568359375,0.2509765625,,,5.311391856927321,0.093923233069245,10.086951803081298,3.8212244776272026,0.37882846594547215,2.5634801773639495,0.3713097089377886,0.14484594506192353,0.032623291015625,2.9309686518053804,0.7624449062612868,0.2601341047409858,0.06488037109375,2.320875273285566,0.6586339297286461,0.28378687011312137,0.059112548828125,2.320484517015999,0.4801667773709202,0.2069252235254667,0.0430908203125,1.271115473011929,0.14426373222580224,0.1134938054714785,0.0142974853515625,1229,10,1.896484375,7.75390625,11.5234375,7.680412218444649,1.5487181330099702,1.7642139759846032,0.3271484375,,,3.5947819954558895,0.35637941626307545,2.5634801773639495,0.3158119364872407,0.12319655883276345,0.030609130859375,2.9309686518053804,0.7013058045190403,0.23927441328553925,0.06561279296875,2.320875273285566,0.6319682690081807,0.27229738550901517,0.062744140625,2.320484517015999,0.43193808998278005,0.1861413367835033,0.042877197265625,1.271115473011929,0.11423941600194798,0.08987335802879955,0.01265716552734375,0.09716012728553872
5,train,sent,0.5393421649932861,74.1875,74.5625,1.3564453125,2.794921875,2.794921875,1389,11,8.5859375,11.5859375,2.001618301961571,8.481932939106754,2.0596862421371043,1.5634765625,0.259033203125,,,5.146647638645538,0.10122865820010293,10.086951803081298,3.7582064899624914,0.3725809901078796,2.5634801773639495,0.35535592396690596,0.13862245829118203,0.0318603515625,2.9309686518053804,0.7532483020140788,0.2569963692890753,0.0654296875,2.320875273285566,0.6761093669085847,0.2913165453960156,0.061981201171875,2.320484517015999,0.46985313434402975,0.20248061596559677,0.0430908203125,1.271115473011929,0.13237990423070123,0.1041446721728789,0.01343536376953125,1113,10,1.8837890625,7.51171875,11.34375,7.441266473624876,1.6596958150621504,1.7656283848918974,0.337646484375,,,3.532141067432045,0.3501693213556417,2.5634801773639495,0.30016585551864505,0.11709310575879249,0.02978515625,2.9309686518053804,0.6926432519197077,0.2363188877823931,0.06634521484375,2.320875273285566,0.6498354184395447,0.2799958386042865,0.06610107421875,2.320484517015999,0.4230450035882267,0.1823089102668251,0.04302978515625,1.271115473011929,0.10513037977949402,0.08270718279464088,0.01197052001953125,0.10782330015213452
6,train,sent,0.515397846698761,75.4375,75.9375,1.4599609375,2.876953125,2.876953125,1420,11,8.7109375,11.84375,1.986563497921452,8.61358584443408,2.015995845897123,1.6201171875,0.264404296875,,,5.216099501771671,0.13502741907475135,10.086951803081298,3.8089700191639793,0.37761358371916076,2.5634801773639495,0.36096274252870586,0.14080964842875718,0.032012939453125,2.9309686518053804,0.7482600461530993,0.2552944555350995,0.06427001953125,2.320875273285566,0.6916980196265223,0.2980332582230127,0.06268310546875,2.320484517015999,0.4674362659162572,0.20143907985102683,0.0423583984375,1.271115473011929,0.13652332755503593,0.10740434716882304,0.01367950439453125,1130,10,1.94921875,7.59375,11.5859375,7.522936138030947,1.6570825090166181,1.7949479329399765,0.3447265625,,,3.5659864291739938,0.35352468206348314,2.5634801773639495,0.3037100231054577,0.11847566670781341,0.0299072265625,2.9309686518053804,0.688218711689009,0.23480930485731705,0.06536865234375,2.320875273285566,0.6639190055386361,0.2860640609086906,0.06695556640625,2.320484517015999,0.4183917320510693,0.1803036085709787,0.042205810546875,1.271115473011929,0.10547513230894445,0.08297840325947681,0.01190185546875,0.14720588994572786
7,train,sent,0.4926797151565552,76.6875,76.875,1.537109375,3.083984375,3.083984375,1296,11,8.9453125,12.4296875,1.6829476880375296,8.853500887713768,1.9550126129761338,1.798828125,0.2802734375,,,5.2164902250644705,0.09199758514795069,10.086951803081298,3.8645828261648667,0.3831269249233786,2.5634801773639495,0.36439129026220485,0.14214710668717237,0.03167724609375,2.9309686518053804,0.7424174890735387,0.25330106776005057,0.0625,2.320875273285566,0.7050906186318038,0.303803753156298,0.06256103515625,2.320484517015999,0.42799891603551465,0.1844437715041922,0.037994384765625,1.271115473011929,0.1322479598300088,0.10404087011595028,0.01294708251953125,911,10,2.24609375,7.69140625,12.15625,7.629741558041801,1.5630853960756212,1.8549645140301436,0.367431640625,,,3.5697182682246877,0.3538946490389924,2.5634801773639495,0.3041306180560506,0.1186397385638421,0.0296630859375,2.9309686518053804,0.6774382948757394,0.23113119768731052,0.06378173828125,2.320875273285566,0.6738126480519124,0.29032695371777734,0.06732177734375,2.320484517015999,0.37506906736951073,0.16163394524684294,0.0374755859375,1.271115473011929,0.09877987304957525,0.07771117191698936,0.01102447509765625,0.10557141375653668
8,train,sent,0.46977105736732483,78.1875,78.9375,1.71875,3.10546875,3.10546875,1121,11,8.9921875,12.4609375,1.3920483060646802,8.893777205365915,2.0002898829989135,1.865234375,0.27880859375,,,5.07857799916734,0.0971266398350311,10.086951803081298,3.853059333835777,0.3819845092011611,2.5634801773639495,0.3567008901621076,0.1391471224594787,0.0308685302734375,2.9309686518053804,0.7373491298078463,0.25157182399534145,0.061859130859375,2.320875273285566,0.6958294474898477,0.2998133745053826,0.0615234375,2.320484517015999,0.44798706466753657,0.19305755387828252,0.03961181640625,1.271115473011929,0.12750741040822788,0.10031142969733267,0.01242828369140625,725,10,2.353515625,7.7265625,12.1953125,7.67093663019491,1.3500710108783096,1.7875690490473062,0.3662109375,,,3.5496081234017316,0.35190096995580167,2.5634801773639495,0.29829432985066173,0.11636303353724411,0.02899169921875,2.9309686518053804,0.6728570426677765,0.22956814712205081,0.0631103515625,2.320875273285566,0.6615509898006451,0.2850437494058502,0.06585693359375,2.320484517015999,0.39843167076166264,0.17170193028222458,0.039642333984375,1.271115473011929,0.09622951709673089,0.07570477988810369,0.0106964111328125,0.11324429184367939
9,train,sent,0.4500062167644501,80.0,80.1875,1.91015625,3.099609375,3.099609375,1113,11,9.203125,12.4609375,1.3806245371233672,9.109594710713436,2.0869871750473976,1.8486328125,0.26171875,,,5.162457108940407,0.15630509520357622,10.086951803081298,3.89793628143042,0.3864335190180747,2.5634801773639495,0.3691336932757636,0.14399709291114832,0.0313720703125,2.9309686518053804,0.7526444338740337,0.25679033906092086,0.062042236328125,2.320875273285566,0.7051099856939373,0.30381209787966873,0.061187744140625,2.320484517015999,0.4553140188633549,0.19621506436460126,0.039520263671875,1.271115473011929,0.13383157870712203,0.10528671985245047,0.01277923583984375,687,10,2.318359375,8.0,12.1875,7.9361123035069445,1.2419143051374704,1.7911930489353836,0.34375,,,3.6013362817371286,0.3570291949483703,2.5634801773639495,0.30985668376504627,0.12087344638009831,0.029327392578125,2.9309686518053804,0.6890445160933707,0.2350910562175211,0.06304931640625,2.320875273285566,0.6741743485281066,0.2904828002987451,0.0653076171875,2.320484517015999,0.4045070382911531,0.17432007639995994,0.0391845703125,1.271115473011929,0.10046748230818547,0.0790388319875661,0.010833740234375,0.16801705063093492
10,train,sent,0.4185624420642853,81.75,81.75,2.0234375,3.140625,3.140625,1028,10,9.3046875,12.5859375,1.3201257900800556,9.216449692895143,2.2855127989314497,1.88671875,0.2607421875,,,5.142442097933225,0.1121304497323962,10.086951803081298,3.911503115761512,0.38777850753352966,2.5634801773639495,0.36446551697153495,0.14217606213219025,0.0307159423828125,2.9309686518053804,0.7511659377193105,0.2562858996313785,0.0614013671875,2.320875273285566,0.7168847233934486,0.3088855017954432,0.061676025390625,2.320484517015999,0.44429508503122506,0.1914665156234532,0.0382080078125,1.271115473011929,0.13225077899837423,0.10404308798555008,0.01250457763671875,610,10,2.369140625,8.0859375,12.3125,8.030009393035005,1.2307612108998,1.8306686540599912,0.343017578125,,,3.6101772598349857,0.3579056716353271,2.5634801773639495,0.3067849706604191,0.11967518741490286,0.0287933349609375,2.9309686518053804,0.6877909950574672,0.23466337472896906,0.062408447265625,2.320875273285566,0.6843427329096086,0.2948640716658647,0.06573486328125,2.320484517015999,0.3931002166786879,0.169404369559936,0.037750244140625,1.271115473011929,0.09896301000172514,0.0778552476961284,0.0105743408203125,0.12989326190466596
11,train,sent,0.41432082653045654,82.1875,82.4375,2.126953125,3.1015625,3.1015625,983,11,9.2578125,12.4609375,1.2455379168968648,9.169050809551825,1.91783249611035,1.87890625,0.2568359375,,,5.006887945426762,0.08175294817099245,10.086951803081298,3.8441880133348487,0.3811050244297341,2.5634801773639495,0.35083735322556286,0.13685978784760183,0.0296783447265625,2.9309686518053804,0.7345809925023055,0.2506273794671354,0.06024169921875,2.320875273285566,0.7127744514419057,0.30711450100153836,0.061553955078125,2.320484517015999,0.44052410248222706,0.18984143149927762,0.03802490234375,1.271115473011929,0.12810615107637346,0.10078246531986888,0.0121612548828125,564,10,2.353515625,8.0703125,12.1875,8.015109258665074,1.21318991901353,1.7758514741435647,0.337646484375,,,3.549459659558641,0.35188625155067904,2.5634801773639495,0.29327229832033286,0.11440396571426095,0.0275726318359375,2.9309686518053804,0.674504878132586,0.23013036243738505,0.061309814453125,2.320875273285566,0.6822611203406241,0.2939671632481894,0.065673828125,2.320484517015999,0.392581462553256,0.1691808153316583,0.03778076171875,1.271115473011929,0.09541458785675694,0.07506366642730775,0.01021575927734375,0.09120009038935874
12,train,sent,0.41340553760528564,82.125,82.375,2.1796875,3.111328125,3.111328125,891,11,9.203125,12.5078125,1.2715503589715809,9.119812885096039,1.9914476571138948,1.9111328125,0.26416015625,,,4.815167506219419,0.08600404032615867,10.086951803081298,3.7654753711053175,0.37330161228242054,2.5634801773639495,0.3368114640401334,0.13138836298179601,0.02862548828125,2.9309686518053804,0.7163442349165869,0.24440528713104537,0.05902099609375,2.320875273285566,0.6979227787334708,0.30071533217097474,0.060577392578125,2.320484517015999,0.4260515053669369,0.18360454562084866,0.0369873046875,1.271115473011929,0.11835898429997194,0.09311426602299033,0.01129913330078125,489,10,2.3984375,7.984375,12.234375,7.9287575746464904,1.1494244441855699,1.7607873550150543,0.347412109375,,,3.476679685982913,0.34467099217435326,2.5634801773639495,0.2821333156993324,0.11005870776401039,0.0267486572265625,2.9309686518053804,0.6578423730875977,0.22444538009043136,0.060272216796875,2.320875273285566,0.6699340695710401,0.2886557831359211,0.06500244140625,2.320484517015999,0.3799764706860076,0.1637487636308964,0.036865234375,1.271115473011929,0.08886911898817207,0.06991427677109086,0.00960540771484375,0.11386252774699734
13,train,sent,0.379044771194458,83.8125,84.0625,2.3125,3.150390625,3.150390625,908,11,9.359375,12.6171875,1.2976694609969854,9.277891169483253,2.047916949959472,1.8896484375,0.2578125,,,4.865341712517562,0.08198187443486994,10.086951803081298,3.81104546853288,0.3778193395718126,2.5634801773639495,0.3401502302949133,0.13269079796228148,0.028533935546875,2.9309686518053804,0.7223546213901972,0.24645593563249152,0.05877685546875,2.320875273285566,0.7073252060651871,0.304766574148492,0.060546875,2.320484517015999,0.42448077424608677,0.18292764771037692,0.036346435546875,1.271115473011929,0.12004861215972795,0.09444351414845954,0.01129150390625,489,10,2.38671875,8.1484375,12.3359375,8.092963216075697,1.342267903033644,1.8375386002007872,0.339599609375,,,3.5114335881330163,0.3481164237406553,2.5634801773639495,0.28421816661230626,0.11087199703044727,0.0265350341796875,2.9309686518053804,0.6631830953914246,0.2262675498023241,0.05987548828125,2.320875273285566,0.678253898856144,0.2922405640075471,0.0648193359375,2.320484517015999,0.37973370921403493,0.1636441469139166,0.036285400390625,1.271115473011929,0.08909732091187728,0.07009380564045822,0.00946044921875,0.1042707638593606
14,train,sent,0.37129902839660645,83.9375,84.125,2.310546875,3.1484375,3.1484375,819,10,9.234375,12.609375,1.541606878163293,9.153974868338718,2.0626598068047315,1.9208984375,0.267822265625,,,4.743090444439102,0.0803058288820892,10.086951803081298,3.748841251015497,0.3716525392607036,2.5634801773639495,0.33240410455523595,0.12966907545860182,0.0281829833984375,2.9309686518053804,0.7073581978742993,0.24133939386850484,0.05816650390625,2.320875273285566,0.6826430227360696,0.29413171426902246,0.05908203125,2.320484517015999,0.4175448086132807,0.17993863158812098,0.0361328125,1.271115473011929,0.11407288495090562,0.08974234628786953,0.0108642578125,405,9,2.435546875,7.98828125,12.3359375,7.936842204621744,1.2650689920410514,1.7997779711149633,0.352294921875,,,3.448750897714639,0.34190218859389576,2.5634801773639495,0.2789450865742298,0.10881499651815978,0.02642822265625,2.9309686518053804,0.6488164919143866,0.22136589264260367,0.059417724609375,2.320875273285566,0.6524506340006306,0.28112266157111643,0.06329345703125,2.320484517015999,0.37365540573151357,0.16102473556342084,0.0362548828125,1.271115473011929,0.08392341224285094,0.06602343691403034,0.009063720703125,0.0959648743300713
15,train,sent,0.36331707239151,84.75,85.0,2.3671875,3.181640625,3.181640625,790,11,9.3359375,12.7109375,1.3467612380627543,9.256719799098988,2.0243552839383483,1.9384765625,0.265625,,,4.821625139119353,0.14005555845414996,10.086951803081298,3.7984525688961828,0.37657090497209034,2.5634801773639495,0.3391986805710978,0.13231960346964686,0.0285186767578125,2.9309686518053804,0.7163396432394915,0.24440372052367393,0.05841064453125,2.320875273285566,0.6872529843055233,0.2961180172912127,0.0589599609375,2.320484517015999,0.4368395318916285,0.18825358613182105,0.0374755859375,1.271115473011929,0.11800921067774439,0.09283909541130801,0.01113128662109375,391,10,2.455078125,8.0859375,12.4296875,8.029869432819023,1.2638254561461508,1.854244221933186,0.349365234375,,,3.4996930295888085,0.3469524885129068,2.5634801773639495,0.28496265884712013,0.11116241949651036,0.026763916015625,2.9309686518053804,0.6597100211789417,0.22508259198629846,0.05987548828125,2.320875273285566,0.6589561870096583,0.28392572172859665,0.0633544921875,2.320484517015999,0.3932799709998811,0.16948183369291128,0.03778076171875,1.271115473011929,0.08780774474763398,0.06907928241922198,0.0093841552734375,0.15695171559003962
16,train,sent,0.3462091088294983,85.375,85.625,2.4453125,3.154296875,3.154296875,840,10,9.4296875,12.6328125,1.2575807229150087,9.342107062153973,2.0151790829841048,1.896484375,0.253662109375,,,4.893685657271067,0.10055279252354232,10.086951803081298,3.8199441260281635,0.37870153447756844,2.5634801773639495,0.3442150875694612,0.13427647719258776,0.0287017822265625,2.9309686518053804,0.7168367629601704,0.2445733298848565,0.058013916015625,2.320875273285566,0.6912909532070444,0.29785786473066805,0.058837890625,2.320484517015999,0.43148505155635775,0.18594610237314624,0.036712646484375,1.271115473011929,0.11947128862353473,0.09398932761037482,0.01116943359375,425,9,2.373046875,8.2265625,12.3515625,8.173228708457664,1.2613226340617985,1.785946223884821,0.333984375,,,3.529248883788009,0.34988259611887074,2.5634801773639495,0.2878600395550803,0.11229267231981856,0.02667236328125,2.9309686518053804,0.6598361538968103,0.22512562646835985,0.059112548828125,2.320875273285566,0.6609287259576346,0.28477563338506573,0.0626220703125,2.320484517015999,0.3863321332848617,0.16648770136232635,0.03662109375,1.271115473011929,0.08855824044515082,0.06966970533000484,0.0093231201171875,0.11412229065595095
17,train,sent,0.3333832919597626,86.125,86.625,2.470703125,3.16796875,3.16796875,864,10,9.3828125,12.65625,1.2753450209274888,9.293847459647354,1.9847237200010568,1.916015625,0.259033203125,,,4.9018357707338875,0.10084599402219727,10.086951803081298,3.829197212058121,0.37961886671138867,2.5634801773639495,0.346275180117134,0.135080108352237,0.02899169921875,2.9309686518053804,0.7217938685734016,0.24626461566854366,0.058624267578125,2.320875273285566,0.691717476958015,0.2980416418409161,0.059112548828125,2.320484517015999,0.43557917174531013,0.18771044088044092,0.0372314453125,1.271115473011929,0.12086675624442478,0.09508715676163473,0.01134490966796875,444,9,2.40234375,8.1640625,12.3828125,8.109693026520885,1.2769854927901179,1.9909563069231808,0.3408203125,,,3.5403800520850783,0.35098611763006393,2.5634801773639495,0.29247064327632355,0.11409124433997919,0.0272674560546875,2.9309686518053804,0.6658463021983465,0.22717619370927325,0.060028076171875,2.320875273285566,0.6620497269162628,0.28525864122763767,0.06317138671875,2.320484517015999,0.39223774708279,0.16903269304601254,0.03741455078125,1.271115473011929,0.09082038194850917,0.07144935600013488,0.0096282958984375,0.11180727107860393
18,train,sent,0.3323556184768677,86.3125,86.8125,2.4453125,3.189453125,3.189453125,852,11,9.4140625,12.71875,1.2871727459132671,9.33386666502838,2.2446063838433474,1.9306640625,0.259521484375,,,4.885301767643382,0.15619806476566533,10.086951803081298,3.8349631525428336,0.38019049038891545,2.5634801773639495,0.3451660774152323,0.13464745327977132,0.02880859375,2.9309686518053804,0.7136306492322966,0.2434794547504708,0.05780029296875,2.320875273285566,0.6941969449597831,0.29910997499535485,0.05914306640625,2.320484517015999,0.4390592214169722,0.18921014908626732,0.03741455078125,1.271115473011929,0.1182145907423493,0.09300067008250469,0.0110626220703125,412,10,2.447265625,8.1875,12.4375,8.13298961707179,1.272963218856603,1.9805613330099732,0.341796875,,,3.5388285664609356,0.35083230648330416,2.5634801773639495,0.28876388348291737,0.11264525703485484,0.02685546875,2.9309686518053804,0.6564187770299217,0.22395967170293318,0.059051513671875,2.320875273285566,0.6634044684342646,0.28584236131531127,0.0631103515625,2.320484517015999,0.3987976084014875,0.1718596290891511,0.0379638671875,1.271115473011929,0.08724863838482833,0.06863942752430764,0.00922393798828125,0.16103598668504088
19,train,sent,0.31585493683815,86.8125,87.0625,2.544921875,3.1640625,3.1640625,768,11,9.390625,12.65625,1.4981798890512437,9.310355258559882,2.081342419143766,1.9248046875,0.258056640625,,,4.807924454977886,0.11620908318444742,10.086951803081298,3.7955583250200196,0.37628397548807324,2.5634801773639495,0.33556501639559677,0.1309021303767839,0.0280609130859375,2.9309686518053804,0.7076926213730328,0.24145349386016715,0.05743408203125,2.320875273285566,0.6948286408846513,0.29938215503541965,0.059326171875,2.320484517015999,0.42535982392639404,0.18330646932020075,0.03631591796875,1.271115473011929,0.11518398036407262,0.09061645681264684,0.01080322265625,364,10,2.416015625,8.1796875,12.3828125,8.128083205863154,1.2568785538896918,1.7889093309640884,0.339599609375,,,3.503217875593121,0.34730193461645964,2.5634801773639495,0.2833826467335365,0.11054606516401524,0.0263824462890625,2.9309686518053804,0.6521829044081269,0.22251445917253454,0.0587158203125,2.320875273285566,0.6659726835649336,0.2869489331161445,0.06341552734375,2.320484517015999,0.383711269239182,0.16535825446170663,0.03656005859375,1.271115473011929,0.08490561224095217,0.06679614405115133,0.0089874267578125,0.1199602020715395
20,train,sent,0.2996363639831543,88.0625,88.3125,2.55859375,3.185546875,3.185546875,739,11,9.40625,12.7109375,1.2990603090729564,9.327388395763391,2.08701288793236,1.97265625,0.260498046875,,,4.786689876198599,0.09966200718260743,10.086951803081298,3.8005029066392577,0.37677417130894825,2.5634801773639495,0.3374655998091036,0.13164353787050642,0.0281982421875,2.9309686518053804,0.703187675920729,0.23991647794922286,0.0570068359375,2.320875273285566,0.6861967325270069,0.2956629080526102,0.05853271484375,2.320484517015999,0.43046959728762246,0.18550849795851257,0.036712646484375,1.271115473011929,0.11443320823019754,0.0900258164264543,0.01071929931640625,323,10,2.513671875,8.171875,12.4375,8.117206945831699,1.2665729448199272,1.8395406831987202,0.3427734375,,,3.499532001956144,0.3469365245590971,2.5634801773639495,0.28504751509589976,0.11119552146840346,0.02655029296875,2.9309686518053804,0.6480271745448007,0.22109659007974627,0.058380126953125,2.320875273285566,0.6586040119091132,0.28377397936458476,0.062744140625,2.320484517015999,0.38934076655915817,0.16778425527261287,0.037109375,1.271115473011929,0.08376119878010968,0.06589582186552741,0.00887298583984375,0.11668951295205694
21,train,sent,0.29976049065589905,88.25,88.375,2.546875,3.169921875,3.169921875,705,11,9.265625,12.671875,1.2729637420270592,9.192320620556602,2.19742488511838,1.9833984375,0.268310546875,,,4.662267509448669,0.12257756224960155,10.086951803081298,3.7407381121605354,0.370849210463942,2.5634801773639495,0.3285152896556802,0.12815206942364404,0.02777099609375,2.9309686518053804,0.7000324139774854,0.23883995263691696,0.057373046875,2.320875273285566,0.6781338108267203,0.2921888214469684,0.058502197265625,2.320484517015999,0.4291313147450513,0.18493177248038176,0.037017822265625,1.271115473011929,0.11020723221986728,0.08670119635844684,0.01045989990234375,326,10,2.521484375,8.015625,12.390625,7.9634334440985555,1.261912205023691,1.806499781087041,0.35302734375,,,3.4557747868383526,0.34259852275518005,2.5634801773639495,0.27910805275177974,0.10887856875834677,0.0263824462890625,2.9309686518053804,0.6489319462886867,0.2214052838432666,0.05926513671875,2.320875273285566,0.6513171363367913,0.28063426924909624,0.06298828125,2.320484517015999,0.39267155670457665,0.16921964090910127,0.037994384765625,1.271115473011929,0.08173424651368144,0.0643011970580539,0.00879669189453125,0.14268864456111505
22,train,sent,0.2886720299720764,88.8125,89.1875,2.529296875,3.189453125,3.189453125,692,11,9.2265625,12.7265625,1.5003827458713204,9.157583965266385,2.215639693196863,2.03515625,0.275146484375,,,4.578197003892627,0.08973013934971887,10.086951803081298,3.7156370974556996,0.36836074663514007,2.5634801773639495,0.3233172605571024,0.1261243458841849,0.0274200439453125,2.9309686518053804,0.6854770527550382,0.23387389432937364,0.056365966796875,2.320875273285566,0.6813205019145254,0.2935618771749024,0.058990478515625,2.320484517015999,0.44341001360598753,0.19108509897587495,0.03839111328125,1.271115473011929,0.10568981352694351,0.08314729524652058,0.01007080078125,283,10,2.57421875,7.94140625,12.453125,7.896911284334278,1.1692248987965286,1.8580802020151168,0.362060546875,,,3.435507300601609,0.3405892451624634,2.5634801773639495,0.27513451344064777,0.10732851218048861,0.02618408203125,2.9309686518053804,0.6363049099201143,0.21709713938024258,0.058502197265625,2.320875273285566,0.6575889754241668,0.283336628638921,0.0640869140625,2.320484517015999,0.4116730210067985,0.17740821711501217,0.04010009765625,1.271115473011929,0.07816096512554793,0.06149005875944869,0.00848388671875,0.10016042229219368
23,train,sent,0.29018568992614746,88.75,89.25,2.498046875,3.1953125,3.1953125,672,11,9.2421875,12.7421875,1.504340103128925,9.168339089457424,2.106606532121077,2.044921875,0.274658203125,,,4.577339059298866,0.10366310561939648,10.086951803081298,3.728750425835184,0.3696607754878088,2.5634801773639495,0.3242320477937497,0.1264811995258573,0.0274658203125,2.9309686518053804,0.6880398057083514,0.2347482649753151,0.0565185546875,2.320875273285566,0.68295953434286,0.2942680902347771,0.059051513671875,2.320484517015999,0.4428607707992427,0.190848405818598,0.038299560546875,1.271115473011929,0.10315127849981742,0.08115020286504639,0.0098114013671875,268,10,2.607421875,7.953125,12.4609375,7.902731443757568,1.177804531995207,1.772265047999099,0.361572265625,,,3.4416897815959118,0.34120216382362073,2.5634801773639495,0.2760294972007804,0.10767764059116856,0.0262451171875,2.9309686518053804,0.63617086074209,0.21705140392758196,0.058441162109375,2.320875273285566,0.66200070064383,0.2852375171831889,0.064453125,2.320484517015999,0.41412205150784853,0.17846361329761604,0.040313720703125,1.271115473011929,0.07489177104646849,0.05891814916626828,0.00811767578125,0.11731803346929986
24,train,sent,0.2673565745353699,90.0,90.0625,2.548828125,3.1875,3.1875,634,11,9.25,12.7265625,1.4858454340137541,9.175409633761197,2.0611033339519054,2.060546875,0.273193359375,,,4.573978154756664,0.1456796425673999,10.086951803081298,3.7384934404890053,0.37062667825447465,2.5634801773639495,0.3256023943221855,0.12701576442732843,0.0275726318359375,2.9309686518053804,0.6875117289368511,0.23456809355956995,0.05645751953125,2.320875273285566,0.6923950644009054,0.2983335952477578,0.059844970703125,2.320484517015999,0.4554816903861525,0.19628732148227132,0.03936767578125,1.271115473011929,0.10420313483538912,0.08197770938031151,0.0099029541015625,262,10,2.64453125,7.96484375,12.4453125,7.921085091285507,1.2123261711094528,1.763059247052297,0.35986328125,,,3.459043248740854,0.34292255145743905,2.5634801773639495,0.279550270730347,0.10905107564272688,0.02655029296875,2.9309686518053804,0.6361195185767725,0.2170338867953923,0.058380126953125,2.320875273285566,0.6735622463015378,0.29021906263321245,0.06549072265625,2.320484517015999,0.42914920935624945,0.18493948406434924,0.041717529296875,1.271115473011929,0.07540713123243581,0.05932358848072031,0.0081634521484375,0.15265298295978852
25,train,sent,0.2523617148399353,90.6875,91.0,2.560546875,3.189453125,3.189453125,643,11,9.328125,12.7421875,1.4489033720456064,9.251127729257945,2.044364588102326,2.099609375,0.267822265625,,,4.601429004961998,0.11438433557140554,10.086951803081298,3.7680675925572995,0.3735585998741715,2.5634801773639495,0.3248712469143449,0.12673054770738,0.0273284912109375,2.9309686518053804,0.6865302270594746,0.2342332206919356,0.055999755859375,2.320875273285566,0.6988384073848746,0.3011098508518979,0.05999755859375,2.320484517015999,0.46715669751436195,0.20131860139066857,0.04010009765625,1.271115473011929,0.10557122582909528,0.08305400104912776,0.0099639892578125,260,10,2.6640625,8.0546875,12.4609375,8.01235913228358,1.1615490729454905,1.7629721639677882,0.353271484375,,,3.497764514241121,0.3467612994019309,2.5634801773639495,0.2782361191658742,0.10853843209819043,0.0261993408203125,2.9309686518053804,0.636515332286967,0.21716893215316188,0.05792236328125,2.320875273285566,0.6815379717280665,0.29365557881240284,0.065673828125,2.320484517015999,0.44432816791194796,0.19148077250837545,0.042816162109375,1.271115473011929,0.07699440420304349,0.060572312931258705,0.0082550048828125,0.1280650849520561
26,train,sent,0.24871419370174408,90.875,91.375,2.501953125,3.18359375,3.18359375,642,11,9.296875,12.71875,1.3413530900143087,9.22339562680007,2.023327387170866,2.095703125,0.26904296875,,,4.655535618974478,0.1308463907906196,10.086951803081298,3.80233939340361,0.3769562368923083,2.5634801773639495,0.3295735276648415,0.12856488244966457,0.0277862548828125,2.9309686518053804,0.689190814881723,0.23514097104286805,0.056365966796875,2.320875273285566,0.7162819528991236,0.3086257849113594,0.0616455078125,2.320484517015999,0.48786969465227514,0.21024475322922892,0.0419921875,1.271115473011929,0.10569871037233902,0.0831542944889847,0.01000213623046875,273,10,2.703125,8.0234375,12.4375,7.974511776571162,1.1818502889946103,1.7612583758309484,0.355224609375,,,3.5396264155270867,0.35091140362600165,2.5634801773639495,0.2836752740536532,0.11066021752715839,0.0268096923828125,2.9309686518053804,0.6374466011543944,0.21748666631481994,0.058197021484375,2.320875273285566,0.7009127851234496,0.30200364198425733,0.0677490234375,2.320484517015999,0.4678440051699857,0.20161479283283668,0.045257568359375,1.271115473011929,0.07799600688749209,0.061360284367146654,0.008392333984375,0.14936279487980197
27,train,sent,0.2467166632413864,91.125,91.5625,2.48828125,3.169921875,3.169921875,599,11,9.2265625,12.6953125,1.3283259780146182,9.162378837912952,2.0289057358168066,2.1171875,0.27294921875,,,4.588544447933686,0.13383891863634237,10.086951803081298,3.7791746820877847,0.37465973426514704,2.5634801773639495,0.32476029119980865,0.12668726447253542,0.0275421142578125,2.9309686518053804,0.6879541459153593,0.2347190392130609,0.05657958984375,2.320875273285566,0.7141563159805688,0.30770990763737494,0.06182861328125,2.320484517015999,0.4943212602713505,0.2130250198381058,0.04278564453125,1.271115473011929,0.10432420228206496,0.08207295442236028,0.0099334716796875,253,10,2.71875,7.9453125,12.421875,7.904705626298238,1.1564883759710938,1.803565721027553,0.360107421875,,,3.5186361908895005,0.34883047521002825,2.5634801773639495,0.2777944756148054,0.1083661492949261,0.02642822265625,2.9309686518053804,0.6362535919067307,0.21707963048830953,0.058502197265625,2.320875273285566,0.6983108964546654,0.3008825612011867,0.0679931640625,2.320484517015999,0.4758229069987827,0.20505325655465345,0.046356201171875,1.271115473011929,0.07694457160037871,0.060533109095161346,0.0083465576171875,0.14847561491971062
28,train,sent,0.2293669432401657,91.625,92.1875,2.521484375,3.185546875,3.185546875,617,11,9.3515625,12.734375,1.3224461050704122,9.280299459542821,1.9742861341219395,2.123046875,0.26611328125,,,4.631859576751335,0.16358165108787326,10.086951803081298,3.807120062071988,0.37743018271476353,2.5634801773639495,0.3275098870259061,0.12775986719846127,0.027496337890625,2.9309686518053804,0.6910627495052726,0.23577964543551178,0.0562744140625,2.320875273285566,0.7153609481976417,0.3082289498413825,0.061309814453125,2.320484517015999,0.4910197109902441,0.21160223539076461,0.042083740234375,1.271115473011929,0.10269189368833231,0.0807887999703144,0.00966644287109375,243,10,2.75390625,8.078125,12.4609375,8.03640995866848,1.2616265860851854,1.7626489410176873,0.351318359375,,,3.543100900927733,0.3512558570811659,2.5634801773639495,0.27996394000363356,0.10921244582882754,0.02630615234375,2.9309686518053804,0.6377739881973454,0.21759836557941267,0.05792236328125,2.320875273285566,0.6993521391063888,0.30133120342841396,0.0672607421875,2.320484517015999,0.47333072323246483,0.20397926371046818,0.045501708984375,1.271115473011929,0.0761441575683861,0.05990341490215777,0.00814056396484375,0.1822258513854917
29,train,sent,0.22983796894550323,91.4375,92.0625,2.505859375,3.224609375,3.224609375,599,11,9.3515625,12.8515625,1.300826451042667,9.281865390571594,1.9593746741302311,2.150390625,0.27197265625,,,4.5913370821106945,0.11447758270753625,10.086951803081298,3.7993712706131983,0.37666198320215927,2.5634801773639495,0.321954388791891,0.12559269684814167,0.027008056640625,2.9309686518053804,0.6810208191408549,0.2323534981247133,0.055450439453125,2.320875273285566,0.7088756920862203,0.30543463504727447,0.06072998046875,2.320484517015999,0.4945071351911121,0.21310512160926548,0.0423583984375,1.271115473011929,0.09994716783828395,0.07862949508549172,0.00940704345703125,237,10,2.78515625,8.046875,12.5625,8.0000177808328,1.2089006998576224,1.7624170479830354,0.359619140625,,,3.5300597408492997,0.34996298284789656,2.5634801773639495,0.2761142171886588,0.10771068940840792,0.0260162353515625,2.9309686518053804,0.6304356031785421,0.21509462504493676,0.05743408203125,2.320875273285566,0.6941509135698345,0.29909014136169154,0.06695556640625,2.320484517015999,0.47558763200605014,0.20495186609459767,0.045867919921875,1.271115473011929,0.07279601452207096,0.057269395320615216,0.0078125,0.13611280039769041
30,train,sent,0.2143421173095703,92.5625,92.875,2.525390625,3.208984375,3.208984375,582,11,9.359375,12.796875,1.2864204228390008,9.295917601900712,2.0289305089972913,2.142578125,0.268798828125,,,4.564580707593118,0.1290439226119305,10.086951803081298,3.796462927356501,0.3763736559340733,2.5634801773639495,0.3181734521284696,0.12411777354005145,0.0266876220703125,2.9309686518053804,0.675266355520515,0.2303901664402221,0.054962158203125,2.320875273285566,0.710586881891528,0.30617193869517156,0.06085205078125,2.320484517015999,0.4985538969347534,0.21484905125583997,0.042694091796875,1.271115473011929,0.09960872666723652,0.0783632398331302,0.009368896484375,238,10,2.76953125,8.0703125,12.515625,8.025542690237138,1.2105719519313425,1.8723775099497288,0.355224609375,,,3.524746686474849,0.3494362573833387,2.5634801773639495,0.2743868215686076,0.10703684155294,0.0258026123046875,2.9309686518053804,0.623028986461124,0.21256760493748666,0.056640625,2.320875273285566,0.6977172572368611,0.3006267787278081,0.067138671875,2.320484517015999,0.4799549588037628,0.20683394148259845,0.04620361328125,1.271115473011929,0.07152217954195983,0.05626725585558868,0.007656097412109375,0.1436090371625695
31,train,sent,0.21302896738052368,92.5,93.125,2.552734375,3.216796875,3.216796875,593,11,9.3671875,12.8359375,1.1266777392011136,9.29383898096426,1.8162060459144413,2.134765625,0.270263671875,,,4.509155383750901,0.09841654046537839,10.086951803081298,3.7844442408902914,0.375182147666676,2.5634801773639495,0.31753659966610037,0.12386934077743726,0.0266265869140625,2.9309686518053804,0.6750568715468415,0.23031869383216658,0.054901123046875,2.320875273285566,0.7071005273704074,0.3046697664064449,0.060516357421875,2.320484517015999,0.49544080713876326,0.21350748238383846,0.042388916015625,1.271115473011929,0.09757182376047346,0.07676078675155722,0.0091705322265625,234,10,2.771484375,8.0703125,12.5546875,8.031835598388021,1.211657393956557,1.7854762028437108,0.35693359375,,,3.5155520338519075,0.3485247181193033,2.5634801773639495,0.27207901406201973,0.10613657810367823,0.0255889892578125,2.9309686518053804,0.6299769690118708,0.2149381463441534,0.0572509765625,2.320875273285566,0.6959693531679223,0.29987365593441284,0.06695556640625,2.320484517015999,0.47655646762797943,0.2053693804605953,0.045867919921875,1.271115473011929,0.07064506867348008,0.05557722344932631,0.00756072998046875,0.11582926262292759
32,train,sent,0.2023821771144867,93.0625,93.5625,2.537109375,3.185546875,3.185546875,580,11,9.2890625,12.75,1.1120271470863372,9.223459129997972,1.832196222152561,2.130859375,0.27099609375,,,4.485860745737073,0.10120877271577375,10.086951803081298,3.770573109561811,0.3738069917623677,2.5634801773639495,0.316531961376052,0.12347743671712132,0.026702880859375,2.9309686518053804,0.6759508063655009,0.2306236902087429,0.0552978515625,2.320875273285566,0.7089758296325552,0.30547778150477156,0.06103515625,2.320484517015999,0.4976032674336004,0.2144393827171438,0.0428466796875,1.271115473011929,0.09653018798115198,0.07594132085609981,0.0091400146484375,223,10,2.74609375,8.0078125,12.46875,7.967075443911176,1.1681927510071546,1.778356292983517,0.35791015625,,,3.5105276540240125,0.348026611265421,2.5634801773639495,0.2719833029783141,0.10609924171834129,0.0257415771484375,2.9309686518053804,0.6285399951875341,0.21444787367492796,0.057464599609375,2.320875273285566,0.6971185018289034,0.30036879183172216,0.0675048828125,2.320484517015999,0.4792710366629285,0.20653920900935022,0.046417236328125,1.271115473011929,0.07054499748847842,0.05549849638862541,0.00760650634765625,0.1298910711905766
33,train,sent,0.1934860795736313,93.625,94.0,2.513671875,3.162109375,3.162109375,565,11,9.2578125,12.6796875,1.0992742090020329,9.192884532889785,1.8147546770051122,2.130859375,0.27001953125,,,4.416817742886575,0.1177017797984744,10.086951803081298,3.7429127830889524,0.37106480294131977,2.5634801773639495,0.31022443843939485,0.1210169055250513,0.0262451171875,2.9309686518053804,0.668925771981753,0.22822685993919337,0.05487060546875,2.320875273285566,0.7140338022213957,0.30765711989794603,0.061676025390625,2.320484517015999,0.4913343126424312,0.2117378112370502,0.042449951171875,1.271115473011929,0.09319816158379979,0.07331998041292442,0.00885009765625,221,10,2.736328125,7.9765625,12.40625,7.9405765520773155,1.322834657970816,1.7794808761682361,0.35693359375,,,3.4909190679353275,0.34608265570069874,2.5634801773639495,0.2686691920669002,0.10480642465633389,0.025482177734375,2.9309686518053804,0.6195828090672748,0.21139182388922248,0.056793212890625,2.320875273285566,0.7019498610298092,0.30245048887788273,0.06817626953125,2.320484517015999,0.4749704740576064,0.20468590528170788,0.046112060546875,1.271115473011929,0.06771916199891681,0.053275381691684665,0.007320404052734375,0.13745083732148244
34,train,sent,0.1843179315328598,94.1875,94.5,2.52734375,3.228515625,3.228515625,587,11,9.3671875,12.8671875,1.246214180951938,9.30094735691798,1.9518773818854243,2.158203125,0.272216796875,,,4.477450797275967,0.10409561381880078,10.086951803081298,3.795959545070973,0.37632375163242154,2.5634801773639495,0.3158024414131102,0.12319285485478292,0.0264739990234375,2.9309686518053804,0.6695952484805474,0.22845527469838298,0.054443359375,2.320875273285566,0.7291555072116296,0.3141726380579662,0.0623779296875,2.320484517015999,0.4977349150294348,0.21449611552224077,0.0426025390625,1.271115473011929,0.09452242363493468,0.07436179138860001,0.00888824462890625,233,10,2.794921875,8.046875,12.5859375,8.010396725947842,1.2290458381175995,1.8324867279734462,0.3603515625,,,3.536877575122375,0.35063888914805286,2.5634801773639495,0.27342584436762873,0.10666196945154266,0.0257568359375,2.9309686518053804,0.6239491909361483,0.21288156410400913,0.05682373046875,2.320875273285566,0.7191637682445036,0.30986747824083344,0.0693359375,2.320484517015999,0.48165535026020656,0.2075667157993305,0.04644775390625,1.271115473011929,0.06790832540599823,0.05342419854672081,0.00728607177734375,0.10913080128045809
35,train,sent,0.18878912925720215,93.8125,94.375,2.53125,3.228515625,3.228515625,572,11,9.2578125,12.859375,1.241108720889315,9.19529737387728,1.9685848099179566,2.169921875,0.280029296875,,,4.438018692225254,0.1092298852180388,10.086951803081298,3.7804814716148893,0.37478928673576606,2.5634801773639495,0.3148592846101188,0.12282493439597865,0.0266265869140625,2.9309686518053804,0.6688349248462266,0.2281958643379711,0.05487060546875,2.320875273285566,0.7207329169013672,0.3105435803454684,0.062225341796875,2.320484517015999,0.5021628199552932,0.2164042967203435,0.043365478515625,1.271115473011929,0.09455976847563008,0.07439117097014732,0.00897979736328125,234,10,2.8046875,7.9140625,12.578125,7.868916691038438,1.3293966169003397,2.3417689208872616,0.370849609375,,,3.527647907132131,0.34972387853132475,2.5634801773639495,0.27363420821191653,0.10674325108037197,0.026123046875,2.9309686518053804,0.623098870761436,0.21259144835193908,0.057464599609375,2.320875273285566,0.7123654822210517,0.3069382876454992,0.069580078125,2.320484517015999,0.4869734114713662,0.20985850493740169,0.047576904296875,1.271115473011929,0.06811534825723253,0.05358706561555112,0.007415771484375,0.12071594924053045
36,train,sent,0.17820870876312256,94.25,94.625,2.580078125,3.216796875,3.216796875,574,11,9.3046875,12.828125,1.1996634101960808,9.246203863762773,2.0603495079558343,2.1640625,0.2744140625,,,4.4264186772738885,0.11176690396775261,10.086951803081298,3.7781076941149614,0.3745539552355994,2.5634801773639495,0.3155612217953152,0.1230987563632381,0.026580810546875,2.9309686518053804,0.6720604230401257,0.2292963531446024,0.054901123046875,2.320875273285566,0.7182704792839907,0.30948258510556026,0.061767578125,2.320484517015999,0.49366710984168627,0.21274311731952944,0.042449951171875,1.271115473011929,0.0935280649508794,0.07357951888451418,0.00884246826171875,234,10,2.779296875,7.984375,12.546875,7.946442484487103,1.1782099769916385,1.8425704590044916,0.363525390625,,,3.526784908439696,0.3496383225864484,2.5634801773639495,0.27372869805731526,0.10678011106713257,0.0259552001953125,2.9309686518053804,0.6240172330561142,0.21290477899575627,0.057159423828125,2.320875273285566,0.7104470582365758,0.3061116926076021,0.0689697265625,2.320484517015999,0.4766736964588114,0.20541989957846588,0.0462646484375,1.271115473011929,0.06758707069695635,0.053171464065973235,0.00730133056640625,0.1309807546450585
37,train,sent,0.16919904947280884,94.4375,95.0,2.580078125,3.220703125,3.220703125,635,11,9.3828125,12.84375,1.2017087270505726,9.314939397711237,1.976010476006195,2.1328125,0.269775390625,,,4.504608645661593,0.10636707330831383,10.086951803081298,3.813953295101811,0.37810761561651846,2.5634801773639495,0.3168737962154573,0.12361078467214892,0.0265350341796875,2.9309686518053804,0.6753818210642528,0.23042956145172,0.05487060546875,2.320875273285566,0.7245153372671265,0.31217331909502416,0.061920166015625,2.320484517015999,0.5003303449468923,0.21561460172562863,0.042755126953125,1.271115473011929,0.09451979544195943,0.07435972376136153,0.00887298583984375,260,10,2.75,8.0703125,12.5625,8.033777014712037,1.420739782974124,1.79764618515037,0.357666015625,,,3.5594935959943292,0.35288099571438397,2.5634801773639495,0.27529767275805117,0.10739215976350647,0.0258941650390625,2.9309686518053804,0.6269204448399428,0.21389530879280486,0.0570068359375,2.320875273285566,0.7163477972410126,0.3086541553897935,0.0689697265625,2.320484517015999,0.48272788184103277,0.20802891736670207,0.04644775390625,1.271115473011929,0.06918706288550247,0.05443019485992299,0.00740814208984375,0.12449467399188066
38,train,sent,0.1663852334022522,95.0625,95.3125,2.55859375,3.203125,3.203125,571,11,9.3203125,12.796875,1.2396602968219668,9.253364187511872,1.9710504428949207,2.138671875,0.27197265625,,,4.4892811817304175,0.11783319167698678,10.086951803081298,3.8096269307809063,0.3776787086082007,2.5634801773639495,0.3187406280540124,0.12433902585577093,0.026824951171875,2.9309686518053804,0.6759740880181067,0.2306316335392154,0.05517578125,2.320875273285566,0.7219854196006938,0.31108324859638375,0.062042236328125,2.320484517015999,0.5024491709256118,0.21652769809114292,0.043182373046875,1.271115473011929,0.09450622686008714,0.07434904921435115,0.0089263916015625,214,10,2.765625,8.0078125,12.515625,7.965744641758816,1.431633675005287,1.8253546811174601,0.360595703125,,,3.5588881876053717,0.35282097675119506,2.5634801773639495,0.27663439933302403,0.10791360969972069,0.0261688232421875,2.9309686518053804,0.6269839197129228,0.21391696541234628,0.057342529296875,2.320875273285566,0.7128266706064803,0.30713700077357514,0.06903076171875,2.320484517015999,0.48758778222585963,0.21012326462443615,0.047210693359375,1.271115473011929,0.06989997256115821,0.05499104844938208,0.007534027099609375,0.12782188603321998
39,train,sent,0.16545461118221283,94.6875,95.3125,2.599609375,3.216796875,3.216796875,564,11,9.3125,12.828125,1.2080046718474478,9.249523082716793,2.16316842706874,2.169921875,0.274169921875,,,4.442891085141635,0.11265335247201616,10.086951803081298,3.798309988157877,0.37655676980607694,2.5634801773639495,0.313679001612412,0.12236451226822867,0.0264129638671875,2.9309686518053804,0.6589488049213994,0.22482287707700613,0.0538330078125,2.320875273285566,0.7197581105005995,0.31012356363367516,0.0618896484375,2.320484517015999,0.49378878989716135,0.2127955546681016,0.042449951171875,1.271115473011929,0.09207159924143049,0.0724337018911943,0.00870513916015625,207,10,2.810546875,7.984375,12.546875,7.948604535605055,1.2410807819105685,1.7649941481649876,0.36328125,,,3.5436572702692883,0.35131101441238116,2.5634801773639495,0.271794183113359,0.10602546706362578,0.0257568359375,2.9309686518053804,0.6144750746636687,0.20964914595219988,0.0562744140625,2.320875273285566,0.711020780233163,0.30635889330950583,0.0689697265625,2.320484517015999,0.4763357272634998,0.2052742536183945,0.04620361328125,1.271115473011929,0.06659588302450725,0.0523916862302897,0.00719451904296875,0.13584854078609693
40,train,sent,0.1548110395669937,95.3125,95.8125,2.55078125,3.22265625,3.22265625,566,11,9.296875,12.8515625,1.2230015059467405,9.234631795792604,1.9706633379682899,2.166015625,0.276611328125,,,4.376768990552619,0.11619660381896695,10.086951803081298,3.7766201174615954,0.37440647989494086,2.5634801773639495,0.30915772942885233,0.12060078800638985,0.0260772705078125,2.9309686518053804,0.6558272608229139,0.22375785575835,0.05364990234375,2.320875273285566,0.7172644062673275,0.3090490964867432,0.061737060546875,2.320484517015999,0.4987197781207726,0.21492053683775306,0.042938232421875,1.271115473011929,0.08885015033370358,0.06989935392979812,0.0084075927734375,210,10,2.787109375,7.9609375,12.5703125,7.9269416936088914,1.1616104708518833,1.7603027750737965,0.366455078125,,,3.524563696972093,0.34941811617414803,2.5634801773639495,0.2691473348700848,0.1049929456239648,0.02557373046875,2.9309686518053804,0.6085808219635407,0.20763812045163804,0.055877685546875,2.320875273285566,0.7128378699995954,0.30714182627766146,0.0693359375,2.320484517015999,0.48256868167084477,0.20796031093170084,0.04693603515625,1.271115473011929,0.06428608412675985,0.05057454298344187,0.00696563720703125,0.13132628404778876
1,test,,0.8900787234306335,57.40625,57.875,0.9423828125,2.857421875,2.857421875,90,11,7.51953125,11.6328125,0.04297238402068615,7.314380000035266,0.5207553799264133,1.6806640625,0.353759765625,3.30078125,3.03515625,4.422466863339518,0.14305151199323385,7.202607572261545,2.7623645675887296,0.383522847784608,2.419828105593133,0.5134601674373487,0.21218869482941743,0.051666259765625,2.3575277779491848,0.6691741168047702,0.2838456976260468,0.0677490234375,2.3121179069417717,0.6702040724621812,0.2898658716538627,0.06817626953125,2.296947563168559,0.49989908262774474,0.21763626242218231,0.050933837890625,1.1218442445355195,0.16420932018216927,0.14637443743374318,0.019012451171875,77,10,2.142578125,6.1875,11.375,6.031980669672247,0.048987295012921095,0.34399884403683245,0.456298828125,3.34375,2.8671875,3.0602761058781116,0.4248844706830552,2.419828105593133,0.6351693102349589,0.26248530164884176,0.07379150390625,2.3575277779491848,0.7822655747372842,0.3318160583532032,0.091552734375,2.3121179069417717,0.7754318590732172,0.3353772992048133,0.09124755859375,2.296947563168559,0.6190702477826227,0.26951866803987323,0.072998046875,1.1218442445355195,0.22715644263830814,0.2024848313344589,0.0310821533203125,0.14710330645983666
2,test,,0.7169944643974304,64.375,65.25,1.0791015625,2.982421875,2.982421875,111,11,8.7109375,12.0859375,0.043991127982735634,8.366315331046506,0.5788502062205225,1.5048828125,0.279296875,2.681640625,2.68359375,5.613389429492688,0.15113891704138985,7.202607572261545,3.460261980502759,0.4804179522189728,2.419828105593133,0.8692639334564589,0.359225488557333,0.078125,2.3575277779491848,1.0604869624793718,0.4498301027027093,0.0958251953125,2.3121179069417717,0.8585378789612426,0.37132097648810086,0.077880859375,2.296947563168559,0.6456561314312417,0.28109310886513295,0.05865478515625,1.1218442445355195,0.2583800494006301,0.23031722153872436,0.0262908935546875,91,10,1.8837890625,7.5078125,11.8203125,7.261609364415888,0.052044993033632636,0.3544684711378068,0.36474609375,2.46484375,2.421875,3.681746188379427,0.511168511048478,2.419828105593133,0.9815857711418152,0.4056427681259678,0.098876953125,2.3575277779491848,1.1645370907108497,0.4939653740682035,0.1180419921875,2.3121179069417717,0.9385328551169501,0.4059191152402532,0.0955810546875,2.296947563168559,0.7566680630044278,0.32942330732210123,0.0771484375,1.1218442445355195,0.3106826095625923,0.27693916608827024,0.035980224609375,0.16878657359541818
3,test,,0.6947798132896423,68.5,69.0,1.193359375,3.0703125,3.0703125,112,11,8.875,12.3515625,0.048008695943281054,8.52494736427137,0.36832486698403955,1.564453125,0.281494140625,2.638671875,2.587890625,5.852919047973738,0.1539605503077699,7.202607572261545,3.583035760440195,0.4974636927658074,2.419828105593133,0.9139962444982999,0.37771122766353143,0.0809326171875,2.3575277779491848,1.1236057074709347,0.4766033800239504,0.10003662109375,2.3121179069417717,0.9055088019530197,0.391636083624616,0.0809326171875,2.296947563168559,0.7054935179383293,0.3071439371324287,0.0631103515625,1.1218442445355195,0.2637223966103459,0.23507933288861832,0.0263671875,90,10,1.8662109375,7.640625,12.0859375,7.376717577436972,0.047728578094393015,0.3346100728958845,0.367919921875,2.38671875,2.3046875,3.7925707018537897,0.5265552320883923,2.419828105593133,1.0244440180135772,0.4233540455397231,0.101806640625,2.3575277779491848,1.220983109386312,0.5179082600029621,0.12213134765625,2.3121179069417717,0.9813897304786074,0.4244548807533295,0.0986328125,2.296947563168559,0.8177781220318439,0.3560282068014419,0.082275390625,1.1218442445355195,0.30946707159142406,0.27585564849918504,0.035308837890625,0.17613600452185735
4,test,,0.5542463064193726,74.5625,76.375,1.3193359375,2.990234375,2.990234375,112,11,8.6015625,12.2265625,0.05842106812633574,8.28812709243888,0.36669193813577294,1.52734375,0.29638671875,2.607421875,2.5703125,5.539128119312014,0.15894601387513654,7.202607572261545,3.487669841923129,0.48422322151143327,2.419828105593133,0.8990132146157936,0.37151945319497526,0.08154296875,2.3575277779491848,1.108858021554349,0.47034780753206884,0.1011962890625,2.3121179069417717,0.8994485161382704,0.3890149864061072,0.0823974609375,2.296947563168559,0.6435856877674571,0.28019171969239604,0.059051513671875,1.1218442445355195,0.2562319053664197,0.228402388847222,0.0263519287109375,90,10,1.9208984375,7.3359375,11.9609375,7.105562284154782,0.05772319505922496,0.3308259800542146,0.386474609375,2.341796875,2.28125,3.6792462274927047,0.51082141996214,2.419828105593133,1.0000210775177818,0.4132612044658696,0.10247802734375,2.3575277779491848,1.1995008651207995,0.508796068636038,0.12371826171875,2.3121179069417717,0.9787564812381246,0.42331599020082916,0.1014404296875,2.296947563168559,0.7327501840225592,0.31901041006428366,0.0760498046875,1.1218442445355195,0.3023733658917047,0.2695323948619064,0.035736083984375,0.19453364838883644
5,test,,0.6096963882446289,70.8125,70.375,1.3935546875,3.0546875,3.0546875,115,11,8.6328125,12.40625,0.05937766493298113,8.331719022397207,0.37546386616304517,1.6435546875,0.303955078125,2.626953125,2.583984375,5.4331324083776895,0.16794703375563622,7.202607572261545,3.4723167694024006,0.4820916223139627,2.419828105593133,0.8570401324706118,0.3541739723121943,0.0775146484375,2.3575277779491848,1.0556194865272879,0.4477654500620867,0.0960693359375,2.3121179069417717,0.8693699085647753,0.37600587148026854,0.07940673828125,2.296947563168559,0.6487477579390806,0.282439080604938,0.059356689453125,1.1218442445355195,0.24319896689683773,0.2167849664349173,0.024932861328125,94,10,2.009765625,7.328125,12.1328125,7.118666002772688,0.06012317701242864,0.35087027796544135,0.396240234375,2.365234375,2.294921875,3.659475462347353,0.5080764744758008,2.419828105593133,0.9637986682249737,0.39829220348225247,0.098876953125,2.3575277779491848,1.142054095911,0.4844286911878823,0.117919921875,2.3121179069417717,0.9343365009678557,0.40410417572679,0.096923828125,2.296947563168559,0.7428174055055026,0.3233932795926834,0.0771484375,1.1218442445355195,0.2818426772204363,0.25123155785064305,0.033355712890625,0.19106149450840892
6,test,,0.5840505361557007,75.4375,75.0,1.427734375,3.189453125,3.189453125,112,11,8.921875,12.6640625,0.06372959306463599,8.61639708107474,0.4114995440468192,1.689453125,0.295166015625,2.681640625,2.677734375,5.873802960572919,0.15996471186721295,7.202607572261545,3.661074772833812,0.508298520515435,2.419828105593133,0.9216543979824277,0.3808759786912705,0.08123779296875,2.3575277779491848,1.1112597532668875,0.47136655765455,0.0985107421875,2.3121179069417717,0.9473498397120936,0.4097324954180858,0.08428955078125,2.296947563168559,0.7146385849475365,0.3111253371242474,0.06365966796875,1.1218442445355195,0.2659289554361379,0.2370462359025974,0.0264739990234375,90,10,2.041015625,7.5859375,12.3828125,7.375561737322747,0.058950269129127264,0.3335222159512341,0.387451171875,2.419921875,2.408203125,3.859374098110666,0.5358301225480846,2.419828105593133,1.0317220896287953,0.426361726787162,0.10308837890625,2.3575277779491848,1.2000421318605596,0.509025659457755,0.12066650390625,2.3121179069417717,1.016896226273194,0.43981157847535474,0.10272216796875,2.296947563168559,0.8234658502817984,0.35850441842296826,0.08331298828125,1.1218442445355195,0.3089353557769501,0.2753816826905945,0.03546142578125,0.18865071932455899
7,test,,0.657371461391449,71.75,72.6875,1.6142578125,3.185546875,3.185546875,107,11,8.7734375,12.671875,0.0585086599458009,8.48554562461224,0.6345729569438845,1.6806640625,0.307861328125,2.634765625,2.69921875,5.602325776900534,0.16422963637412605,7.202607572261545,3.543817602232977,0.4920186983226485,2.419828105593133,0.89114693703082,0.36826869436347326,0.07958984375,2.3575277779491848,1.076464539935568,0.45660736217156483,0.09674072265625,2.3121179069417717,0.9166001650979139,0.39643314138347596,0.08270263671875,2.296947563168559,0.6233206577267367,0.271369128195024,0.056304931640625,1.1218442445355195,0.24440288240134755,0.21785812388112613,0.0247039794921875,88,10,2.091796875,7.3828125,12.390625,7.17465750567558,0.0575160279404372,0.3289264689665288,0.404296875,2.359375,2.439453125,3.727029811435128,0.5174556261802389,2.419828105593133,0.9956955530724958,0.4114736707004389,0.1015625,2.3575277779491848,1.169004939822882,0.49586051573050827,0.1199951171875,2.3121179069417717,0.9836832845021801,0.4254468518014696,0.1014404296875,2.296947563168559,0.7205380328051536,0.31369372307794285,0.074462890625,1.1218442445355195,0.2807135710114137,0.2502250846129165,0.03302001953125,0.18698016803085835
8,test,,0.6234261393547058,71.3125,70.8125,1.7353515625,3.2734375,3.2734375,121,11,8.9609375,12.9296875,0.04647490195930004,8.697430645096837,0.5436420789919794,1.75,0.306884765625,2.720703125,2.765625,5.392747066018706,0.1547442405327699,7.202607572261545,3.495140387674164,0.48526042167485817,2.419828105593133,0.8778689240291797,0.36278152237346706,0.0771484375,2.3575277779491848,1.0833956046376372,0.45954733376676643,0.09576416015625,2.3121179069417717,0.911810220483873,0.39436147168200447,0.08087158203125,2.296947563168559,0.6178938675984185,0.2690065186973861,0.054901123046875,1.1218442445355195,0.2381144643930746,0.21225269510711967,0.02362060546875,97,10,2.134765625,7.54296875,12.640625,7.355831133209738,0.05567920906469226,0.3584270130377263,0.4033203125,2.46875,2.521484375,3.6984183553985606,0.5134832514882238,2.419828105593133,0.9719684900542216,0.40166840272977933,0.0975341796875,2.3575277779491848,1.1582127295181577,0.4912827498158634,0.116943359375,2.3121179069417717,0.9829430404647228,0.4251266933721634,0.0997314453125,2.296947563168559,0.7124061184811756,0.31015340964006866,0.0723876953125,1.1218442445355195,0.2790565466589374,0.24874803077006116,0.032196044921875,0.18079199150293043
9,test,,0.5381202101707458,76.375,76.875,1.9462890625,3.263671875,3.263671875,119,11,9.2109375,12.984375,0.04244283586740494,8.917741135544079,0.3514411807991564,1.7177734375,0.29052734375,2.77734375,2.748046875,5.696696450385054,0.16834772291729205,7.202607572261545,3.573725076033197,0.49617101031523836,2.419828105593133,0.8991691599830549,0.3715838980069438,0.07733154296875,2.3575277779491848,1.105743905093254,0.46902688292188077,0.0955810546875,2.3121179069417717,0.9451927879538635,0.408799562131356,0.08203125,2.296947563168559,0.6393638622574986,0.27835370406781007,0.0555419921875,1.1218442445355195,0.2517751913502586,0.224429721484645,0.0243682861328125,96,10,2.134765625,7.84375,12.6953125,7.63631971084794,0.05593114299699664,0.3853469700552523,0.38232421875,2.54296875,2.498046875,3.7994912161654177,0.5275160666531241,2.419828105593133,1.0060171747153435,0.41573910658780233,0.0980224609375,2.3575277779491848,1.1981337161156542,0.508216160726603,0.117431640625,2.3121179069417717,1.0224797742391205,0.4422264847174468,0.10064697265625,2.296947563168559,0.7474416836424789,0.32540650715221775,0.07373046875,1.1218442445355195,0.29420135914474077,0.26224795516649446,0.032806396484375,0.18895425036152935
10,test,,0.5882010459899902,72.25,72.25,1.962890625,3.17578125,3.17578125,110,11,8.9453125,12.7265625,0.04225839884020388,8.671923917052649,0.3440493610687554,1.7412109375,0.297119140625,2.787109375,2.78515625,5.352538624510248,0.15339617271300726,7.202607572261545,3.430349524937622,0.47626494856508295,2.419828105593133,0.8681512955988797,0.358765688187626,0.07635498046875,2.3575277779491848,1.0722773449848315,0.4548312664708479,0.0948486328125,2.3121179069417717,0.9148480541180062,0.3956753465605358,0.08123779296875,2.296947563168559,0.6054948174771226,0.263608463330292,0.053863525390625,1.1218442445355195,0.2267732276521226,0.2021432375810906,0.02252197265625,90,10,2.064453125,7.59375,12.4453125,7.395508052004408,0.04795611393637955,0.35416577896103263,0.389892578125,2.548828125,2.544921875,3.6609262887251504,0.50827790518867,2.419828105593133,0.9714768780653449,0.40146524284923224,0.09698486328125,2.3575277779491848,1.1605476648702728,0.4922731667152758,0.11663818359375,2.3121179069417717,0.9876343155335157,0.4271556881110165,0.09967041015625,2.296947563168559,0.7027218421837027,0.3059372592791463,0.071044921875,1.1218442445355195,0.268149912179406,0.23902597306672363,0.03076171875,0.1750467988838911
11,test,,0.5770884156227112,74.0625,73.125,2.076171875,3.19921875,3.19921875,116,11,8.90625,12.78125,0.044583055190742016,8.633801861833026,0.39052827609702945,1.75,0.30322265625,2.869140625,2.853515625,5.2240866422086984,0.16783437944107465,7.202607572261545,3.4200978171777603,0.47484161574332234,2.419828105593133,0.8512321323939407,0.35177380179460804,0.07513427734375,2.3575277779491848,1.071649660008175,0.45456501935277466,0.09515380859375,2.3121179069417717,0.9043915263662745,0.3911528575817785,0.08062744140625,2.296947563168559,0.6055323496547818,0.26362480335400906,0.054046630859375,1.1218442445355195,0.2317337904420942,0.20656503036929127,0.0231170654296875,92,10,2.07421875,7.51953125,12.5,7.350242602966184,0.04903259896673262,0.36506656208075583,0.398193359375,2.654296875,2.62890625,3.6212219465215547,0.5027654096368501,2.419828105593133,0.9534645140163978,0.39402158848084395,0.09588623046875,2.3575277779491848,1.1550004968777179,0.48992020695614186,0.116943359375,2.3121179069417717,0.9720552170095091,0.42041766732183755,0.098876953125,2.296947563168559,0.7021521392924797,0.3056892332029928,0.071533203125,1.1218442445355195,0.26592259842384713,0.23704056932961123,0.03076171875,0.19736433800093392
12,test,,0.5878263115882874,74.5625,75.4375,2.1796875,3.30078125,3.30078125,125,11,9.15625,12.984375,0.04797408916056156,8.902862001992169,0.3684207119513303,1.6708984375,0.295166015625,2.87109375,2.84375,5.252373441502107,0.1377714640310537,7.202607572261545,3.4382332104889564,0.4773595084827572,2.419828105593133,0.8229787765038914,0.34009803200552874,0.07110595703125,2.3575277779491848,1.0725045953764027,0.45492765998684237,0.09320068359375,2.3121179069417717,0.8984675503292969,0.38859071487305596,0.078369140625,2.296947563168559,0.6034275644544405,0.2627084632363279,0.052703857421875,1.1218442445355195,0.2263761551559611,0.20178929139105964,0.02203369140625,103,10,2.060546875,7.76953125,12.6953125,7.601115129248144,0.16113775502890348,0.3328243219293654,0.38818359375,2.65234375,2.615234375,3.6801338900046057,0.5109446617885196,2.419828105593133,0.9275918115032775,0.3833296296374374,0.091064453125,2.3575277779491848,1.1639228199873557,0.4937048169162414,0.11492919921875,2.3121179069417717,0.9740158640948566,0.4212656548225878,0.09661865234375,2.296947563168559,0.7024111037457281,0.3058019760698309,0.06976318359375,1.1218442445355195,0.2702807920679904,0.24092541668286185,0.0304107666015625,0.16857854001856828
13,test,,0.615289032459259,75.0,74.5625,2.24609375,3.337890625,3.337890625,127,11,9.234375,13.1171875,0.04272200004197657,8.990850135148492,0.5699007690418512,1.7177734375,0.2958984375,2.876953125,2.849609375,5.404251441174022,0.16351869663476246,7.202607572261545,3.5009341196126176,0.4860648153448349,2.419828105593133,0.8541841196238078,0.3529937178799878,0.07330322265625,2.3575277779491848,1.103622983009572,0.4681272447061534,0.09521484375,2.3121179069417717,0.9248315937060756,0.3999932663163127,0.080078125,2.296947563168559,0.5975918832599056,0.26016783876230437,0.05181884765625,1.1218442445355195,0.23272645656290614,0.2074498823669257,0.0224761962890625,107,10,2.083984375,7.8203125,12.8203125,7.656990716809338,0.04640233004465699,0.33538039796985686,0.389892578125,2.66015625,2.625,3.734189946055584,0.5184497292947874,2.419828105593133,0.9537649822189431,0.3941457577149523,0.0931396484375,2.3575277779491848,1.1872516829468163,0.5036002943641272,0.11663818359375,2.3121179069417717,1.0107675123526896,0.43716088583459284,0.0997314453125,2.296947563168559,0.7031265130949862,0.3061134369672104,0.06951904296875,1.1218442445355195,0.2689221106722881,0.23971430257114767,0.0300750732421875,0.18217094629485955
14,test,,0.6272981762886047,70.375,71.75,2.3125,3.37890625,3.37890625,130,11,9.3515625,13.28125,0.04449569899588823,9.092716240933134,0.3816294828429818,1.7451171875,0.296142578125,2.861328125,2.876953125,5.465338788584984,0.1579941029808889,7.202607572261545,3.5306858755960793,0.49019550769270637,2.419828105593133,0.8530850080467864,0.3525395072794576,0.072509765625,2.3575277779491848,1.098902903774773,0.46612511379641497,0.0938720703125,2.3121179069417717,0.9123341475308226,0.39458807217040376,0.0782470703125,2.296947563168559,0.6363719453925185,0.277051141957575,0.05462646484375,1.1218442445355195,0.2352899204204295,0.20973492672135363,0.0224761962890625,102,10,2.19921875,7.91015625,12.984375,7.7334653583944375,0.04714339505881071,0.34177410416305065,0.390625,2.640625,2.66015625,3.758444527671334,0.5218172016126128,2.419828105593133,0.9536966900066561,0.3941175357878951,0.09234619140625,2.3575277779491848,1.1928173958536332,0.5059611203780877,0.11614990234375,2.3121179069417717,0.9979263278961152,0.4316070235432189,0.09759521484375,2.296947563168559,0.7467818234356249,0.32511923015145605,0.07318115234375,1.1218442445355195,0.27641066618505317,0.2463895211224231,0.030609130859375,0.1859302913896201
15,test,,0.617060124874115,69.9375,70.375,2.388671875,3.3515625,3.3515625,128,11,9.390625,13.1484375,0.04426299291662872,9.134105774242375,0.366335507016629,1.77734375,0.285888671875,2.8671875,2.90234375,5.495222144370056,0.1733556964176433,7.202607572261545,3.511038506198867,0.48746769430011255,2.419828105593133,0.8539246925107964,0.3528865089784911,0.07232666015625,2.3575277779491848,1.0911737021706518,0.4628465939518493,0.0928955078125,2.3121179069417717,0.9171870966652076,0.3966869915723143,0.078369140625,2.296947563168559,0.6440329253410013,0.28038642921938556,0.05511474609375,1.1218442445355195,0.23080839194159175,0.20574014001128477,0.0219573974609375,109,10,2.060546875,8.015625,12.8515625,7.827487839477952,0.042961410945281386,0.3308563989121467,0.37646484375,2.650390625,2.69140625,3.7681521622273237,0.5231649960688005,2.419828105593133,0.9646629589386881,0.39864937377534754,0.09246826171875,2.3575277779491848,1.1832941765642957,0.5019216263884891,0.11407470703125,2.3121179069417717,1.0068396575557026,0.43546207333666864,0.09747314453125,2.296947563168559,0.7553539943215739,0.3288512138603588,0.0732421875,1.1218442445355195,0.2718455709704486,0.24232024391496668,0.029754638671875,0.18990013895699073
16,test,,0.6958844065666199,70.8125,71.3125,2.365234375,3.34765625,3.34765625,130,11,9.34375,13.125,0.04319549701176584,9.073196990217127,0.344987470889464,1.712890625,0.288330078125,2.923828125,2.89453125,5.445674518154879,0.16668449382670228,7.202607572261545,3.507034447673833,0.48691177639331806,2.419828105593133,0.8505572231703127,0.35149489387463306,0.07232666015625,2.3575277779491848,1.0912884248271286,0.4628952562232125,0.09326171875,2.3121179069417717,0.9397568685457074,0.40644850581548403,0.08062744140625,2.296947563168559,0.6371863521349272,0.2774057023992097,0.05474853515625,1.1218442445355195,0.23248270218722666,0.20723260231502294,0.022216796875,111,10,2.142578125,7.95703125,12.8359375,7.769591853890869,0.04304638202302158,0.33175048301927745,0.3798828125,2.720703125,2.68359375,3.7412470297672087,0.5194295249647337,2.419828105593133,0.9636941921160602,0.3982490284696671,0.09283447265625,2.3575277779491848,1.1930078692367498,0.5060419140743055,0.11566162109375,2.3121179069417717,1.0221747722969186,0.4420945701895215,0.09954833984375,2.296947563168559,0.7577515121362426,0.3298949981648474,0.07391357421875,1.1218442445355195,0.2821488641472554,0.2515044896130606,0.03106689453125,0.19492989082297194
17,test,,0.7290082573890686,68.5,68.0625,2.330078125,3.365234375,3.365234375,128,11,9.3125,13.140625,0.04078498110175133,9.042963641508576,0.38360255281440914,1.7958984375,0.291259765625,2.908203125,2.865234375,5.3928207003317,0.16337876012896194,7.202607572261545,3.4973296999947046,0.4855643827470915,2.419828105593133,0.8519810041004039,0.3520832748950867,0.0726318359375,2.3575277779491848,1.0954126254955678,0.4646446314403422,0.0938720703125,2.3121179069417717,0.9151427005796187,0.3958027823027736,0.0787353515625,2.296947563168559,0.6502548435660298,0.2830952059998383,0.055999755859375,1.1218442445355195,0.2313051018193235,0.20618290190104907,0.02215576171875,104,10,2.171875,7.921875,12.84375,7.747351747053526,0.0433233929798007,0.3369275820441544,0.38330078125,2.69921875,2.646484375,3.725595126049905,0.5172564364602896,2.419828105593133,0.9678037373622921,0.39994730829240865,0.09356689453125,2.3575277779491848,1.1955376752386115,0.5071149898724038,0.11627197265625,2.3121179069417717,1.0082926864933563,0.4360905140114678,0.0985107421875,2.296947563168559,0.752381495610873,0.3275571056454545,0.0736083984375,1.1218442445355195,0.2783264474135949,0.24809722808608894,0.0307769775390625,0.1899161864094321
18,test,,0.669224202632904,71.75,73.625,2.46484375,3.291015625,3.291015625,121,11,9.2578125,13.109375,0.04556272691115737,9.013310608332809,0.4015975659713149,1.7919921875,0.2939453125,2.919921875,2.859375,5.348958799544547,0.1656342525338165,7.202607572261545,3.4857732461329167,0.48395990079443124,2.419828105593133,0.8463220423869178,0.34974469485280757,0.072509765625,2.3575277779491848,1.063486182644306,0.45110229138824126,0.091552734375,2.3121179069417717,0.9168558412995385,0.39654372233648744,0.0792236328125,2.296947563168559,0.6263129456433951,0.27267185184646453,0.05419921875,1.1218442445355195,0.24224064598515405,0.21593072939055785,0.023345947265625,99,10,2.15234375,7.87109375,12.8203125,7.700648749469672,0.045425141928717494,0.3388861338607967,0.385986328125,2.71484375,2.63671875,3.7398827161128354,0.5192401055578474,2.419828105593133,0.9554476978292357,0.3948411441378156,0.09283447265625,2.3575277779491848,1.178042884622288,0.49969416930776034,0.11517333984375,2.3121179069417717,0.9983370042358235,0.43178464265964683,0.0980224609375,2.296947563168559,0.736092783531376,0.3204656455091041,0.0723876953125,1.1218442445355195,0.2846624101135511,0.25374503769140494,0.031646728515625,0.18831401485286423
19,test,,0.6035066246986389,72.6875,73.125,2.447265625,3.30078125,3.30078125,129,11,9.2890625,13.0078125,0.0485285900067538,9.024444271479233,0.38429291592910886,1.7548828125,0.2861328125,2.9296875,2.921875,5.440753938700697,0.15931886519338137,7.202607572261545,3.5041923796217596,0.4865171876247978,2.419828105593133,0.8434414753976824,0.34855429336000016,0.072021484375,2.3575277779491848,1.0826303066876317,0.4592227149193604,0.09295654296875,2.3121179069417717,0.9149731368863812,0.39572944534503096,0.078857421875,2.296947563168559,0.6452117892420386,0.28089965987381593,0.055694580078125,1.1218442445355195,0.23641772448148934,0.21074023923826796,0.022705078125,107,10,2.0,7.9296875,12.71875,7.76197466064242,0.0447874900419265,0.3317110841162503,0.37646484375,2.728515625,2.716796875,3.7551128414465493,0.5213546349391741,2.419828105593133,0.9588581494350006,0.3962505217700045,0.0926513671875,2.3575277779491848,1.1928959240398358,0.5059944299267332,0.115966796875,2.3121179069417717,1.003681499249799,0.4340961575689556,0.0980224609375,2.296947563168559,0.7669811207502484,0.3339132042231842,0.07501220703125,1.1218442445355195,0.28276340098193486,0.2520522811961372,0.0312347412109375,0.1756693874697493
20,test,,0.7193761467933655,72.6875,72.6875,2.541015625,3.333984375,3.333984375,131,11,9.2890625,13.1875,0.045436982065439224,9.050773277900579,0.38109021401032805,1.7822265625,0.2958984375,2.94921875,2.884765625,5.28980502155957,0.1611395099274128,7.202607572261545,3.4672104500466396,0.4813826680492008,2.419828105593133,0.8324529124346078,0.3440132423086152,0.07110595703125,2.3575277779491848,1.0767768732160299,0.4567398455651364,0.09246826171875,2.3121179069417717,0.9071412148487141,0.39234210855993323,0.07818603515625,2.296947563168559,0.6206218802950261,0.270194187384452,0.053558349609375,1.1218442445355195,0.22769885867858974,0.20296833521026317,0.021881103515625,104,10,2.125,7.875,12.8984375,7.704081274607135,0.04348697909153998,0.332835101056844,0.389404296875,2.75,2.669921875,3.7165224645234103,0.5159968007748145,2.419828105593133,0.9453347800330629,0.39066195563562495,0.09185791015625,2.3575277779491848,1.1821349770300094,0.5014299250625796,0.11553955078125,2.3121179069417717,0.9910956439929528,0.42865272615092137,0.0972900390625,2.296947563168559,0.7315338036061076,0.3184808462048573,0.0718994140625,1.1218442445355195,0.27262411952421317,0.24301423379596565,0.030303955078125,0.17634954473314546
21,test,,0.6429705023765564,75.4375,73.625,2.447265625,3.263671875,3.263671875,126,11,9.1328125,13.0,0.041076039196923375,8.898152820225645,0.34175836108624935,1.72265625,0.29736328125,2.8984375,2.87890625,5.187945367839963,0.16369599135774496,7.202607572261545,3.4426444446733093,0.47797195809077714,2.419828105593133,0.8267180964009881,0.34164331527935043,0.07159423828125,2.3575277779491848,1.0600335249140347,0.4496377666591732,0.09228515625,2.3121179069417717,0.9031998464880191,0.3906374513930726,0.07891845703125,2.296947563168559,0.6405340356938058,0.27886315123807676,0.056060791015625,1.1218442445355195,0.22031212789412002,0.1963838821362733,0.021484375,101,10,2.1484375,7.7421875,12.7109375,7.583193275239732,0.051643190905451775,0.3308081068098545,0.390869140625,2.6875,2.666015625,3.6850523173635104,0.5116275293902263,2.419828105593133,0.9429915180350115,0.3896935967705323,0.09283447265625,2.3575277779491848,1.1635022442534453,0.4935264199794824,0.115234375,2.3121179069417717,0.987325429222043,0.4270220935782527,0.09820556640625,2.296947563168559,0.7509076040290408,0.32691543162317116,0.0748291015625,1.1218442445355195,0.2599795263166458,0.23174297821021125,0.0293426513671875,0.20106547890767504
22,test,,0.6525613069534302,72.6875,74.5625,2.357421875,3.236328125,3.236328125,123,11,8.8515625,12.859375,0.04512766096740961,8.636296405298971,0.37307560397312045,1.7958984375,0.311767578125,2.904296875,2.875,4.757500014240128,0.17489852654504437,7.202607572261545,3.3330734417642827,0.46275927271124834,2.419828105593133,0.7834299578838149,0.32375438407092366,0.06951904296875,2.3575277779491848,1.0343988997922509,0.43876424679588516,0.09228515625,2.3121179069417717,0.9127914117305531,0.3947858407177419,0.081787109375,2.296947563168559,0.6341741919818684,0.2760943271630664,0.056884765625,1.1218442445355195,0.20441779648253977,0.1822158445597548,0.0204925537109375,96,10,2.212890625,7.42578125,12.5703125,7.283918113787734,0.044981745071709156,0.3295328349340707,0.4091796875,2.6953125,2.658203125,3.555316084848175,0.4936151316282031,2.419828105593133,0.8778461528612818,0.36277211213153904,0.08917236328125,2.3575277779491848,1.125561638153548,0.4774330333162288,0.11505126953125,2.3121179069417717,0.9783267499875308,0.42313012976122805,0.1004638671875,2.296947563168559,0.7134792638112675,0.3106206146156196,0.0733642578125,1.1218442445355195,0.23619796071458854,0.21054434415927525,0.0276336669921875,0.19863612243894202
23,test,,0.6853297352790833,74.5625,73.625,2.490234375,3.287109375,3.287109375,123,11,9.09375,12.9453125,0.0432450498919934,8.874439463490422,0.6083411360159516,1.787109375,0.2978515625,2.912109375,2.927734375,5.127140506485154,0.16001174722316544,7.202607572261545,3.463451765167921,0.4808608174775837,2.419828105593133,0.8282710910539155,0.3422850941930418,0.07196044921875,2.3575277779491848,1.0716419127534014,0.45456173317526016,0.0936279296875,2.3121179069417717,0.9241205122499663,0.399685720817022,0.0810546875,2.296947563168559,0.661724235273633,0.28808852491208264,0.05810546875,1.1218442445355195,0.22078728459809582,0.19680743175672222,0.0216217041015625,104,10,2.17578125,7.69140625,12.65625,7.535024475478144,0.04399110400117934,0.3288631469476968,0.392333984375,2.705078125,2.724609375,3.6877748685745795,0.5120055246070634,2.419828105593133,0.9291755036085485,0.3839840943498732,0.0919189453125,2.3575277779491848,1.1663654382523623,0.4947409100167568,0.1160888671875,2.3121179069417717,1.0196030890282675,0.44098230715962583,0.1019287109375,2.296947563168559,0.761213896954521,0.33140238338939393,0.07623291015625,1.1218442445355195,0.2621607242831958,0.23368727482462506,0.0297393798828125,0.18551560650885002
24,test,,0.7237628102302551,70.8125,70.8125,2.501953125,3.27734375,3.27734375,128,11,9.1015625,12.9921875,0.04079140000976622,8.896047696827855,0.3500010489951819,1.7919921875,0.29931640625,2.935546875,2.90234375,5.093631609510155,0.17452927669248247,7.202607572261545,3.4482339004124203,0.4787479903378534,2.419828105593133,0.8320036883657345,0.34382759934173046,0.07220458984375,2.3575277779491848,1.070420881413476,0.4540438044571572,0.0933837890625,2.3121179069417717,0.9084662222106799,0.3929151794046283,0.07958984375,2.296947563168559,0.6593029075635641,0.2870343747221111,0.057830810546875,1.1218442445355195,0.215645875196822,0.19222443422714755,0.021087646484375,102,10,2.189453125,7.69140625,12.703125,7.557335856474269,0.04285598709248006,0.33303640596568584,0.39453125,2.732421875,2.69140625,3.6964223909044325,0.5132061345588197,2.419828105593133,0.9331170689884116,0.3856129560738744,0.09228515625,2.3575277779491848,1.1627052040617487,0.4931883369252119,0.11572265625,2.3121179069417717,0.9818120713286937,0.4246375448159269,0.09814453125,2.296947563168559,0.7741721286486767,0.3370438842673157,0.0775146484375,1.1218442445355195,0.2593136763921171,0.23114944668587353,0.0294189453125,0.19744038590039817
25,test,,0.727715015411377,70.8125,70.375,2.369140625,3.27734375,3.27734375,131,11,9.0859375,12.96875,0.043329451931640506,8.879877131998395,0.3560663510579616,1.7412109375,0.299560546875,2.9609375,2.947265625,4.96545533508692,0.1380388996368533,7.202607572261545,3.435536052276726,0.4769850387944991,2.419828105593133,0.8025691577013578,0.33166370613115803,0.06976318359375,2.3575277779491848,1.0529790028131174,0.4466454277493624,0.092041015625,2.3121179069417717,0.9301803176886496,0.4023066102710113,0.08160400390625,2.296947563168559,0.6718210789058592,0.29248429075111554,0.05902099609375,1.1218442445355195,0.20812490292023078,0.18552031971818098,0.0203857421875,102,10,2.22265625,7.68359375,12.6796875,7.542555431021092,0.044951953925192356,0.5904695161152631,0.39404296875,2.76171875,2.74609375,3.6808739274558313,0.5110474075571598,2.419828105593133,0.9100770927072857,0.37609162841102434,0.090087890625,2.3575277779491848,1.149437906668953,0.48756070550687214,0.114501953125,2.3121179069417717,1.0087244260292012,0.4362772430422619,0.10089111328125,2.296947563168559,0.7729287982751094,0.3365025874638954,0.07745361328125,1.1218442445355195,0.2509315143138524,0.22367767676853068,0.02850341796875,0.18093537763430412
26,test,,0.6314209699630737,75.0,76.375,2.29296875,3.283203125,3.283203125,134,11,9.0703125,12.96875,0.04454127117060125,8.858360639538894,0.3608189248479903,1.8056640625,0.300537109375,2.962890625,2.939453125,5.102956715971684,0.18528219631982315,7.202607572261545,3.5096687683239765,0.48727752180200706,2.419828105593133,0.8337244789931137,0.3445387203603689,0.07257080078125,2.3575277779491848,1.0574524556952412,0.4485429463805172,0.092529296875,2.3121179069417717,0.9413897778136091,0.40715474543371416,0.08270263671875,2.296947563168559,0.6992601433446897,0.30443017270280415,0.0615234375,1.1218442445355195,0.22254926760498428,0.19837804462519396,0.0218353271484375,113,10,2.166015625,7.6640625,12.6796875,7.518040413830895,0.04912097891792655,0.3755984320305288,0.395751953125,2.767578125,2.736328125,3.757276707839397,0.5216550631342602,2.419828105593133,0.943977418469844,0.39010102258418977,0.0936279296875,2.3575277779491848,1.1569998225299116,0.4907682672296598,0.115478515625,2.3121179069417717,1.0196237495802523,0.440991242928828,0.10223388671875,2.296947563168559,0.8000828003389762,0.348324364547221,0.080322265625,1.1218442445355195,0.2649652033824319,0.2361871575961387,0.0301666259765625,0.1988056538853946
27,test,,0.746540904045105,75.0,75.4375,2.376953125,3.421875,3.421875,136,11,9.4609375,13.2578125,0.04089763294905424,9.237476141240785,0.4127890549134463,1.875,0.286376953125,2.978515625,2.984375,5.498149817571352,0.17778157377467943,7.202607572261545,3.6476242273148145,0.5064310655161097,2.419828105593133,0.8721742022455654,0.3604281643930173,0.07342529296875,2.3575277779491848,1.1042158427629314,0.46837871989932167,0.09344482421875,2.3121179069417717,0.9496860977418766,0.4107429361152357,0.08062744140625,2.296947563168559,0.727783573535211,0.3168481445572309,0.0618896484375,1.1218442445355195,0.24355730923836205,0.21710438897799295,0.02301025390625,115,10,2.1796875,8.0546875,12.9609375,7.905288471510495,0.043464736081659794,0.36015832191333175,0.37890625,2.783203125,2.791015625,3.8978637015751803,0.5411739654658557,2.419828105593133,0.986927440971197,0.40785022650577385,0.09423828125,2.3575277779491848,1.209305703005609,0.5129550176743134,0.11614990234375,2.3121179069417717,1.045413629663881,0.4521454665115435,0.10089111328125,2.296947563168559,0.8481789575925687,0.36926352660072714,0.08197021484375,1.1218442445355195,0.29034731013432324,0.25881249696524194,0.031646728515625,0.20677450346252824
28,test,,0.6501275897026062,76.375,75.4375,2.62109375,3.287109375,3.287109375,127,11,9.2265625,13.03125,0.04497723514214158,9.014381684326901,0.34742956701666117,1.7919921875,0.2919921875,2.982421875,2.95703125,5.256002083339284,0.17618204016816505,7.202607572261545,3.552480355568866,0.4932214229260617,2.419828105593133,0.8571855580922687,0.3542340698130542,0.0736083984375,2.3575277779491848,1.0755726658857938,0.4562290531403347,0.09283447265625,2.3121179069417717,0.9263057398997834,0.40063084028660284,0.08026123046875,2.296947563168559,0.7085301782626292,0.3084659787728182,0.06146240234375,1.1218442445355195,0.23012760794076748,0.20513329641054395,0.0222320556640625,108,10,2.208984375,7.83984375,12.7421875,7.695430380813111,0.046857694862410426,0.3705259549897164,0.385009765625,2.794921875,2.76171875,3.795139737400712,0.5269119134043112,2.419828105593133,0.9703152047905368,0.40098517847105475,0.0946044921875,2.3575277779491848,1.17579648132204,0.4987413053282733,0.11529541015625,2.3121179069417717,1.020533253792057,0.4413846070427749,0.10052490234375,2.296947563168559,0.8221500702699922,0.357931579916376,0.08111572265625,1.1218442445355195,0.27319966942007046,0.2435272728374019,0.030487060546875,0.1991898982539643
29,test,,0.6466008424758911,75.0,75.4375,2.384765625,3.30078125,3.30078125,129,11,9.21875,13.09375,0.054795210948213935,9.022108694774586,0.38216541102156043,1.8515625,0.295654296875,2.96875,2.96484375,5.1918298105251885,0.18028565622738382,7.202607572261545,3.575559273272848,0.49642566770441987,2.419828105593133,0.8578088301972961,0.3544916385649779,0.07366943359375,2.3575277779491848,1.0695769541185864,0.4536858331523085,0.09234619140625,2.3121179069417717,0.9580841948115122,0.414375145806801,0.08306884765625,2.296947563168559,0.7296902311640814,0.3176782277769977,0.0633544921875,1.1218442445355195,0.2297009613087777,0.20475298815111495,0.0222015380859375,109,10,2.208984375,7.8046875,12.8046875,7.668474680621834,0.043197725899517536,0.3331376558635384,0.390380859375,2.775390625,2.771484375,3.812188693447851,0.5292789667077284,2.419828105593133,0.9589390120905135,0.3962839384640771,0.09381103515625,2.3575277779491848,1.171541686449305,0.4969365355552374,0.11529541015625,2.3121179069417717,1.0479439240543824,0.4532398286904379,0.10357666015625,2.296947563168559,0.8368638860607005,0.3643373925812551,0.08282470703125,1.1218442445355195,0.277624320351852,0.247471359508376,0.031097412109375,0.21044746125282787
30,test,,0.7532213926315308,74.0625,77.3125,2.46875,3.361328125,3.361328125,136,11,9.3203125,13.1953125,0.04469428397715092,9.132987398892869,0.360959114972502,1.8056640625,0.29345703125,3.013671875,3.01171875,5.189321390788957,0.1812336283157949,7.202607572261545,3.568889451339297,0.4954996389201727,2.419828105593133,0.8448147081528798,0.34912178522110526,0.07196044921875,2.3575277779491848,1.0732952781962908,0.4552630464146434,0.0919189453125,2.3121179069417717,0.9676742718702371,0.4185228914861767,0.08319091796875,2.296947563168559,0.7192969264206788,0.3131533945112938,0.061920166015625,1.1218442445355195,0.22471294236914474,0.20030672124380627,0.021514892578125,112,10,2.216796875,7.8984375,12.8984375,7.769121674454238,0.054386616917327046,0.38446131511591375,0.3876953125,2.830078125,2.828125,3.8085962023178377,0.5287801902446252,2.419828105593133,0.952101823849155,0.3934584533705057,0.09228515625,2.3575277779491848,1.1773524098359855,0.4994012884379099,0.11480712890625,2.3121179069417717,1.050799611758527,0.4544749247448263,0.1029052734375,2.296947563168559,0.8234359842902519,0.3584914159530706,0.08074951171875,1.1218442445355195,0.27269231972495156,0.24307502672784598,0.0302276611328125,0.2035247707236658
31,test,,0.5748618245124817,77.75,77.3125,2.47265625,3.328125,3.328125,129,11,9.21875,13.1640625,0.05688673793338239,9.025822946356708,0.37558416393585503,1.837890625,0.300048828125,3.005859375,2.9609375,5.068928987341968,0.18587483337507393,7.202607572261545,3.5476819474804504,0.49255521863264784,2.419828105593133,0.8360164521157145,0.3454858839697605,0.07183837890625,2.3575277779491848,1.0538597198071624,0.44701900425704244,0.091064453125,2.3121179069417717,0.9646798160516354,0.4172277776818109,0.08367919921875,2.296947563168559,0.7354284840900451,0.32017643584146394,0.06390380859375,1.1218442445355195,0.227755756160402,0.20301905301898696,0.02203369140625,96,10,2.310546875,7.77734375,12.875,7.650488853709333,0.05027458490803838,0.38215623586438596,0.39599609375,2.82421875,2.765625,3.7856591788186256,0.5255956458599572,2.419828105593133,0.940851483332608,0.3888092220922413,0.09228515625,2.3575277779491848,1.155218318847938,0.49001260118888745,0.114013671875,2.3121179069417717,1.0469391872305875,0.45280527610089294,0.103759765625,2.296947563168559,0.8400647667811567,0.36573092927829687,0.0833740234375,1.1218442445355195,0.26586397327060407,0.2369883114929921,0.029876708984375,0.2101671799298533
32,test,,0.8130286931991577,73.125,74.5625,2.40625,3.240234375,3.240234375,129,11,9.0,12.8515625,0.04700061888433993,8.809321110890684,0.41934703197330236,1.7177734375,0.299560546875,3.048828125,3.033203125,4.914441009366586,0.1861563783290596,7.202607572261545,3.4769777631758423,0.48273874819534374,2.419828105593133,0.8268750811961798,0.34170818963750377,0.0723876953125,2.3575277779491848,1.0519641066030054,0.4462149360200158,0.09259033203125,2.3121179069417717,0.900471292973438,0.3894573413708332,0.07958984375,2.296947563168559,0.6942791667156971,0.3022616527466405,0.061431884765625,1.1218442445355195,0.21814541392538978,0.19445249640310736,0.02154541015625,100,10,2.166015625,7.60546875,12.5703125,7.481644008855192,0.05326227191835642,0.3688924990128726,0.39501953125,2.869140625,2.849609375,3.726128895220948,0.5173305442283012,2.419828105593133,0.9254851453697244,0.3824590446034493,0.09234619140625,2.3575277779491848,1.1310888171854359,0.4797775142948139,0.113525390625,2.3121179069417717,0.9785351315337687,0.42322025559158133,0.09869384765625,2.296947563168559,0.7897881261979283,0.34384247113958627,0.07977294921875,1.1218442445355195,0.25781949180285313,0.2298175464719694,0.029541015625,0.2101585013807817
33,test,,0.6792789697647095,76.375,76.875,2.41015625,3.296875,3.296875,128,11,9.0234375,13.0546875,0.0523894049692899,8.831061160689115,0.35754977306351066,1.8701171875,0.30859375,3.048828125,2.994140625,4.838918034395641,0.18001321011070276,7.202607572261545,3.493004351268839,0.48496385735646447,2.419828105593133,0.8091668661452331,0.33439022560112597,0.0706787109375,2.3575277779491848,1.0522241015474236,0.44632521889636195,0.0924072265625,2.3121179069417717,0.9484285784023365,0.4101990541030924,0.0836181640625,2.296947563168559,0.7119916335983518,0.3099729593374714,0.0628662109375,1.1218442445355195,0.21610805241778053,0.19263641407480447,0.02130126953125,100,10,2.3046875,7.5625,12.765625,7.439395008723981,0.05433262698352337,0.36929243290796876,0.40771484375,2.875,2.806640625,3.715889850487888,0.5159089695235384,2.419828105593133,0.9029720767233549,0.373155462834838,0.0904541015625,2.3575277779491848,1.1411867118816197,0.4840607701659146,0.11505126953125,2.3121179069417717,1.0257154486733144,0.44362592651255567,0.1038818359375,2.296947563168559,0.80606979685792,0.35093086572075455,0.08172607421875,1.1218442445355195,0.25166069926674073,0.22432766446195618,0.0289764404296875,0.20842007298825266
34,test,,0.8346641659736633,73.625,75.0,2.341796875,3.375,3.375,135,11,9.2734375,13.1875,0.053854231955483556,9.061648185469993,0.40285496902652085,1.787109375,0.296630859375,3.0625,3.03125,5.136384048732317,0.18334705011607025,7.202607572261545,3.584479171840462,0.4976640939935274,2.419828105593133,0.8504367462441333,0.3514451064844044,0.07269287109375,2.3575277779491848,1.081775989900752,0.4588603366708959,0.093017578125,2.3121179069417717,0.9566328984927939,0.4137474544964396,0.08258056640625,2.296947563168559,0.7468125588695145,0.32513261114211617,0.06451416015625,1.1218442445355195,0.2301904961070047,0.20518935425149964,0.0221405029296875,112,10,2.25390625,7.83203125,12.890625,7.690095610441406,0.048216438852250576,0.34100586897693574,0.392333984375,2.890625,2.853515625,3.828960183570426,0.53160749702877,2.419828105593133,0.950376274065321,0.3927453656185924,0.09271240234375,2.3575277779491848,1.1748449998525654,0.4983377124296554,0.11529541015625,2.3121179069417717,1.0414897457165608,0.45044837142156596,0.1026611328125,2.296947563168559,0.851639824163338,0.37077025084043735,0.0841064453125,1.1218442445355195,0.2687745634555183,0.23958278055506704,0.0300140380859375,0.1950965654676888
35,test,,0.627743124961853,78.6875,77.3125,2.466796875,3.3515625,3.3515625,133,11,9.1484375,13.1875,0.0446921659167856,8.964611409148143,0.6069048400968313,1.8798828125,0.306396484375,3.052734375,3.033203125,4.964158109094805,0.1712242972113128,7.202607572261545,3.5627703869371175,0.4946500765442152,2.419828105593133,0.8245052650070672,0.3407288571867255,0.0712890625,2.3575277779491848,1.07067712273202,0.45415249514616657,0.09307861328125,2.3121179069417717,0.9268494490586008,0.4008659966154324,0.08087158203125,2.296947563168559,0.7212523900583285,0.31400472593435524,0.06304931640625,1.1218442445355195,0.21286703166147625,0.1897474027239942,0.0207366943359375,106,10,2.291015625,7.6640625,12.890625,7.550417568320939,0.04672464216127992,0.32943110493943095,0.405517578125,2.87890625,2.853515625,3.793141865342516,0.5266345316313698,2.419828105593133,0.9193281540409206,0.37991465258049006,0.09112548828125,2.3575277779491848,1.1676122542426892,0.49526977589141963,0.11651611328125,2.3121179069417717,1.0219376688876158,0.4419920220415266,0.1024169921875,2.296947563168559,0.8234261839141537,0.3584871492574545,0.0826416015625,1.1218442445355195,0.24852671096464363,0.22153406069979162,0.0282745361328125,0.1973963971851279
36,test,,0.8871092200279236,72.25,72.6875,2.451171875,3.3203125,3.3203125,135,11,9.2109375,13.078125,0.044056654907763004,9.013218275357392,0.6286334770265967,1.7548828125,0.295654296875,3.091796875,3.068359375,5.002226354561651,0.17338943234633786,7.202607572261545,3.550699514414907,0.4929741734214771,2.419828105593133,0.8277074732325094,0.3420521777226101,0.0711669921875,2.3575277779491848,1.0657187487584903,0.45204928600483335,0.0921630859375,2.3121179069417717,0.9412450488091313,0.4070921495755863,0.0816650390625,2.296947563168559,0.7246092709893865,0.3154661789448137,0.06298828125,1.1218442445355195,0.22021009411570525,0.19629293031393988,0.0213165283203125,106,10,2.22265625,7.79296875,12.7890625,7.663091648600848,0.050741480896249413,0.36941048107109964,0.390625,2.927734375,2.900390625,3.797427611967251,0.527229558721453,2.419828105593133,0.9325681153276486,0.3853860996044028,0.09130859375,2.3575277779491848,1.1622286079713522,0.49298617765699276,0.114501953125,2.3121179069417717,1.0264056933375842,0.4439244600182205,0.1015625,2.296947563168559,0.8253538053506997,0.3593263592888263,0.081787109375,1.1218442445355195,0.259053316912893,0.23091736502169216,0.0290679931640625,0.19662356296607345
37,test,,0.6459572911262512,76.375,75.4375,2.466796875,3.30078125,3.30078125,131,11,9.0546875,13.0078125,0.044835740933194757,8.859352634044175,0.6152765851002187,1.814453125,0.303955078125,3.091796875,3.0390625,4.960328373021172,0.1808173942946126,7.202607572261545,3.560620170205972,0.49435154344914195,2.419828105593133,0.8298986567265434,0.34295768976661417,0.07232666015625,2.3575277779491848,1.0679549335840974,0.45299781558167357,0.09356689453125,2.3121179069417717,0.9671131083979185,0.4182801860987768,0.0850830078125,2.296947563168559,0.726262351989547,0.3161858649431654,0.06396484375,1.1218442445355195,0.21726340301489522,0.19366628128029434,0.0213470458984375,103,10,2.2734375,7.60546875,12.71875,7.48197851319252,0.04487819201312959,0.3326625321060419,0.402099609375,2.9296875,2.865234375,3.786843434981396,0.5257600663355821,2.419828105593133,0.9261470910680112,0.38273259531424436,0.0924072265625,2.3575277779491848,1.1526064534831324,0.4889047180117579,0.11572265625,2.3121179069417717,1.0505487139746892,0.4543664104761186,0.10595703125,2.296947563168559,0.8232170919200676,0.3583961188841718,0.0831298828125,1.1218442445355195,0.25437309452777956,0.22674546468177356,0.0291595458984375,0.20578274702583443
38,test,,0.8696931004524231,71.75,72.25,2.3671875,3.314453125,3.314453125,127,11,9.03125,12.984375,0.047751334961503744,8.840651508766753,0.34224360901862383,1.837890625,0.3046875,3.119140625,3.013671875,4.960791840995788,0.18784118741214453,7.202607572261545,3.558180808502012,0.49401286586890636,2.419828105593133,0.8427819585230178,0.34828174636662484,0.0736083984375,2.3575277779491848,1.0418093157421193,0.44190754632311907,0.09149169921875,2.3121179069417717,0.940588357679105,0.4068081281041662,0.08294677734375,2.296947563168559,0.7383277978351739,0.3214386822207976,0.065185546875,1.1218442445355195,0.2242434939941429,0.1998882599669503,0.0220947265625,98,10,2.341796875,7.57421875,12.6953125,7.4503136158366505,0.04631039802916348,0.32665907591581345,0.4033203125,2.958984375,2.826171875,3.786773557478549,0.5257503646404466,2.419828105593133,0.9408867969584884,0.3888238155362131,0.0941162109375,2.3575277779491848,1.1372632188726763,0.4823965297503228,0.114501953125,2.3121179069417717,1.019050713238932,0.44074340247934235,0.10308837890625,2.296947563168559,0.8382950315495261,0.36496045664757243,0.08489990234375,1.1218442445355195,0.26653530649675883,0.2375867307739438,0.0306549072265625,0.21281963406078347
39,test,,0.7724594473838806,76.375,76.375,2.568359375,3.34765625,3.34765625,130,11,9.2890625,13.125,0.04045460815541446,9.104269108939832,0.3570832898840308,1.8984375,0.29248046875,3.08203125,3.064453125,4.982403105528885,0.1907180240939633,7.202607572261545,3.5770939969853224,0.4966387466063421,2.419828105593133,0.8279098951563366,0.3421358290874981,0.07073974609375,2.3575277779491848,1.0567352743428717,0.44823873730222874,0.09075927734375,2.3121179069417717,0.9334253022152712,0.4037100787173561,0.0804443359375,2.296947563168559,0.7279926673602422,0.31693917572763464,0.0628662109375,1.1218442445355195,0.2256028888028485,0.2011000100074102,0.02166748046875,108,10,2.263671875,7.875,12.8359375,7.751390154089453,0.04276305320672691,0.3300469950772822,0.386474609375,2.921875,2.904296875,3.814705846572637,0.5296284447404453,2.419828105593133,0.9184609986786576,0.37955629846423744,0.0892333984375,2.3575277779491848,1.1551880115043405,0.48999974562727716,0.1129150390625,2.3121179069417717,1.0224854817364424,0.44222895323226813,0.10040283203125,2.296947563168559,0.8407680253546523,0.3660371002091324,0.0826416015625,1.1218442445355195,0.2645440449874261,0.23581174149264908,0.0294036865234375,0.20520731197669254
40,test,,0.7724442481994629,74.5625,75.0,2.431640625,3.357421875,3.357421875,134,11,9.2421875,13.28125,0.04498381516896188,9.05830240508514,0.3558694899547845,1.8330078125,0.303955078125,3.087890625,3.05078125,5.081142973899359,0.17893892308548567,7.202607572261545,3.6381632782911595,0.5051175205355265,2.419828105593133,0.8528918116658293,0.35245966839317033,0.0731201171875,2.3575277779491848,1.070381272497082,0.45402700341804986,0.09228515625,2.3121179069417717,0.9953441159698269,0.430490206827888,0.08612060546875,2.296947563168559,0.7432845081764015,0.3235966375963178,0.06439208984375,1.1218442445355195,0.21879459222579456,0.19503116701943124,0.0211029052734375,113,10,2.310546875,7.75390625,12.984375,7.643856958629637,0.046178472926840186,0.3279908080585301,0.40283203125,2.919921875,2.875,3.8835459059203137,0.5391861026659988,2.419828105593133,0.9515136267089135,0.3932153794352613,0.09356689453125,2.3575277779491848,1.164579706690251,0.49398345062271964,0.11517333984375,2.3121179069417717,1.0785687295398931,0.46648517634055753,0.107177734375,2.296947563168559,0.8531421652889994,0.3714243106673796,0.08489990234375,1.1218442445355195,0.2625967553839823,0.23407594829949502,0.0295867919921875,0.2024806710899305
