epoch,phase,messages,loss,accuracy,accuracy_nn,temperature,length,length_nn,lexicon_size,actual_vocab_size,entropy_msg,entropy_max,entropy_msg_mc_ml,entropy_msg_mc_perks,entropy_msg_mc_james-stein,entropy_msg_mc_minimax,entropy_msg_1_ml,entropy_msg_1_perks,entropy_msg_1_james-stein,entropy_msg_1_minimax,redundancy_act,redundancy_max,kld_train_test,kld_test_train,mutual_info_sent_received,topsim,topsim_norm_max,entropy_target,mutual_info_msg_target,proficiency_msg_target,mutual_info_msg_target_shape,proficiency_msg_target_shape,mutual_info_msg_target_color,proficiency_msg_target_color,mutual_info_msg_target_x,proficiency_msg_target_x,mutual_info_msg_target_y,proficiency_msg_target_y,entropy_selected,mutual_info_msg_selected,proficiency_msg_selected,mutual_info_msg_selected_shape,proficiency_msg_selected_shape,mutual_info_msg_selected_color,proficiency_msg_selected_color,mutual_info_msg_selected_x,proficiency_msg_selected_x,mutual_info_msg_selected_y,proficiency_msg_selected_y
1,train,baseline,4.169006824493408,30.015625,30.015625,1.5,2.337890625,2.337890625,1194,10,4.06640625,5.42578125,4.054670381701408,4.054701948028037,4.054714319848628,4.073759086494633,3.629833846192123,3.632131507483915,3.632929097693437,3.7926768395832875,0.250732421875,0.67919921875,,,4.08203125,0.29838239048555093,0.29838239048555093,7.162105003080282,1.2260421301663937,0.17118460698902024,0.30742738551301585,0.0614746895443426,0.35458738601259654,0.06557861287832854,0.5140046452212754,0.13446979726989064,0.5045430617220292,0.13197723672616596,6.855409171403112,0.9972839810603826,0.14547402731561043,0.2919859233626889,0.05621222740979894,0.3327328842527688,0.060815446636541946,0.308103472299881,0.07877158145142843,0.24743523065388207,0.0635393836901034
2,train,baseline,3.523407220840454,36.03125,36.03125,1.4892578125,1.9951171875,1.9951171875,8,5,1.1005859375,3.96875,1.0988050833232084,1.098890246203032,1.0988611289124157,1.1354830097251478,1.0842202108200214,1.0870732020422493,1.0860947943180779,1.287843424399142,0.72265625,0.9130859375,,,1.1015625,0.2881864951170262,0.2881864951170262,7.162105003080282,0.8144696668593796,0.11371931387617076,0.0039680429624997515,0.0016121544008013994,0.00441876622091808,0.0015409765774722828,0.5007233481390179,0.3903037080611955,0.49054683539948307,0.38222206980880824,6.819936362455647,0.8140411286346356,0.11936198307010665,0.0037657577756089466,0.0015908262634610505,0.004075726995171003,0.001551833095554048,0.4404015477176637,0.38414738043631835,0.33368268053052486,0.2893842308700175
3,train,baseline,3.5068516731262207,36.28125,36.28125,1.4794921875,1.998046875,1.998046875,9,6,1.056640625,3.974609375,1.0553062098275874,1.055391498953439,1.0553617506229533,1.0920625913116477,1.0527329066631212,1.0555905188358452,1.0546039173233925,1.25674923272823,0.734375,0.91650390625,,,1.0595703125,0.30864615040414434,0.30864615040414434,7.162105003080282,0.8106593174408816,0.11318729857943059,0.004930545217677995,0.0020363450252940886,0.005780013163722231,0.002044247330456081,0.49791229553116256,0.40062151197377194,0.4884600330649356,0.3928578471847304,6.829494989464308,0.8128795434778195,0.11902483927901383,0.004709573390247357,0.002039503801821081,0.005363933596556514,0.002110204503272313,0.4420255682567742,0.40682337863652224,0.3840499923768146,0.3531556977805417
4,train,baseline,3.488159656524658,37.6875,37.6875,1.4697265625,1.994140625,1.994140625,7,4,0.982421875,3.962890625,0.9829621788821677,0.983047849804081,0.983016673851315,1.0198863679406294,0.9729024295378677,0.9757702788532413,0.9747307357576462,1.1778271918740062,0.751953125,0.92236328125,,,0.982421875,0.27649455530091394,0.27649455530091394,7.162105003080282,0.8128226005811444,0.11348934429634377,0.0027242497032728963,0.0011629812899010825,0.0029125447904663204,0.0010596267069982038,0.5005245761581305,0.4299860493198791,0.49028968876264223,0.4210123700779426,6.846924714401188,0.8128906431527596,0.11872346740471683,0.002509855051804344,0.0011373597038230607,0.0027384682404081317,0.0010911850377794156,0.4735824387559582,0.47318761574487217,0.4145451267393172,0.408750545859851
5,train,baseline,3.4816043376922607,38.125,38.125,1.458984375,1.994140625,1.994140625,8,5,0.95703125,3.962890625,0.9564797452228663,0.9565655724606491,0.9565339555376846,0.9934679505249926,0.9579290797668248,0.9607991898795948,0.9597529458682585,1.1630411104311882,0.75830078125,0.92431640625,,,0.95703125,0.3071929636588223,0.3071929636588223,7.162105003080282,0.8124124276644762,0.11343207441318906,0.002302043148453059,0.0009932577628178894,0.0024847861998766874,0.000912233001274354,0.5005400772462485,0.43936043601350483,0.4903060866733737,0.4301881524713177,6.8444985614048415,0.8124154743988602,0.11869612757024393,0.002422824754665598,0.0011314977843422992,0.0027116296676350515,0.0010955706773191824,0.4455558469952141,0.4624362416570977,0.4700637122642233,0.47446216668834834
6,train,baseline,3.472628593444824,38.34375,38.34375,1.44921875,1.994140625,1.994140625,6,4,0.95751953125,3.962890625,0.9567819479381338,0.956867720848534,0.9568361171705453,0.9937577076982119,0.9691882000920703,0.972056800958675,0.9710139797475016,1.1741660279911228,0.75830078125,0.92431640625,,,0.955078125,0.303710505339172,0.303710505339172,7.162105003080282,0.812441237149479,0.11343609690168796,0.0024315787644022535,0.001050191989129021,0.002762759724311614,0.0010151431657134714,0.5005754930203645,0.4402817440119429,0.49040367943456253,0.4311451433076793,6.82546385314325,0.8124444686913765,0.11903139276273965,0.0024429226455513486,0.001147225946200345,0.0028489802893698624,0.0011714022893929547,0.41682026816457896,0.4452241982576691,0.44214920033897886,0.44580034080826036
7,train,baseline,3.167099952697754,43.03125,43.03125,1.439453125,2.263671875,2.263671875,557,10,2.23046875,5.0078125,2.2190355505796333,2.2190817771875393,2.219079982582826,2.2448195684866343,1.9993452504722635,2.001977772443304,2.0018644663263516,2.187273298150185,0.55419921875,0.82421875,,,2.24609375,0.5056637539163269,0.5765777344678653,7.162105003080282,1.1326934166231877,0.15815090900455078,0.11725923397157167,0.03602268994953493,0.13671761515612246,0.03734096788614073,0.5007976437385135,0.24114760221861062,0.5708824096684042,0.27482901581424196,6.917002647323322,1.1276916577784002,0.16303183839531765,0.12235700682978656,0.03913693470418003,0.1411982215358476,0.04066517445729423,0.4745064816672233,0.2440953815667409,0.5227942858757588,0.2647906491359914
8,train,baseline,2.0635311603546143,52.4375,52.4375,1.4296875,3.01171875,3.01171875,576,10,4.10546875,7.37890625,4.097119630557385,4.097173266899586,4.097239049986297,4.122455032048404,3.9298698104608194,3.9322100087957828,3.9349751359243617,4.093247752877152,0.443359375,0.67626953125,,,4.1171875,0.5649127418789406,0.5996507792447994,7.162105003080282,1.669931395127378,0.23316209332440294,0.11452261356388149,0.024895378032617814,0.1281573520182242,0.02559902833292527,0.5004662207862278,0.14626104718646557,0.9946400516390819,0.2906405948084642,7.043642693183494,1.6679690153354727,0.2368048874696121,0.11315649775752945,0.02500056079555435,0.1264188172572398,0.025742543903701055,0.49253267768003894,0.1462562547413423,0.932122097433993,0.2774006659376984
9,train,baseline,2.0272555351257324,54.84375,54.84375,1.419921875,3.01171875,3.01171875,493,10,4.3125,7.37890625,4.297357558132651,4.297409745656979,4.2974849542499065,4.322276404395976,4.148698311764632,4.151038619974524,4.154275497443956,4.311048499114207,0.41552734375,0.66015625,,,4.328125,0.5513427941371873,0.5881004728279672,7.162105003080282,1.6864754668474138,0.23547203875426198,0.10539720647387973,0.022004038688336586,0.14376561054049297,0.027668070342199678,0.4999129846197228,0.1384233009049362,0.9948365223116324,0.27542684473754137,7.039242211242428,1.6793826565325958,0.23857435305329328,0.10441849106404177,0.022162355429207976,0.13548461099460418,0.0265318725181685,0.48830139365690073,0.13734183809853082,0.9232824638131278,0.2605284637180531
10,train,baseline,1.9127472639083862,58.25,58.25,1.41015625,3.01171875,3.01171875,349,10,3.8828125,7.37890625,3.8724088470914086,3.8724686554327854,3.8725621001008093,3.899775230912123,3.731135457182381,3.7335750566692587,3.737240159708667,3.9007058785338686,0.4736328125,0.69384765625,,,3.888671875,0.5379105044194677,0.5942485537584535,7.162105003080282,1.8071050294431572,0.2523147913449965,0.063247817882635,0.014917101229753517,0.26764565079115243,0.05760609059720614,0.49961697675189853,0.16319187032880061,0.9948043527038104,0.32488372189790043,7.0365963556389195,1.8057592454323315,0.25662396337190063,0.061807479329965886,0.01491945815514957,0.26850176074088594,0.0590794116163571,0.4918012585437417,0.16415463287299115,0.9277199587664224,0.3102244218404982
11,train,baseline,1.905901551246643,58.46875,58.46875,1.400390625,3.01171875,3.01171875,239,10,3.587890625,7.375,3.5769510398470064,3.577016755135817,3.57711346240511,3.6061618160632585,3.510480978001769,3.512977762566255,3.5165602978428327,3.6840430288995054,0.513671875,0.716796875,,,3.6015625,0.5334201872722677,0.593846840281914,7.162105003080282,1.7852417273608885,0.24926215499397045,0.06206450231011296,0.015643624934129758,0.24899608116223249,0.05693186880865464,0.4995537996213919,0.17911725150250474,0.994039157790156,0.3563531821713189,7.059723528218431,1.7825720012517778,0.2524988399512611,0.0600077833136643,0.015407483899980968,0.24333237311064337,0.056598698666832606,0.49392747508619195,0.18039860586640338,0.9389833150664328,0.3431298553919028
12,train,baseline,1.822948694229126,62.09375,62.09375,1.390625,3.01171875,3.01171875,517,10,4.109375,7.37890625,4.09806118249943,4.098121116429534,4.098212509745012,4.125100894724454,3.941524653573946,3.9439156092382794,3.9474355227893763,4.107502300950762,0.443359375,0.67626953125,,,4.1171875,0.5208633996394181,0.5870303053898073,7.162105003080282,1.8687977785862637,0.26092856468629405,0.10073784880445658,0.022870138252754604,0.3750625067639124,0.07796005401749369,0.452698670719462,0.14031277702261832,0.9943835594906423,0.30815875314024244,7.050691471184205,1.8637392102672905,0.2643342454969547,0.1032197561966246,0.02391531068947556,0.37180002126429557,0.07857129172665143,0.44755397043570166,0.14114419818507234,0.9307200413364995,0.29417142575169186
13,train,baseline,1.2950918674468994,72.25,72.25,1.380859375,3.4453125,3.4453125,611,10,5.078125,9.421875,5.065011820429811,5.06506821918014,5.065323491436821,5.09013973170262,4.932664302015409,4.9349171213831164,4.94462472314989,5.086720401866868,0.461181640625,0.599609375,,,5.08203125,0.5429085361938354,0.5764665732685891,7.162105003080282,2.3706386291192034,0.3309974690540892,0.1139553202810415,0.02340489083363276,0.5955135657965407,0.11289252287109246,0.7233950332592514,0.1960183667627044,0.9936932803700769,0.2692245424385378,7.110511368430508,2.3269911280314926,0.327260728161261,0.1143505936853284,0.023469038215072326,0.5766860554134547,0.10911263975409624,0.6845149276755471,0.18448146022625225,0.9670062989749821,0.2605607120929724
14,train,baseline,0.8691431879997253,78.75,78.75,1.3720703125,3.669921875,3.669921875,510,10,5.234375,10.203125,5.231022097412701,5.231079588549291,5.231444669924377,5.256316795218189,5.112194257194409,5.114444987324579,5.128029603862919,5.265307555175151,0.4873046875,0.58740234375,,,5.24609375,0.5451705198988782,0.5558981496395929,7.162105003080282,2.8235126687165284,0.3942294433692595,0.12167559888903945,0.02661257534966557,0.7583073300189795,0.1523228492994074,0.9843661059126898,0.2900580555940772,0.9947211504123343,0.29306606197322244,7.132222686634851,2.808781762478973,0.3938157690648638,0.11652621978815603,0.025495699476164375,0.7476433291750268,0.1503033863753797,0.9652388742277438,0.2843958959715042,0.9789392337955487,0.2882162676790466
15,train,baseline,0.8184685707092285,79.75,79.75,1.3623046875,3.669921875,3.669921875,440,10,5.08203125,10.203125,5.075184295034244,5.075243627025042,5.0756200787044286,5.101150564596926,4.948910775147693,4.951202973623436,4.964980010060386,5.1049630301928355,0.501953125,0.59912109375,,,5.08984375,0.5585370671024583,0.5650639991391186,7.162105003080282,2.8518732603894907,0.39818925569549113,0.11897196245762842,0.0270896996451919,0.7864019412555567,0.16390341310829618,0.9857558057019524,0.3067683182648559,0.9948044083140664,0.30953599731445125,7.13820576557472,2.8366820990667296,0.3973942741672058,0.11399942620159376,0.02596003440021829,0.7769620896711258,0.1620691255273895,0.9686822073538464,0.30138437404832075,0.9814067349741196,0.3050863312990496
16,train,baseline,0.7781336307525635,80.9375,80.9375,1.353515625,3.669921875,3.669921875,375,10,4.97265625,10.203125,4.966009276108751,4.966070653206384,4.966462096242778,4.992647904520377,4.861897196599298,4.864212771965181,4.878273044629879,5.019619166431182,0.5126953125,0.60791015625,,,4.98046875,0.5456809966962564,0.5690713479714351,7.162105003080282,2.913827571372459,0.4068395492832454,0.1230752397181476,0.029130876166366493,0.840043461652817,0.18139225371744325,0.9866463504307976,0.3238639173412441,0.9947832489960371,0.32648114567834446,7.1388447531120915,2.901594507162913,0.40645154888653356,0.1224727867008788,0.029046385854986735,0.8327308930773771,0.18022849803288574,0.9706516807389631,0.31930695735773446,0.9810304257450841,0.32249262592247063
17,train,baseline,0.7610989212989807,81.4375,81.4375,1.34375,3.669921875,3.669921875,318,10,4.83203125,10.203125,4.825937783910025,4.826001785693541,4.826408234326275,4.853441333739457,4.7381819680996795,4.740533694764397,4.754754901158744,4.898374367482751,0.52685546875,0.619140625,,,4.8359375,0.5442947598950068,0.5739639836193822,7.162105003080282,2.9283104633874775,0.4088617050613008,0.11311828149487191,0.027779210313606705,0.8604224415373185,0.19213453046731438,0.9893415759398607,0.34190379541961574,0.9948382917973317,0.34374387953588836,7.1402082997581715,2.9121065150012315,0.40784615696713783,0.11253655599496426,0.027624560353611397,0.8467474074759647,0.1891799171168717,0.9730271327127715,0.3362553402167518,0.9840657630678953,0.33945260853263526
18,train,baseline,0.7376792430877686,82.3125,82.3125,1.3349609375,3.669921875,3.669921875,282,10,4.79296875,10.203125,4.792591315603902,4.792656048221342,4.793070900967231,4.82032637010292,4.686495271577503,4.688863889250582,4.703394974922278,4.847833147691056,0.52978515625,0.6220703125,,,4.796875,0.541488751650891,0.5689132573813024,7.162105003080282,2.9306736307873127,0.40919165936926183,0.11486011232532434,0.028532640251327953,0.855414221050216,0.19301951367491754,0.9901891495712043,0.34778300097762166,0.9945179987141932,0.34924196822785,7.140102928853979,2.919444434230959,0.40887988076938603,0.11439053492906837,0.028421596214395665,0.8491243725272923,0.19174429365565987,0.9742610143361397,0.3419750989178148,0.982132730505322,0.3444687664815217
19,train,baseline,0.724807858467102,82.8125,82.8125,1.3251953125,3.669921875,3.669921875,212,10,4.515625,10.203125,4.513471629822858,4.513539842615623,4.513962278815332,4.542410188150922,4.452021251160968,4.454433571242353,4.468754784555781,4.61676747948537,0.55712890625,0.6435546875,,,4.5234375,0.540419395034812,0.5698969168143077,7.162105003080282,2.962587307720093,0.41364756680416465,0.10983621176826297,0.029548122964936755,0.8854968982251492,0.21475032870104213,0.9924465983287281,0.3909155207595014,0.9948049492521962,0.3917671487365425,7.145405085180666,2.952694824566904,0.41322987141634493,0.10909974426577307,0.02932929354437735,0.8748365712421764,0.21223091626816662,0.9812433845633723,0.3860563721620946,0.9853039649699671,0.3872927732928119
20,train,baseline,0.7994747161865234,82.75,82.75,1.31640625,3.685546875,3.685546875,197,10,4.58984375,10.421875,4.581587355099932,4.5816562336154165,4.582169863954825,4.6106518946872646,4.530672944468902,4.533086181662466,4.55033921854382,4.695111200867042,0.5595703125,0.63818359375,,,4.58984375,0.497470811540406,0.5361025711914261,7.162105003080282,2.869555859323147,0.40065816657100206,0.1136257023548044,0.02924537868280127,0.8462404392479872,0.1971929201213695,0.9887484379324523,0.36527900122008533,0.956886335412892,0.35344258981831855,7.148198557622939,2.8604915961865354,0.40016957742955633,0.11223779265668554,0.028893915523527765,0.8361721385870649,0.19490408322596545,0.9787519579348132,0.3613557070451151,0.9522523592220198,0.3512338612467653
21,train,baseline,0.6328465938568115,85.8125,85.8125,1.3076171875,3.73046875,3.73046875,206,10,4.75,10.640625,4.752304844870391,4.752373422463972,4.753004400455974,4.781105348449478,4.676572844275231,4.678969230724764,4.69997238057792,4.839446703558611,0.55322265625,0.62548828125,,,4.7578125,0.49836322998708815,0.5454208143034767,7.162105003080282,3.245343733902857,0.4531270810058073,0.12627334394219147,0.034353661887569914,1.1581184840396705,0.2837226009463337,0.9868857568969212,0.3951865478145946,0.9947768057818118,0.3982665302064352,7.151776231394363,3.227985470945514,0.4513543721873639,0.12419746638394713,0.03369798594815234,1.1408211723180024,0.2789766005366187,0.9817616559822282,0.3914333872012188,0.9884208988104719,0.39413704302530594
22,train,baseline,0.5780876278877258,87.0625,87.0625,1.298828125,3.73046875,3.73046875,210,10,4.75390625,10.640625,4.755177600660159,4.755245917847634,4.7558845772742515,4.783916502923259,4.689291720322679,4.691683941188852,4.712877781877989,4.851880132314753,0.55322265625,0.625,,,4.76171875,0.5123556094559906,0.5452068718354569,7.162105003080282,3.2408732208815536,0.4525028911873977,0.1145928144641335,0.031124267253509412,1.1636492307328385,0.2846524812660249,0.988411381565081,0.39483372935799826,0.994839978569483,0.3973222058543329,7.152483879720452,3.2250727213154224,0.45090248025018564,0.10948399547135779,0.029662691025371578,1.1504439008679626,0.2808679651902833,0.9814872450659067,0.39057615150341146,0.9896238327379763,0.3935601588873211
23,train,baseline,0.5730929970741272,87.0,87.0,1.2890625,3.732421875,3.732421875,210,10,4.69921875,10.6484375,4.698830307301256,4.698899306129659,4.6995421903728545,4.7278138043636115,4.645242554632036,4.647647360535522,4.669043710469005,4.80871425106762,0.55859375,0.62939453125,,,4.70703125,0.4985898695973718,0.5482495095241725,7.162105003080282,3.240346685048829,0.45242937427686675,0.12531775205010653,0.03449513953814088,1.1481940729815427,0.28427038837937424,0.9885274522907945,0.4027428401691897,0.9948070637481683,0.40521855565785975,7.152316663552243,3.2291732427925988,0.45148633578379754,0.12429286828218444,0.03424294977416489,1.1411708064726565,0.28272059840508035,0.9823861842813173,0.40038492638390505,0.989573002614593,0.4030920052899152
24,train,baseline,0.5443511605262756,87.9375,87.9375,1.2802734375,3.73046875,3.73046875,204,10,4.6484375,10.640625,4.642751954182355,4.642821660419526,4.643462732046266,4.671969355304071,4.599603007700486,4.602015062930386,4.623249678689643,4.763662553190123,0.5634765625,0.63330078125,,,4.65234375,0.5081713771235263,0.5409757969085529,7.162105003080282,3.26081368285325,0.4552870533803732,0.13819674199967302,0.03889679536696448,1.158926494569057,0.2927255388281594,0.9837749310946649,0.41431073949037545,0.9948397794342592,0.4188822581750231,7.154563458934003,3.2482246180491234,0.4540073809804594,0.13239912182617974,0.03721745128984404,1.1507542765689225,0.2903317286954247,0.9771207479366009,0.4104992745307806,0.990801233641676,0.41596944184246704
25,train,baseline,0.5288634896278381,87.9375,87.9375,1.271484375,3.73046875,3.73046875,184,9,4.59765625,10.640625,4.596907974606343,4.596978056675468,4.597620398915217,4.626285054009032,4.563377577229991,4.565797984264343,4.587090519479348,4.728046954576434,0.56787109375,0.63720703125,,,4.6015625,0.4986395759926908,0.5493891158857785,7.162105003080282,3.263724828201502,0.45569351842759037,0.1296807678891252,0.03702061642636421,1.175099577832535,0.3006050370982732,0.9775639564788268,0.42054600641702944,0.9948740750901903,0.42790056651566527,7.154985601444563,3.253941340057346,0.45477957906727134,0.12618561548134188,0.03599017815530535,1.16957168299135,0.29896917861619393,0.9727787809024768,0.41762568752146173,0.9910743918501383,0.42528753855829843
26,train,baseline,0.5175149440765381,88.25,88.25,1.263671875,3.73046875,3.73046875,163,10,4.578125,10.640625,4.575847204989164,4.575918223737202,4.576581600317757,4.605488314530678,4.5363173649596344,4.53874761733491,4.560459885931063,4.701637406781352,0.56982421875,0.63916015625,,,4.58203125,0.5006552967840691,0.5573537206179866,7.162105003080282,3.297687856195232,0.460435563954586,0.15264567848451804,0.044291774731709636,1.1721574362815073,0.3042551772407806,0.9937531453710182,0.4381736145585643,0.9948741655096311,0.438571029314259,7.15537423136404,3.2877525954740223,0.45948017380598594,0.14975797415275593,0.04336822326534056,1.1639569596830999,0.3016638545425807,0.9897627989299007,0.4349605305483116,0.9910425948033144,0.4353784111171011
27,train,baseline,0.512454092502594,88.25,88.25,1.2548828125,3.73046875,3.73046875,163,10,4.50390625,10.640625,4.501151909012547,4.501223318187414,4.501873444339309,4.5309640408710345,4.45757890192315,4.460020979579577,4.481302245847559,4.62389389309327,0.57666015625,0.64453125,,,4.5078125,0.4993246760350032,0.5501692565930132,7.162105003080282,3.2905616635894166,0.45944057817837214,0.14664161051863367,0.04333471929981251,1.1723224817733087,0.3093109483564278,0.9932107510944146,0.4503322722357707,0.9948741695763692,0.45098404736564296,7.154155949047938,3.27863913277466,0.4582845490264963,0.14316593873125516,0.04221985792438685,1.1627234153720192,0.3063867436614591,0.9875507270454849,0.4463694443560522,0.9905409276041421,0.4474815766300507
28,train,baseline,0.5146878957748413,88.5,88.5,1.24609375,3.73046875,3.73046875,130,10,4.3515625,10.640625,4.342054163157112,4.342126807206751,4.3427770891006965,4.372369834994291,4.312759292978827,4.315225845529249,4.336430158298129,4.481059815473568,0.59130859375,0.65673828125,,,4.35546875,0.4891697825442767,0.548012178313008,7.162105003080282,3.281009905662688,0.4581069258621019,0.1388412677287718,0.04288075589597415,1.16268727247253,0.31906662882914033,0.9919683617653288,0.4816729091921886,0.9948742830784161,0.4829664632622979,7.1570283402630555,3.2738656819589043,0.4574336618930552,0.13872858892245077,0.04274085246670539,1.1592117374840347,0.31748128841511275,0.9866996291224286,0.47719943458049574,0.9919105457282908,0.4796045832259996
29,train,baseline,0.49619361758232117,89.0,89.0,1.2373046875,3.73046875,3.73046875,126,10,4.31640625,10.640625,4.315985690423997,4.316058745457152,4.316706310710341,4.346429562512774,4.274284693228756,4.2767573363757485,4.297757204613311,4.443090380150695,0.59423828125,0.65966796875,,,4.31640625,0.5109398179273467,0.549399860530178,7.162105003080282,3.31842562416729,0.4633310490058578,0.15793095231663656,0.049770808012812466,1.1769586480219978,0.32881953523813345,0.9914454651599645,0.49702944749987193,0.9948743201281518,0.4986231702526906,7.158241261310419,3.308257640584193,0.46216067883391915,0.15542908014451307,0.04888934237667838,1.171062295436946,0.32659525074076695,0.9881252053384353,0.49367895886236707,0.9928122583369703,0.4957756670297467
30,train,baseline,0.4931567907333374,88.875,88.875,1.228515625,3.734375,3.734375,111,10,4.25,10.65625,4.2440359898417785,4.244109732955311,4.244761990912488,4.274734681531499,4.227171041739501,4.229655144221198,4.250822238131715,4.396799145732216,0.6015625,0.6650390625,,,4.25,0.49756356397913154,0.5526619587850194,7.162105003080282,3.3157851931062226,0.4629623821041674,0.16354817986143644,0.0527368674550738,1.1710455255969148,0.333879240263933,0.9924588649018276,0.5161558657412745,0.9948398188588881,0.5172593817715642,7.155315228584136,3.308659325282476,0.4624058087706612,0.16193884644940404,0.05208496124778311,1.161714254135398,0.3305111433714745,0.9881430405285592,0.5115946974310233,0.99067413942862,0.5128032994301135
31,train,baseline,0.4730015993118286,89.375,89.375,1.220703125,3.73046875,3.73046875,103,10,4.15234375,10.640625,4.150280834797561,4.150354794237198,4.150982421747507,4.181131042058738,4.128775371848409,4.131271254884023,4.151679372696802,4.2994861082122,0.60986328125,0.67236328125,,,4.15625,0.5045451593897965,0.5524722206630223,7.162105003080282,3.34946638635399,0.4676650768054154,0.15677867187742933,0.05268993536154241,1.2083400430989446,0.35731981440874866,0.9934956991978012,0.552840972367309,0.9948743919422744,0.553453877522499,7.157700543224463,3.346313534613997,0.46751236858904976,0.1552514973817729,0.05220406373103641,1.2085706483573917,0.35760027620013407,0.9906846111321013,0.5515594096841056,0.99174491197659,0.5521035064093202
32,train,baseline,0.46463239192962646,89.625,89.625,1.2119140625,3.73046875,3.73046875,99,10,4.1484375,10.640625,4.147770708250924,4.1478449715477606,4.148485921173229,4.1787024579299885,4.1464402043901245,4.1489320058275325,4.169637292001348,4.316864097613084,0.6103515625,0.6728515625,,,4.15234375,0.5120863336648916,0.5544743172704759,7.162105003080282,3.3641199891456823,0.46971106786326644,0.16949638736917816,0.05738526992063921,1.2063543671730912,0.3590513863020696,0.9935190078260243,0.5596551448917785,0.9948744183342741,0.5602605541817907,7.157557941227154,3.3542702677140364,0.46863333769100457,0.16625180921403437,0.056123514143435985,1.2011371369850128,0.3565943988408672,0.9903267157933859,0.5550287919482079,0.9926866753238706,0.5558875804629531
33,train,baseline,0.4645107090473175,90.0625,90.0625,1.2041015625,3.73046875,3.73046875,95,10,4.1875,10.640625,4.182693119542023,4.1827675141858025,4.183421191473785,4.213626469189501,4.1777536187829,4.18024676832293,4.201372094173654,4.3480943837519765,0.6064453125,0.669921875,,,4.1875,0.5313462051148916,0.5522036048668472,7.162105003080282,3.345115104736503,0.4670575345234165,0.15564393704272383,0.051718608862918,1.2053263656565774,0.3528866806327074,0.9927573086237738,0.5421894910707392,0.9948744179196982,0.5431971233326004,7.158416931624664,3.3389455654064637,0.46643630809705594,0.15512203595360674,0.05143513722138067,1.2022491304678056,0.3514501681286377,0.9891037343731774,0.538283878753326,0.9924509446665617,0.5400764114451363
34,train,baseline,0.4611165225505829,89.625,89.625,1.1953125,3.73046875,3.73046875,84,10,4.0703125,10.640625,4.064655118205247,4.064730539104526,4.065378696325588,4.0959763430144935,4.0579661575482975,4.06047945477018,4.0813843053678935,4.229936460716937,0.61767578125,0.67919921875,,,4.0703125,0.5453007384693166,0.5564191022066157,7.162105003080282,3.3490505063296157,0.46760701007444794,0.1577265411480493,0.05454025348147593,1.2070260192502298,0.36597506931711643,0.9943167118192804,0.5802818077455862,0.9939989086145875,0.579926791698599,7.158401317525728,3.3435347094783134,0.46707841055130905,0.15804040395197205,0.05464569651561331,1.2000774031654649,0.36393959364230255,0.9911430879945424,0.5782623588152518,0.9923457041921839,0.5788179354124137
35,train,baseline,0.44867807626724243,90.625,90.625,1.1875,3.73046875,3.73046875,92,10,4.05078125,10.640625,4.048144602964762,4.048219953559788,4.048864098129448,4.079462286427393,4.025370821710653,4.027886977184592,4.048608405437312,4.19764941821394,0.619140625,0.6806640625,,,4.05078125,0.5290053341095551,0.558705620680956,7.162105003080282,3.384391236119887,0.47254141550065604,0.18931552221293568,0.06674086600979262,1.2032292901776724,0.37105136212753764,0.9936767041823726,0.59926707252841,0.9948744808934364,0.599808215366032,7.158005217344619,3.375372900515602,0.47155217103456554,0.18468845545085077,0.06487568736684919,1.1979121663220278,0.36832881073487117,0.9913479867594459,0.5939784654963555,0.992224593079583,0.5944060990235026
36,train,baseline,0.4493129551410675,90.1875,90.1875,1.1796875,3.73046875,3.73046875,66,10,4.0078125,10.640625,4.006240702029161,4.006316634879347,4.0069640206979775,4.03775513365113,3.99292113927923,3.99544454794781,4.016182624776732,4.165732759836273,0.62353515625,0.68408203125,,,4.00390625,0.5302336945877726,0.5605171631363653,7.162105003080282,3.380619225622195,0.4720147532280323,0.19603122146814211,0.07003856034434588,1.1944249904256594,0.37266560224342776,0.9943735704652745,0.6136283426868766,0.9933356803188227,0.6127984187803248,7.157968743888166,3.3689669932844755,0.4706596401613334,0.19368964783345,0.0690344061339601,1.1884119476362036,0.36996229038254635,0.9916360805884716,0.6089237088228229,0.9904323513578168,0.608036827039973
37,train,baseline,0.45038414001464844,90.4375,90.4375,1.1708984375,3.73046875,3.73046875,62,10,4.0078125,10.640625,4.009008538074369,4.009084532916159,4.0097376177658015,4.040539921952988,3.998142628119481,4.000665750945785,4.0215628488277675,4.170917881807682,0.623046875,0.68359375,,,4.01171875,0.53276067978977,0.5602147971191686,7.162105003080282,3.3823148117202697,0.4722514973273363,0.18501092281742615,0.06612830569098485,1.1972469242483035,0.3736798232734407,0.9943735808325016,0.6140631130561545,0.9948400365321524,0.6141611697373842,7.158481108762166,3.3753390632253275,0.47151609565523966,0.1832614076757979,0.06537792682045278,1.1919822500186577,0.3713465190748659,0.992309470139376,0.6102062379672237,0.992170396024477,0.6101728993302952
38,train,baseline,0.4444129467010498,90.625,90.625,1.1630859375,3.73046875,3.73046875,63,10,3.96875,10.640625,3.969062687048907,3.969139040946358,3.9697881922696547,4.000727545331848,3.9603016092380328,3.9628307398473623,3.983601099786629,4.133574192890738,0.626953125,0.68701171875,,,3.97265625,0.5187762439363464,0.5568634834345892,7.162105003080282,3.3535282023076993,0.46823220280426103,0.1749626048773747,0.0627126684583978,1.1913959225515285,0.37276676821266835,0.9941378337553575,0.616907491872366,0.9948745534624148,0.6171728009422337,7.159410758843747,3.344218571492807,0.4671080741333107,0.16677781381130785,0.05968294081205367,1.1875404412204622,0.3709820656559363,0.9921419195367749,0.6137334038825577,0.9933403668630474,0.614121788221726
39,train,baseline,0.4358835220336914,90.5,90.5,1.1552734375,3.73046875,3.73046875,71,10,3.990234375,10.640625,3.988651612693478,3.988727835571759,3.9893790365110484,4.020261713279654,3.968514006661278,3.971042752039983,3.991818461252275,4.141722460233356,0.625,0.68505859375,,,3.9921875,0.5301775174228526,0.5551472069225066,7.162105003080282,3.371996551538473,0.4708108230873804,0.17864272586296437,0.06402941590032171,1.2017965327458313,0.37600896302253306,0.9943391536565054,0.6169934560227975,0.9948745493223168,0.6171338376660684,7.158167357498599,3.3589176254780546,0.4692426787087329,0.1760833079640438,0.06288334269787244,1.1966242618487861,0.3731630749580684,0.9873093799912711,0.6084996765733066,0.9922763421993483,0.6113162206866158
40,train,baseline,0.425739049911499,90.875,90.875,1.1474609375,3.73046875,3.73046875,64,9,3.935546875,10.640625,3.93496485982502,3.935041398716271,3.9356846261763896,3.966713048285795,3.9408331524426283,3.9433635923416226,3.9638964742244154,4.114266873942946,0.6298828125,0.689453125,,,3.935546875,0.519013790426118,0.5548473163663334,7.162105003080282,3.4094926927414924,0.47604617515034137,0.20307670705791825,0.07529738960595361,1.2144104420418893,0.3913443321839302,0.9942989662555641,0.6547587867514436,0.9948745735041289,0.654921781063206,7.158060181458864,3.403841751536549,0.47552572418339484,0.20049262269942947,0.0741771082614434,1.2112249798009387,0.38975616297831234,0.9910673088073123,0.6502520000764168,0.9922279740713149,0.6508578668095482
41,train,baseline,0.42418381571769714,91.1875,91.1875,1.1396484375,3.73046875,3.73046875,66,9,3.958984375,10.640625,3.9577934206468037,3.957869924046648,3.958520436835988,3.989509830041658,3.938540723038682,3.9410736248665335,3.9617820435282765,4.112116503709916,0.6279296875,0.68798828125,,,3.95703125,0.5144171111918175,0.5554858112462867,7.162105003080282,3.3987283040815055,0.47454321077668904,0.20121297084013712,0.07369497180421075,1.2014719939358347,0.38305775087528565,0.9942145263027031,0.6406325588736356,0.9948461526412196,0.6408326945892112,7.159588033562613,3.3934786804602193,0.4739768076811569,0.20050079740977367,0.07338742531926054,1.1958591782591652,0.3810874338290649,0.9927917184074779,0.6386390789187659,0.9931796517797356,0.6388181424285256
42,train,baseline,0.4220452606678009,90.8125,90.8125,1.1318359375,3.73046875,3.73046875,54,9,3.947265625,10.640625,3.945287248499501,3.9453638694984945,3.9460130574165957,3.977048227235574,3.9369229378658037,3.939456916024997,3.9601922650319064,4.110564224287274,0.62890625,0.6884765625,,,3.94921875,0.5350719287919616,0.5628671125818305,7.162105003080282,3.3910063835033526,0.47346504722353927,0.19027570614779243,0.06978854435312971,1.202445151569881,0.38384385531695797,0.9942740133108572,0.6422800819226184,0.9948745805510519,0.6424601301492867,7.159692719713828,3.3851446572045987,0.47280585769886263,0.18672873820461344,0.0683129114749962,1.2018759895009241,0.3828604868382197,0.9927557516202983,0.6384411511835749,0.9934555171137722,0.6386608391434135
43,train,baseline,0.41688233613967896,91.375,91.375,1.1240234375,3.73046875,3.73046875,58,9,3.91015625,10.640625,3.9096525433820393,3.9097294586122926,3.910373025649812,3.9415221097987976,3.887849623779685,3.890391538274018,3.9108830600877833,4.062134794618351,0.63232421875,0.69140625,,,3.91015625,0.5364159704317779,0.5561908221952504,7.162105003080282,3.39048592790015,0.47339237925749034,0.19120722171941917,0.07103377052813718,1.207439784767871,0.3897531766565389,0.9943383788730804,0.6570416247388023,0.9948745918267097,0.6571784027855637,7.15984972255278,3.3804167460687817,0.4721351532589883,0.18831054510625034,0.06980491440284677,1.204239157111477,0.3880701458231586,0.9923564033313204,0.6531922637557835,0.9933398798127877,0.6537937517963371
44,train,baseline,0.4058190882205963,91.5,91.5,1.1162109375,3.73046875,3.73046875,62,9,3.888671875,10.640625,3.88802644842669,3.8881035786490736,3.8887452651680228,3.9199709403270795,3.873882352701998,3.876426494259079,3.896871473049668,4.048351567583891,0.634765625,0.693359375,,,3.888671875,0.533780587483055,0.5556201093162981,7.162105003080282,3.406277255406188,0.4755972237130305,0.19909247046236,0.07500361543388669,1.2123128940216166,0.3961005244318488,0.9943573686596929,0.6736765847781007,0.9948746027498236,0.6737983241348957,7.160221695336859,3.402073098878767,0.4751351625179971,0.1982438366433774,0.07461722279662633,1.2077869572550872,0.3943086405012476,0.9931419184668409,0.6714964049152972,0.9936882302129755,0.6716210949117835
45,train,baseline,0.40979400277137756,91.375,91.375,1.1083984375,3.73046875,3.73046875,52,10,3.86328125,10.640625,3.8636815429442706,3.8637586631215743,3.864390200251201,3.895648643902235,3.8471977218128703,3.8497443689510273,3.869872341294906,4.021923370927992,0.63671875,0.6953125,,,3.86328125,0.517275436604927,0.5518749918854972,7.162105003080282,3.3896610512814833,0.47327720688591635,0.18639360975345465,0.07044236695811708,1.2134356489401128,0.3975577255535096,0.9943736429994878,0.6775408345987107,0.9948746012958916,0.6776508653181313,7.159404904041959,3.3843434604808365,0.47271295671099006,0.1839593760654772,0.06937651680548451,1.2067887376091173,0.3947333298514735,0.992431897592426,0.673655520879532,0.9934761500471359,0.6738969281638518
46,train,baseline,0.3970571458339691,91.6875,91.6875,1.1005859375,3.73046875,3.73046875,52,10,3.892578125,10.640625,3.8918727456072935,3.8919498344280736,3.892589555796654,3.9238044350542873,3.8852266898767893,3.8877693279054912,3.9081360032637527,4.059562216848814,0.63427734375,0.69287109375,,,3.892578125,0.5264671077690726,0.5561106439204051,7.162105003080282,3.4089404426093455,0.47596906791274723,0.1847444238147693,0.06964790029273304,1.2353337528442214,0.40387155199269537,0.9943736502839009,0.6745513386942419,0.9948746085803037,0.6746618996796527,7.159577271193487,3.404578693958831,0.47552789291864084,0.18278483661025735,0.06871302979857977,1.2308472806042614,0.40149993288697794,0.9924271515800855,0.6699054345931845,0.99349110583195,0.6701423342324073
47,train,baseline,0.39795204997062683,91.75,91.75,1.09375,3.73046875,3.73046875,47,10,3.890625,10.640625,3.8912625419392155,3.8913397112491395,3.891981249920448,3.9232163423540416,3.8906137603260174,3.8931553662953813,3.9135808265008585,4.064869608344719,0.63427734375,0.693359375,,,3.892578125,0.5281459620611263,0.5563610338198289,7.162105003080282,3.413603527821591,0.4766201453837198,0.19528022209321527,0.07375020896869774,1.2281174342359993,0.4021286844775295,0.9943736544403139,0.6767035917384836,0.9948746127367194,0.6768137718713242,7.159600904471045,3.41119828085719,0.4764508980838522,0.19018213710689036,0.0717955246722473,1.2267616427392385,0.40162668007036667,0.9928730552058793,0.6751941600545787,0.9931477922868783,0.6752548329790309
48,train,baseline,0.40137019753456116,91.5,91.5,1.0859375,3.73046875,3.73046875,48,9,3.89453125,10.640625,3.8951471551786607,3.8952243629236434,3.8958675934761513,3.9271057922766737,3.883060966539497,3.885604933455865,3.906032313665599,4.057476824087736,0.6337890625,0.69287109375,,,3.896484375,0.5522011163146543,0.5603227700588417,7.162105003080282,3.3565361074848603,0.46865217782220164,0.17071984746371616,0.06297931819711157,1.2051736631703056,0.3866565883538634,0.9943736468905762,0.6489391946198636,0.9948746051869817,0.6490539297352055,7.159407593359812,3.353334509576638,0.46838156172122114,0.17007454498302632,0.0627361949877784,1.200255772556611,0.3850324036816218,0.9928890899503768,0.6474243253756281,0.9931020518721274,0.6474732787094292
49,train,baseline,0.4133090674877167,91.4375,91.4375,1.078125,3.73046875,3.73046875,46,9,3.892578125,10.640625,3.8924935178491356,3.8925707504599294,3.8932128687112932,3.924467077356185,3.8878863803809725,3.890428797401578,3.910844160648351,4.062200879687277,0.63427734375,0.69287109375,,,3.89453125,0.5182554751824515,0.5598411948413193,7.162105003080282,3.351818719023768,0.4679935183276726,0.16898814052304356,0.06221626238580969,1.193538591791678,0.3822599385842121,0.9943736548485971,0.6466551498907163,0.9948746131450008,0.6467702251624162,7.1598723921210725,3.3464061678329045,0.46738349296774967,0.1673895349343093,0.061611861707261996,1.1911766711937721,0.3814943720829225,0.9929683479428375,0.645412149828026,0.9932733255080599,0.6454824258861609
50,train,baseline,0.40202343463897705,91.5,91.5,1.0712890625,3.73046875,3.73046875,48,10,3.865234375,10.640625,3.8638504668736022,3.8639278643911976,3.864564685155299,3.895891250850268,3.855317939613202,3.8578650195584885,3.8780986185848736,4.030029576129624,0.63671875,0.6953125,,,3.865234375,0.5085045632777495,0.5533329831371376,7.162105003080282,3.3968407983240905,0.4742796701337352,0.19616801410534457,0.07427546854165333,1.2093155069488022,0.39685230046101394,0.9943736655498538,0.6798368478930799,0.9948746238462611,0.6799464652401946,7.159483095062588,3.3881714158744893,0.4732424633017267,0.19293086883551958,0.07292564835414032,1.205364474224429,0.39510445122470045,0.9928897823888656,0.6767360641182584,0.9930606821160186,0.6767802167640347
51,train,baseline,0.3855648338794708,91.9375,91.9375,1.0634765625,3.73046875,3.73046875,44,10,3.80859375,10.640625,3.8076648626658214,3.8077425716032187,3.8083737427445588,3.83984103903148,3.7972818470934806,3.7998383221452854,3.819878477485341,3.97275759864106,0.64208984375,0.69970703125,,,3.80859375,0.52619839285273,0.5498016841375124,7.162105003080282,3.4310553468156,0.47905683389729276,0.19917903973610684,0.07817567657786648,1.238365323662034,0.41921359191839963,0.9943736844523619,0.7261293982561715,0.9948746427487682,0.7262295486226958,7.159408956981695,3.4246931137861414,0.478348580778649,0.1960635346887205,0.0768103669971193,1.2325265458240597,0.416622745524461,0.9930393408868818,0.7221772838535663,0.9930187025805859,0.7221731139530458
52,train,baseline,0.3891064524650574,92.0625,92.0625,1.056640625,3.73046875,3.73046875,38,9,3.88671875,10.640625,3.8854940787390806,3.8855715678167018,3.886220556059265,3.9175390570366044,3.8869704519731103,3.889514929315072,3.91008401874751,4.061398046434023,0.634765625,0.693359375,,,3.888671875,0.53101618795694,0.565900044004625,7.162105003080282,3.4151769266259113,0.47683982923415813,0.19783761366263164,0.07480675875762723,1.2241007500940508,0.4012353373130685,0.9941559071343846,0.6780370443402401,0.9948746389664587,0.6782954860417758,7.159113583606716,3.4096272113925195,0.47626387981887147,0.1942009399779865,0.07339403459288475,1.2219189145874,0.40044531739705497,0.9924714986594694,0.6761792396950596,0.992647534872054,0.6762469230617374
53,train,baseline,0.38316309452056885,92.1875,92.1875,1.048828125,3.73046875,3.73046875,40,8,3.890625,10.640625,3.8913642514802484,3.8914418053099524,3.8920928765019474,3.9234217804687885,3.8821053266814887,3.884652785413463,3.9053089792420863,4.05671512387738,0.63427734375,0.693359375,,,3.890625,0.5472024079413,0.557685510851167,7.162105003080282,3.418210701244819,0.47726341624071594,0.19183388898667175,0.07250990201871371,1.2263171070769205,0.4018334705936602,0.9943736886311587,0.6777351693696593,0.9948746469275633,0.6778451653020318,7.160097501205285,3.416368355476448,0.47713992091607116,0.19071594165854933,0.07210040426531257,1.227516422148197,0.40233679450104093,0.9933144364455497,0.676989607062582,0.9939715522680572,0.6771342040409217
54,train,baseline,0.3819248676300049,92.0625,92.0625,1.0419921875,3.73046875,3.73046875,42,8,3.90234375,10.640625,3.9025098314566886,3.902587297834865,3.903241594345873,3.9345388475830396,3.8986890830007472,3.901234014481334,3.9219912503369865,4.073086319895228,0.63330078125,0.6923828125,,,3.90234375,0.5248740062456095,0.5510409383602638,7.162105003080282,3.4193893189951234,0.47742797927767194,0.19227780276446982,0.07241809655820167,1.2318306503085603,0.4023896572975517,0.9943736882058474,0.673382524840796,0.9948746465022529,0.6734932906949692,7.1605240955463785,3.4148866599794987,0.47690456933221564,0.19183077731920406,0.07218643548891067,1.2309012204667136,0.4017565207520887,0.9920063559783436,0.6702359704641107,0.9937661315378765,0.6713413429807857
55,train,baseline,0.37362349033355713,92.1875,92.1875,1.03515625,3.73046875,3.73046875,40,8,3.87890625,10.640625,3.8804330302017975,3.8805106404428797,3.881162144813365,3.9125185162845035,3.8692275203133852,3.871776773510228,3.892426164095933,4.043989470422298,0.63525390625,0.69384765625,,,3.880859375,0.5405028337895429,0.5582392900529431,7.162105003080282,3.4422990150710002,0.4806267170881374,0.2014860113607515,0.07717697543386234,1.2408483369254126,0.41130158068844946,0.9938629003379926,0.6939032999006151,0.9948746550003298,0.6943668310892186,7.160679787936233,3.432653470883993,0.47937536275076365,0.19933294422375614,0.07619480300103168,1.2379530678580286,0.4095974500094376,0.9917257869175575,0.6895936702146173,0.9939335481725671,0.6910039981769943
56,train,baseline,0.3791346549987793,92.125,92.125,1.0283203125,3.73046875,3.73046875,37,9,3.859375,10.640625,3.8583463106654947,3.858424074082664,3.8590698909110785,3.890493817747799,3.861408901241614,3.863959409566659,3.884435233587084,4.036271750033456,0.63720703125,0.69580078125,,,3.859375,0.5145389277123286,0.5556802025251348,7.162105003080282,3.4062028427039595,0.47558683393206574,0.18548424609012226,0.07065367147784386,1.2356207388559417,0.40760180618372877,0.9943737020502255,0.6872739551684007,0.994874660346631,0.6873821971005754,7.160505148016231,3.4018733686989053,0.47508846071305055,0.1827536427422194,0.06952367756681577,1.2328733237168743,0.4063659627027254,0.9933114583206999,0.6851397523234753,0.9939998125733469,0.6852891753063779
57,train,baseline,0.3753952383995056,92.5625,92.5625,1.0205078125,3.73046875,3.73046875,36,7,3.818359375,10.640625,3.818113105969604,3.8181911276930998,3.818837010730604,3.8503658729011,3.824037140925483,3.8265912220634646,3.847038761007457,3.999267014291167,0.64111328125,0.69873046875,,,3.8203125,0.5148488967177001,0.5630036976606382,7.162105003080282,3.4631946146315165,0.4835442391785744,0.21154673581218386,0.08367896388455173,1.248062637695659,0.4253420496427878,0.9943737174617207,0.7367624498190457,0.9948746757581262,0.736860120921683,7.159882093769352,3.4561111990208344,0.48270504370852696,0.2067437530509384,0.08152517566628235,1.2456103377234173,0.42343874281374927,0.9921220467687215,0.730583729767842,0.9933590946860162,0.7312761260662924
58,train,baseline,0.38028159737586975,92.4375,92.4375,1.013671875,3.73046875,3.73046875,31,7,3.833984375,10.640625,3.833194872342852,3.833272809101616,3.8339231555574247,3.865414557931298,3.8353085701495297,3.837862691580212,3.8584677853784894,4.010487155868479,0.6396484375,0.69775390625,,,3.833984375,0.5470742695106241,0.556097126267461,7.162105003080282,3.4366707090210333,0.4798408718586209,0.20540206975841357,0.07991917017161482,1.2281337825354308,0.41263726665466194,0.9943737149995586,0.7145027791172001,0.9948746732959641,0.7146055101002383,7.1604951291526096,3.4312318619288726,0.4791891901384385,0.20392582879043353,0.0792033252942452,1.2254175789757156,0.4111554028712032,0.9929314423886861,0.7112966219951642,0.9940525616865159,0.7115498425414085
59,train,baseline,0.3686467409133911,92.125,92.125,1.0068359375,3.73046875,3.73046875,33,8,3.837890625,10.640625,3.838973351427992,3.8390513059296514,3.8397005602461807,3.87119150122319,3.835023250547743,3.8375776374522172,3.8581156960127023,4.010217863969716,0.63916015625,0.697265625,,,3.83984375,0.5154127375581824,0.5564711820964314,7.162105003080282,3.4521626732580195,0.482003918090186,0.21761483761954903,0.08499187826844191,1.2337404024323657,0.41587687529833467,0.9943737195722395,0.7195195370765756,0.994874677868645,0.7196211712462939,7.160014606569018,3.4462909907372863,0.4813245754520468,0.21696823066867488,0.08471739636716884,1.233180019106575,0.415565554244422,0.9930548610793375,0.7177597432877585,0.9935021314172738,0.7178509558248528
60,train,baseline,0.37079015374183655,92.5,92.5,1.0,3.73046875,3.73046875,32,7,3.826171875,10.640625,3.826561774446059,3.8266396752147247,3.827280346660125,3.8587780892527332,3.823707105990175,3.826263028880933,3.846580863581028,3.9990293323552573,0.64013671875,0.6982421875,,,3.828125,0.5236700330289538,0.5552333883817462,7.162105003080282,3.440029958889781,0.48030990294198295,0.21841993436785767,0.0853144935033542,1.2281893663049468,0.41403994296760294,0.9943737156405508,0.7196473052814156,0.9948746739369572,0.7197489111866435,7.1608744697101985,3.4325159664375624,0.47934312784797034,0.216348856869228,0.08428507191750607,1.224699293236113,0.412030052827506,0.9928730170952154,0.7151591686038068,0.9939090631020191,0.7157869368365943
1,test,,3.4038901329040527,35.40625,35.40625,1.5,2.07421875,2.07421875,12,5,1.224609375,4.2578125,1.2201527648444352,1.2204913711332395,1.2204011935914019,1.2919074849087477,1.1015627772855636,1.1522025634465451,1.1381821466386939,1.9088948350576436,0.71240234375,0.9033203125,5.1171875,1.392578125,1.23046875,0.29254023988321176,0.29254023988321176,5.50434055893928,0.8463217290289717,0.15375533544241005,0.002242517769023067,0.002217423757109216,0.0033198153321185586,0.0024943376495241355,0.49258367746106835,0.3773353883296789,0.4524464879139396,0.34378829345750317,4.921805153129178,0.8465703784213583,0.17200404162345334,0.002315071288853332,0.0024430850328144324,0.0029890063978825765,0.0026868771094919045,0.40263690276318886,0.41111525343906985,0.16706632278376343,0.1547843651176815
2,test,,3.359213352203369,38.1875,38.1875,1.4892578125,2.07421875,2.07421875,9,5,1.11328125,4.25,1.1097426117322264,1.1100831683562224,1.1099849872025789,1.1819709259930966,1.0225953213417902,1.0734268403047018,1.0584694284056826,1.8336839124286168,0.73828125,0.912109375,0.9482421875,0.97119140625,1.119140625,0.2937417196542311,0.2937417196542311,5.50434055893928,0.8449389748763607,0.15350412385079343,0.0017529588816485031,0.0019200683855673936,0.0026105505460014555,0.0021179377315754676,0.49260604924859486,0.40809832405738883,0.45254367200878676,0.37163453536229524,4.95653562956134,0.8445344935070833,0.17038806065877626,0.0015601306743606713,0.0017695370504714784,0.0026645914890766065,0.002981612857244209,0.3034560241637907,0.3264500265933819,0.23434938286733686,0.24791497798078246
3,test,,3.3478024005889893,39.125,39.125,1.4794921875,2.07421875,2.07421875,7,4,1.0673828125,4.24609375,1.070860373804803,1.0712015540070743,1.0710996399757902,1.143245046948574,1.0538533266737753,1.1046080099867763,1.0899776945720538,1.8634419145102266,0.74853515625,0.916015625,0.9306640625,0.95849609375,1.0693359375,0.31447902971657493,0.31447902971657493,5.50434055893928,0.844231631805316,0.15337561743599756,0.0015436258565779681,0.001779389301380827,0.0021793899733779654,0.001835852324605033,0.49247498306033677,0.42395781951060885,0.45233879641648667,0.38587300037312455,4.966424580549719,0.8436660481245277,0.16987392729744116,0.0011937574310190158,0.0014133622328328743,0.0019765979035595294,0.0022139083043333234,0.4837432571367657,0.536608063042818,0.19797112077392587,0.21351627001235193
4,test,,3.354203701019287,36.34375,36.34375,1.4697265625,2.07421875,2.07421875,10,6,1.0185546875,4.24609375,1.0164164761111556,1.0167582930483439,1.0166525406475913,1.0889914040427713,0.9954278459804807,1.0463182483100255,1.0308936764691605,1.8077140316653388,0.76025390625,0.919921875,0.900390625,0.9345703125,1.0166015625,0.31129957180014106,0.31129957180014106,5.50434055893928,0.8434260692188313,0.1532292670098459,0.0011775925976857948,0.0014473856104603145,0.0017545705961552471,0.0015483003550924087,0.49250745173505184,0.4446177682402511,0.45231347909826614,0.40444915592165964,4.966479574173104,0.8430551353610438,0.1697490390869892,0.0010017328929627922,0.0012848553973985766,0.0017270593100358056,0.0018873780204645668,0.5762716733383897,0.6051812444204713,0.3356103312847134,0.40279510721292733
5,test,,3.3437812328338623,35.1875,35.1875,1.458984375,2.07421875,2.07421875,3,3,0.99560546875,4.24609375,0.9989532298798867,0.9992954119380105,0.999188403791265,1.0716088321905792,0.9545939655323356,1.0055877910956597,0.9898099741007012,1.7688814051729045,0.765625,0.92138671875,0.8896484375,0.9267578125,0.99560546875,0.3247614813319325,0.3247614813319325,5.50434055893928,0.8436970335720082,0.15327849440598454,0.00135503967698547,0.001710245801391645,0.0017699030319970888,0.001591738375829534,0.49234028058270685,0.4531779988991968,0.4522302622280785,0.41222329524911905,5.080494098712626,0.842839668025787,0.16589718473235873,0.0011661089127308344,0.0017761131891100364,0.001684478876652129,0.0019808731703558555,0.40519079842411276,0.48169138939444595,0.23536868775462683,0.2645412580402444
6,test,,3.345693349838257,36.34375,36.34375,1.44921875,2.07421875,2.07421875,5,4,1.0234375,4.24609375,1.0223144387485297,1.0226562269219617,1.022550725358506,1.0948734232237678,0.9304086188560002,0.9814586044018592,0.9653483667744861,1.7458123147611138,0.7587890625,0.91943359375,0.89453125,0.94970703125,1.02734375,0.3201090959199092,0.3201090959199092,5.50434055893928,0.8452186543181552,0.15355493455896088,0.0016644398533873783,0.0020376937849930447,0.0027986713262082574,0.0024626453397203416,0.4924049327272799,0.4432345652902712,0.4524020938937614,0.40336500607319936,5.100119992579129,0.843610061932005,0.16540984587803623,0.0018799910757829608,0.00237276205655389,0.002270751052678932,0.0025280029208405628,0.46988243856611334,0.49410428598040534,0.3655166734554065,0.38486385870718304
7,test,,2.092811107635498,50.21875,50.21875,1.439453125,3.1015625,3.1015625,107,10,4.32421875,7.66015625,4.278836708809422,4.279059153456676,4.279348232878659,4.328651984170009,3.3006584589380172,3.3457762302792142,3.40295329355454,4.0009266738530345,0.435546875,0.6591796875,1.7841796875,2.666015625,4.37109375,0.5172223311761912,0.5754928538951599,5.50434055893928,1.76067265513234,0.31986986202605755,0.06801548106665756,0.0215442450271336,0.10123505617403783,0.029118666412688732,0.4923713180900986,0.14267008634891745,0.9448990511735431,0.2729539359053454,5.284198441136121,1.7476233760227657,0.3307262956701188,0.0647493738796161,0.020489749294584296,0.09505330034628034,0.027702594698338953,0.4429928355671944,0.1322702758506156,0.8167392470563062,0.24335494692210838
8,test,,2.0613083839416504,50.46875,50.46875,1.4296875,3.1015625,3.1015625,98,10,4.03125,7.66015625,3.994891794781413,3.995145669928656,3.9954799318936853,4.0496831857982105,3.265368846674507,3.3105974151486346,3.367881395951195,3.9676488631913376,0.473876953125,0.68212890625,2.20703125,2.2265625,4.06640625,0.5263982126969168,0.575422893752774,5.50434055893928,1.6802780904234842,0.30526419512590697,0.04383749138846316,0.014784340798414494,0.06794430668030138,0.020684748499339583,0.4923778794233584,0.15107156477307673,0.9457263220303762,0.28922438131828565,5.305164247514105,1.6713659459475405,0.3150450896465099,0.045401718797198676,0.015248650516427792,0.05699851068348227,0.01832951625855787,0.4279390166759649,0.13605624798355737,0.8097303661042483,0.2581223162894896
9,test,,1.9782925844192505,52.3125,52.3125,1.419921875,3.1015625,3.1015625,100,10,4.57421875,7.66015625,4.543353768367391,4.543594049410448,4.544051385538597,4.59539072338856,3.860627091478689,3.9044511327221354,3.9831099477437952,4.535126301439089,0.402587890625,0.63916015625,2.720703125,2.880859375,4.61328125,0.5148818235385363,0.5629669354028949,5.50434055893928,1.8451353708910094,0.3352146094765943,0.03145440447836911,0.009430051087647991,0.17026120275037382,0.046580879533051886,0.4921334707324103,0.13558678936685842,0.9457281631222099,0.25979464674631747,5.413223591856056,1.8092465096426755,0.33422718994364153,0.03337553993054154,0.009769889469848905,0.1783869112691825,0.04934454929317703,0.4704121233758878,0.1295935499071981,0.8857614155493936,0.24533098109483248
10,test,,1.927439570426941,55.09375,55.09375,1.41015625,3.1015625,3.1015625,78,10,3.96875,7.66015625,3.933477831051749,3.93375018150762,3.934239930455621,3.991059928406729,3.38090712350742,3.426000308577309,3.5037965991769116,4.079652698310357,0.48193359375,0.68701171875,2.3671875,2.3984375,3.994140625,0.5117865087294411,0.5652706634050377,5.50434055893928,1.833830208676496,0.333160746331053,0.02839204432116027,0.010314523607839661,0.16346009182055177,0.05320530631871533,0.4923450585147098,0.16159755645508256,0.9455862192741087,0.3092808756524286,5.334361817470919,1.7973203953735797,0.33693259978861156,0.03686936111654493,0.01329000198307674,0.1599546572526256,0.0534068385762004,0.44510225754811206,0.15063349539594784,0.8463131010697902,0.2832261905182531
11,test,,1.9348294734954834,56.25,56.25,1.400390625,3.1015625,3.1015625,79,10,3.95703125,7.66015625,3.936809313690703,3.937087176486162,3.9375854961095924,3.9951269852691795,3.462512904145295,3.507373338559628,3.583319737191665,4.156904357810102,0.4833984375,0.68798828125,2.255859375,2.3671875,3.982421875,0.5111905719375393,0.5665052858911522,5.50434055893928,1.857366131201375,0.3374366304760948,0.03362367128582289,0.012412668464344847,0.18318977938993974,0.060489760005695795,0.49236858266477057,0.16396288391204372,0.9457318057271937,0.3138252606841506,5.383393685226832,1.8085203223108963,0.3359442812577237,0.03288526973717598,0.01156378581633152,0.17064419840470713,0.05711214347505798,0.46662296962104577,0.15449328222909592,0.9026372260710129,0.29823499941585085
12,test,,1.8798768520355225,58.5625,58.5625,1.390625,3.1015625,3.1015625,93,10,4.09765625,7.66015625,4.0708372548243155,4.07109987572682,4.0715408601335925,4.126702169715824,3.338023288732961,3.383143487530597,3.4538988341292556,4.037768373023406,0.465087890625,0.6767578125,2.373046875,2.35546875,4.1171875,0.48888225583572814,0.5634704333398036,5.50434055893928,2.037057447830337,0.3700820154599756,0.05439952542495696,0.02028266570033871,0.332088795219593,0.11063380468613297,0.47968489522939883,0.16117483219951056,0.9456020578850444,0.3165924150741185,5.418815234386853,1.9538898387772035,0.3605750988478368,0.05276008655817055,0.01862048100914764,0.28292680916497215,0.09289183452026624,0.4699928431335083,0.15423592720840748,0.8980349984591047,0.2973632148699051
13,test,,0.9851948022842407,75.0,75.0,1.380859375,3.830078125,3.830078125,100,10,5.03515625,10.6640625,5.012797008210122,5.013050037855348,5.014594551907798,5.0656006752736,4.330217453639626,4.373008757623408,4.62426879374508,4.983862994401351,0.52783203125,0.6025390625,2.619140625,2.5,5.06640625,0.5355742623635329,0.5403957574477536,5.50434055893928,2.779358405696228,0.5049393975418969,0.06529162243644304,0.022741069515663077,0.4986903360326842,0.1562943567940507,0.9309355487739044,0.29411622735480075,0.9453428209079471,0.29766787642509934,5.47980763876653,2.6712963158707392,0.487479943086475,0.06467843137115104,0.021613482148861038,0.4631027539939341,0.14057152115212684,0.9178946328643045,0.28109931046615777,0.939660571018492,0.28618641925367566
14,test,,0.8890147805213928,76.625,76.625,1.3720703125,3.8125,3.8125,93,9,4.91015625,10.625,4.88151549140424,4.8817722621571,4.883366787914362,4.935128789453076,4.316064194798536,4.358884527136079,4.6092755903252804,4.9703139149751525,0.5380859375,0.61279296875,2.5234375,2.421875,4.93359375,0.5268716403121189,0.5398443119380775,5.50434055893928,2.8669835789193607,0.5208586838369329,0.06031682357469492,0.022648305226587048,0.5509061446931289,0.1846932068373059,0.9268859673401844,0.31342287038403527,0.9457312900753427,0.318649453882162,5.4806941166006915,2.826483841458466,0.5157164003911872,0.07659550800094816,0.028311104664726427,0.5173158469196473,0.1722067506936406,0.915746847786358,0.3071827763464414,0.9471434900896218,0.3152467575411222
15,test,,0.8660148978233337,78.0,78.0,1.3623046875,3.8125,3.8125,86,10,4.7734375,10.625,4.751245861279485,4.7515092978592435,4.7531642740540025,4.806070796940542,4.260732567673546,4.3037158008079,4.554977644056851,4.918002471662936,0.55078125,0.62353515625,2.56640625,2.484375,4.796875,0.5322261213724434,0.5417517817485669,5.50434055893928,2.8748575166463324,0.5222891799413544,0.09213175432787768,0.03666396384198341,0.5282529357188936,0.1864975036422594,0.9325485522176047,0.3322251317684814,0.9457322372364914,0.33565022065676425,5.485420262781229,2.8290828597345623,0.5157458725505482,0.0752169111931682,0.029161827125886015,0.5283882972004887,0.18316152751620585,0.9395231980104617,0.3274154464519304,0.9492833789485386,0.32995054671404733
16,test,,0.834567666053772,79.875,79.875,1.353515625,3.8125,3.8125,83,10,4.7421875,10.625,4.728705040330588,4.728975646085049,4.730771485620905,4.784573773683794,4.236424650594262,4.279518568217448,4.544297081195578,4.895540864464407,0.5537109375,0.6259765625,2.54296875,2.474609375,4.76171875,0.5326660386504765,0.5438690495556983,5.50434055893928,2.8930020444433264,0.5255855834982757,0.06302320183619425,0.02546539860833869,0.5291341868129136,0.18934977276073023,0.9334458786098585,0.33711003672725437,0.9455992972964538,0.340192623555374,5.4905072527333045,2.8561688364484468,0.5202012682938499,0.07215134128400535,0.0286691351498305,0.5131389116285359,0.181233512733447,0.9342869796339812,0.33276360186504195,0.9473933532444274,0.3361114653404283
17,test,,0.8320849537849426,78.5,78.5,1.34375,3.8125,3.8125,75,10,4.609375,10.625,4.586544642034849,4.586820185262719,4.588612248732179,4.643374696949586,4.116376310016483,4.15977543785367,4.418598629441446,4.781395710261711,0.56640625,0.63671875,2.529296875,2.412109375,4.62890625,0.5400178825719218,0.5461328115478359,5.50434055893928,2.937622269478207,0.5336919541991975,0.05831734534574995,0.02538751406570152,0.5481576287846028,0.2094833982731529,0.9329608090520285,0.3600501997580281,0.9448292426781855,0.36314010456632567,5.463817575195372,2.847600772274438,0.5211742033998299,0.04447293011867526,0.018685193890589043,0.5276641964895186,0.19561996826664224,0.9274584498211986,0.34564032686378293,0.9363539186439471,0.3479384692899337
18,test,,0.8312476277351379,78.0,78.0,1.3349609375,3.8125,3.8125,55,10,4.2578125,10.625,4.246724339522526,4.2470098624558394,4.24872776846462,4.305586788473108,3.9541361230253695,3.9979592040389527,4.2489850818984145,4.627282852541518,0.599609375,0.66455078125,2.640625,2.498046875,4.26953125,0.5404924827451586,0.5469331693828826,5.50434055893928,2.8907055143653633,0.525168361843225,0.06385776816401556,0.031940157386742773,0.5234125096811812,0.22571410970138386,0.9349656038568597,0.40767604716016664,0.9457346603824242,0.4104683393267295,5.483890287871562,2.8504997651620574,0.5197951847188411,0.06364848414173885,0.031472332521532496,0.5254762242428166,0.22233274182964763,0.9444225499151147,0.4034732201200362,0.9415993041057975,0.40278269426559316
19,test,,0.8534345626831055,78.9375,78.9375,1.3251953125,3.8125,3.8125,53,9,4.33203125,10.625,4.322244355691067,4.322531211041889,4.324368423800405,4.381155043172667,4.0682342816337345,4.111795854872044,4.378735534186375,4.736155999245955,0.59228515625,0.658203125,2.5,2.4140625,4.3515625,0.5279218626148259,0.54397232108725,5.50434055893928,2.9640169234632436,0.5384871978260058,0.07010775530010616,0.035110776964643986,0.5546709962527032,0.23945567441807003,0.9333532495381052,0.407423378716937,0.9457348410563293,0.410920558537663,5.489581690951635,2.8973468956034285,0.5277901047322178,0.0638547316566127,0.03104321424682443,0.5662080810389201,0.23683026606963034,0.9409219838346985,0.39681814955645756,0.9523449887883295,0.40002688684459764
20,test,,0.7791424989700317,81.6875,81.6875,1.31640625,3.873046875,3.873046875,64,10,4.65234375,11.0234375,4.642573448345793,4.642856596837285,4.645359602828367,4.700379559802282,4.406532136165579,4.449262367747845,4.804603299483952,5.058229098319206,0.57763671875,0.6328125,2.576171875,2.46875,4.6640625,0.4950878563996261,0.5297014875191188,5.50434055893928,3.1440759293395946,0.5711993826823603,0.09656255469431141,0.04544184170868292,0.7436756319558153,0.30421232968640954,0.9324840826655096,0.3854706531495715,0.9455962720493796,0.3891800723182998,5.496240422913917,3.0356716510154413,0.5523178422762725,0.0764946753153124,0.03392855184656086,0.6998026147329774,0.2724319710251018,0.9344148744103169,0.36756097601166643,0.9563135867233656,0.3732338975170937
21,test,,0.6839258074760437,81.0,81.0,1.3076171875,3.873046875,3.873046875,53,8,4.6484375,11.03125,4.640430874365807,4.640713243980805,4.643302075346367,4.698144068201902,4.337555215945663,4.380480475519261,4.741470305646561,4.992910924173817,0.57861328125,0.63330078125,2.478515625,2.40625,4.65625,0.4924137789676177,0.5305043430654593,5.50434055893928,3.2289645138861776,0.5866214997620748,0.11985094888540893,0.05838856890353273,0.7654988979896986,0.3226865239578514,0.9322019230715979,0.3972304651319989,0.9457348149120213,0.4011791015178028,5.50945846951199,3.1500446990057274,0.5717521452312079,0.09367156418939437,0.04429226125214776,0.739831014167998,0.3009574434374558,0.9493460772557061,0.3895204937480786,0.9670302654328866,0.39437939297547725
22,test,,0.7569875121116638,80.8125,80.8125,1.298828125,3.875,3.875,69,9,4.640625,11.0390625,4.630439896675917,4.630722285229373,4.633284144667442,4.688166217472105,4.2599832137581535,4.303089587344722,4.656963005525747,4.918938791854841,0.57958984375,0.6337890625,2.576171875,2.490234375,4.65234375,0.5107194647734584,0.5376071183719929,5.50434055893928,3.1960782832917056,0.5806469002178909,0.11178096104224888,0.053886889641620445,0.7640425170883427,0.3191506908467077,0.9327608535716809,0.3938238751731679,0.9457347083319974,0.39751671453296356,5.495430339926416,3.1141359802183386,0.5666773642080298,0.0924410906463855,0.04293197853011217,0.7315603828989223,0.2952265741366952,0.9375579688159927,0.3811175443552859,0.9611256577435636,0.38738659222555594
23,test,,0.7081031799316406,82.625,82.625,1.2890625,3.873046875,3.873046875,52,9,4.5390625,11.03125,4.527429894859379,4.527716538299371,4.5302539609743695,4.585951463820419,4.20740486082543,4.250633262573219,4.591506510347216,4.868785915272929,0.58837890625,0.64208984375,2.525390625,2.431640625,4.546875,0.5167172628505753,0.5404860562666047,5.50434055893928,3.178538789580294,0.577460416110739,0.14398978899951942,0.07249773242925561,0.7304360030662336,0.3167886146586021,0.9333239865995049,0.4093099757687498,0.945735103878266,0.4128275144198427,5.506139826731429,3.147792138182888,0.5716876500122391,0.13778711979752067,0.06871019405536212,0.723500434694694,0.30830635144902746,0.9425762090024108,0.4044575094440683,0.9659750688861442,0.41057878491895033
24,test,,0.6605841517448425,84.5,84.5,1.2802734375,3.875,3.875,58,9,4.4765625,11.0390625,4.465066304308768,4.465354828968986,4.467907057582668,4.523973412264343,4.192370558301713,4.2356754535333785,4.5868698379184645,4.854999952126271,0.59423828125,0.64697265625,2.59765625,2.44140625,4.48828125,0.4839387369855653,0.5284323622786012,5.50434055893928,3.2117778636136247,0.5834991184180206,0.11949669259899043,0.06324957767964008,0.7647942920590953,0.346231174171463,0.9166948379170563,0.41984781955298933,0.9457353396566379,0.43104890645919747,5.513935314747414,3.1743379322444794,0.5756937198291909,0.10919840254527191,0.056485022148769194,0.7519159686758847,0.33295092204223825,0.9293007733626757,0.4148967649084727,0.9720545822293953,0.42927644480664884
25,test,,0.762795090675354,81.9375,81.9375,1.271484375,3.876953125,3.876953125,59,9,4.5390625,11.046875,4.529240312491485,4.529528304506616,4.532129551440539,4.587946419964948,4.265631106957536,4.308724137038372,4.661280713815568,4.924321468392494,0.58935546875,0.64208984375,2.701171875,2.55078125,4.546875,0.520364930760291,0.5435134559381515,5.50434055893928,3.221625352406056,0.585288159028242,0.1322678194050919,0.06820511766219842,0.7549970702100035,0.334233775521635,0.9346518582351777,0.41849306485937254,0.9457352678787618,0.42144887447440393,5.499769937693765,3.1090583318369482,0.5653069795753455,0.09648882165121897,0.04703399602509282,0.7223377391942929,0.3040759435639315,0.928879295171539,0.39408311467475865,0.9619986381195593,0.40413756496729053
26,test,,0.7711367607116699,81.0,81.0,1.263671875,3.873046875,3.873046875,49,9,4.328125,11.03125,4.322107334898908,4.322400099962587,4.3248972780397,4.381865777613591,4.131847739685804,4.175298516518301,4.521709395739867,4.7973494939232335,0.607421875,0.65869140625,2.560546875,2.50390625,4.3359375,0.5339383828149026,0.5475842456976294,5.50434055893928,3.200954588499063,0.5815328020175966,0.1228215929812837,0.06962830622303967,0.7305079810605397,0.3506015536673872,0.9348170057518317,0.4542201635644503,0.9457356036838451,0.45716311896459844,5.503645207217669,3.131854283493415,0.5690509045507137,0.10838907442007084,0.059744713566610694,0.6954285028037486,0.32127931135179527,0.95124409824788,0.4436144720437016,0.9619944873840378,0.4464343455291456
27,test,,0.749550461769104,81.9375,81.9375,1.2548828125,3.873046875,3.873046875,49,10,4.35546875,11.03125,4.3542265876221675,4.354517813110574,4.357021159068853,4.41371810795624,4.147103451865433,4.190510243716233,4.5335727650129725,4.811785362392819,0.60498046875,0.65625,2.513671875,2.451171875,4.359375,0.5045931545735056,0.5345778244583009,5.50434055893928,3.280915857604084,0.596059750023232,0.13498494533763683,0.07894114955470456,0.7574718797735827,0.37321829996294215,0.9338615244680701,0.4659863107794618,0.9457355101813221,0.4694202737303184,5.492503507782236,3.2086534314047235,0.5841877801003561,0.10607314332656781,0.06002239536629901,0.753519905279556,0.3573658477498836,0.9355568107092234,0.45019843132399756,0.9567778614728555,0.4560147626361211
28,test,,0.6980558037757874,83.8125,83.8125,1.24609375,3.873046875,3.873046875,42,8,4.14453125,11.03125,4.1382579361024385,4.13855563220138,4.141000160412866,4.199050972602004,3.9893462459637,4.0331620662272885,4.367628021942959,4.6618860566722695,0.62451171875,0.67333984375,2.560546875,2.408203125,4.14453125,0.4925128044446338,0.5356721005482358,5.50434055893928,3.272628373577918,0.594554122975373,0.13524027538978434,0.09021737444804179,0.7517546067376522,0.4133533645204081,0.935063678426137,0.5214617148295476,0.9457359279813238,0.5243038720683711,5.49209572205571,3.26068043845492,0.5937042257585482,0.12253047451764232,0.08267745269801222,0.7376882034455354,0.4002638070083076,0.9408188468182477,0.5167101881666432,0.9566544188199986,0.5208771702807197
29,test,,0.7365066409111023,81.9375,81.9375,1.2373046875,3.873046875,3.873046875,44,9,4.16015625,11.03125,4.152210355491334,4.15250807740425,4.154932682082388,4.212984587603638,3.980365004862201,4.024197958714655,4.356907055648558,4.653272561933255,0.623046875,0.671875,2.521484375,2.412109375,4.16796875,0.4909503178212775,0.5352362423609489,5.50434055893928,3.281158656514439,0.5961038604680264,0.13220404229120142,0.0873833084686828,0.7550793553034723,0.4120386677742141,0.9351012662515936,0.5174794505310337,0.9457359582753133,0.5203025539432007,5.4931453053139805,3.208132854638137,0.584024757461748,0.12321639548295416,0.07820463660654496,0.7359035516478869,0.3822048694022158,0.9403549155923958,0.4981721284540133,0.9562077760353294,0.5023515666234533
30,test,,0.7288188934326172,83.125,83.125,1.228515625,3.875,3.875,36,9,4.08984375,11.0390625,4.0835089514392156,4.083806802946537,4.086177229692481,4.144430187433022,3.9268486178632207,3.9708226519103285,4.29773559227364,4.602451504005062,0.62939453125,0.67724609375,2.494140625,2.349609375,4.09375,0.48993573015540515,0.5321420003695386,5.50434055893928,3.240634114848782,0.5887415722462623,0.12066725746781515,0.0812720516511001,0.7527286139988538,0.4171729110549999,0.9348779618208525,0.5255541739623046,0.945735950921959,0.528498544039085,5.466874146782352,3.207825022359616,0.5867749899177122,0.1079731560347783,0.07319968437411625,0.7320302432854451,0.4013491488135397,0.9189262838665355,0.5124363106273353,0.9422784003166029,0.5188884205118932
31,test,,0.7132650017738342,84.0,84.0,1.220703125,3.873046875,3.873046875,30,7,4.05859375,11.03125,4.05471558118505,4.05501550091233,4.057458540282687,4.115990698472298,3.9446906275836295,3.9886320333938583,4.324051024202918,4.619590554538904,0.6318359375,0.68017578125,2.416015625,2.38671875,4.0625,0.5173989010406627,0.5432723100194753,5.50434055893928,3.2806880147479713,0.5960183567166818,0.14794262985684892,0.10431548658667779,0.7516641924469951,0.4325261130201019,0.9351014373342652,0.5460979331023029,0.9457361293579849,0.5488995579361365,5.489752743749521,3.2693964711278793,0.5955453048136499,0.14732718399468325,0.10643586270922394,0.7580828368583683,0.4346143052860607,0.9367698492215109,0.5454914407894766,0.9544522738489194,0.5501310089382994
32,test,,0.7314409017562866,82.875,82.875,1.2119140625,3.873046875,3.873046875,34,9,4.11328125,11.03125,4.109750631180022,4.110049105133771,4.112452968601867,4.170711399755954,3.9515330679659018,3.9954494963316916,4.319805375012535,4.625990960773312,0.62744140625,0.67578125,2.3984375,2.3828125,4.1171875,0.5081327427335932,0.5402273229944401,5.50434055893928,3.2947764079195325,0.5985778628047782,0.13660519845784513,0.09403725904903147,0.7467591560453073,0.42135152701842205,0.9344568968576024,0.5349594711992348,0.9457359945191328,0.5381402606487603,5.494935917700266,3.286039490764944,0.5980123408136511,0.14143618177550987,0.09821419864250845,0.7475474091826921,0.4172488620078532,0.946625809889051,0.534216943508786,0.9568156879222727,0.5370307315509152
33,test,,0.6485414505004883,84.0,84.0,1.2041015625,3.876953125,3.876953125,36,10,4.0234375,11.046875,4.017434365338465,4.0177359367769645,4.020183444588896,4.079005427649391,3.945125560622292,3.989074386091717,4.327856405689799,4.620118544510763,0.6357421875,0.6826171875,2.416015625,2.302734375,4.02734375,0.5162839634412829,0.5425779317918713,5.50434055893928,3.295013361468092,0.5986209112946058,0.12851205926630538,0.09367636688240187,0.7650778450449094,0.4523082137041252,0.9350598020046279,0.5612662338814797,0.9457362705787027,0.5640740153255921,5.483458770556453,3.273145226852222,0.5969125261645887,0.11851688159499396,0.08716456754123074,0.7700243122243586,0.4520952355396764,0.9238820432381951,0.554602116908808,0.9580388799763568,0.5635511475810998
34,test,,0.7183964848518372,83.3125,83.3125,1.1953125,3.875,3.875,30,8,3.95703125,11.046875,3.9549626098270636,3.9552643540026056,3.957616919275353,4.016674441898594,3.8585248834946353,3.9026794624371126,4.226974234130827,4.537580278760436,0.6416015625,0.68798828125,2.484375,2.369140625,3.95703125,0.5358310710913987,0.5488150882043101,5.50434055893928,3.2823415269779317,0.5963187582293162,0.13955447320116932,0.10627624747497061,0.7463823960724412,0.45713113228355495,0.9350135117094016,0.5817512665551847,0.9457362748105727,0.5845549567716806,5.483891681356868,3.2532154842704557,0.5932311710915339,0.12940499114715287,0.0976389159972944,0.7395757084580241,0.44461961513609244,0.931362910245821,0.5707838692355703,0.9534593981219865,0.57654294224521
35,test,,0.7361618876457214,82.875,82.875,1.1875,3.873046875,3.873046875,26,7,3.958984375,11.03125,3.9614553432755777,3.9617587241230012,3.9642182262513623,4.023383550104241,3.827603609914896,3.871859881963551,4.204493496775336,4.5084898244791765,0.64111328125,0.6875,2.462890625,2.37109375,3.96484375,0.5272170525043851,0.5457690372050701,5.50434055893928,3.3426800109306254,0.6072807405606423,0.16172114387302905,0.12930464419024698,0.7489677027868309,0.4769515070444945,0.9347915425158373,0.6051180553586197,0.9457364027617743,0.6080173036130834,5.474531538135692,3.2957158317104267,0.602008739698074,0.1351785044841476,0.10566684890758599,0.7381786602177529,0.4576271731962153,0.9261114740183478,0.5853826415491302,0.9488790952416561,0.5913399902463541
36,test,,0.7044653296470642,84.5,84.5,1.1796875,3.873046875,3.873046875,29,9,3.892578125,11.03125,3.8945500328744376,3.8948542896156573,3.8972100239327987,3.9567234814859074,3.852754225411778,3.896913977774684,4.216367321019421,4.531966860351789,0.64697265625,0.69287109375,2.380859375,2.345703125,3.89453125,0.5136325879750273,0.5433604540595982,5.50434055893928,3.2795565290508284,0.5958127942728201,0.14608062587824744,0.11691045722261828,0.7477730946694576,0.4765519046583367,0.9351017563829407,0.6057855145216963,0.9457364484066613,0.6084828546565842,5.498068156548144,3.2510567077852897,0.5913089134614152,0.13383232109470633,0.10541839150317951,0.7421266686946959,0.46388680195086895,0.9357750706812835,0.5957012565471057,0.9621900090489861,0.6023872651682016
37,test,,0.6547996401786804,85.4375,85.4375,1.1708984375,3.87109375,3.87109375,23,8,3.861328125,11.0234375,3.864830249836591,3.865135744641826,3.8675144275327047,3.9272310681554576,3.8118372276281027,3.8561172792431733,4.179509607700624,4.4932777235596495,0.64990234375,0.6953125,2.39453125,2.3515625,3.861328125,0.4929381095456847,0.5345677823243349,5.50434055893928,3.3411486658719194,0.607002533745074,0.16579134125375994,0.1425037875217931,0.7645176405378988,0.5155067538446935,0.9351018001862306,0.6415673879358246,0.9342417144675368,0.636334342241721,5.490974757631999,3.322810773881812,0.6051404205170277,0.14692084452479381,0.12724884731867825,0.7543740153701481,0.5028013582632004,0.9355653478860262,0.6363739551525024,0.9444504161932139,0.633406227328479
38,test,,0.6589023470878601,85.4375,85.4375,1.1630859375,3.873046875,3.873046875,26,7,3.908203125,11.03125,3.905783484778815,3.906088795659049,3.9085322047796414,3.9680853243161835,3.8102191521747883,3.8545077003664314,4.181375444711376,4.491801305905154,0.6455078125,0.69189453125,2.357421875,2.31640625,3.91015625,0.4994950124420256,0.5348426309138959,5.50434055893928,3.3286728865334965,0.6047359989613273,0.13196875571668532,0.10813300395771187,0.7579503604388789,0.49215835434704064,0.9346356417865653,0.6171086362683144,0.9457365237317719,0.6200841131268733,5.508907980713517,3.321185626748103,0.6028754951753507,0.1330905248804033,0.10894539808401797,0.7527944480755115,0.48419099833524304,0.9437689292668061,0.616473629348798,0.9651026486379894,0.6219177485714853
39,test,,0.713753342628479,83.8125,83.8125,1.1552734375,3.875,3.875,28,9,3.91796875,11.03125,3.91536846769008,3.9156729763609124,3.918086882064593,3.977544267389,3.8749122099931808,3.919037374687403,4.249599033880461,4.55332853118697,0.64501953125,0.69091796875,2.369140625,2.33984375,3.92578125,0.5091529696757678,0.5390539179230431,5.50434055893928,3.3260050647218167,0.6042513229528004,0.1687101153058288,0.1374947830130054,0.7634962129902734,0.4936441214876153,0.9351018067614154,0.6147378498181699,0.9457364987851351,0.6174126208703768,5.486789478616843,3.310399975479304,0.6033400749893211,0.15546117685759775,0.12773015543999508,0.7594649093561916,0.4826581381077094,0.933205152121559,0.6044695487019897,0.9546249819312855,0.6098821881078459
40,test,,0.7058398127555847,83.5625,83.5625,1.1474609375,3.873046875,3.873046875,25,7,3.880859375,11.03125,3.8802660759159693,3.880571954087423,3.882963919484688,3.9426927734514168,3.854805981795446,3.8989858290595043,4.226457956336644,4.534254786709186,0.64794921875,0.69384765625,2.384765625,2.30859375,3.88671875,0.5042110083268684,0.5376095944968645,5.50434055893928,3.3517152256037877,0.6089222114282994,0.1544609958472316,0.1321626928944735,0.7553031993739019,0.5074794339371288,0.9351018929726305,0.6392423029810639,0.9457365849963484,0.6418460645722679,5.4898980965213005,3.3155197656163113,0.6039310215461386,0.13876189673406447,0.11747637837866698,0.7575145214228973,0.4960519267964788,0.9355152482657276,0.6241783771918092,0.9592114564908556,0.6300277043290924
41,test,,0.7486920952796936,81.0,81.0,1.1396484375,3.875,3.875,28,7,3.77734375,11.046875,3.7722758581675357,3.772583872878815,3.7749359763196804,3.8352006070669264,3.738588058441278,3.783051287648583,4.100593853687513,4.423587822238535,0.658203125,0.7021484375,2.44921875,2.310546875,3.78125,0.49740113173952816,0.5377330943017375,5.50434055893928,3.318089264487411,0.6028132214854866,0.15127515689186755,0.13701652646253587,0.767078120062612,0.5387961529381201,0.9351019542375241,0.6688017844009149,0.9457366462612438,0.6713019027415066,5.493284021646928,3.2866744268611217,0.5983077543250261,0.14415940196481003,0.13039036920986988,0.7458991890062965,0.5123644181181648,0.9411428425856849,0.6579047439466139,0.9575848140424927,0.661806601420543
42,test,,0.6965670585632324,84.0,84.0,1.1318359375,3.875,3.875,23,7,3.841796875,11.0390625,3.8361068394442306,3.8364132762580723,3.8387526493422586,3.8986933834027906,3.7962713523821634,3.840591952205421,4.16022128662496,4.47849058109855,0.65185546875,0.69677734375,2.837890625,2.435546875,3.83984375,0.551127521312991,0.554283584228407,5.50434055893928,3.341513183175761,0.607068757355321,0.17359546962940442,0.15212654806245096,0.7606104902443498,0.5206988555965824,0.9351019222743036,0.6515320978560256,0.9457366142980232,0.6540951558199013,5.5073549945067874,3.2926320458299703,0.5978608695306816,0.1533959934293625,0.12881273750196046,0.7393841240366923,0.48859181194171375,0.9410589776826921,0.6325641896162438,0.9651989928555578,0.6384311918878062
43,test,,0.6596916317939758,83.8125,83.8125,1.1240234375,3.873046875,3.873046875,25,7,3.77734375,11.03125,3.7723720934502056,3.7726803808254847,3.7750558402447827,3.835339080710291,3.750243894086883,3.794697104456618,4.1201492151217955,4.434935677790891,0.65771484375,0.7021484375,2.4140625,2.341796875,3.77734375,0.5038134522150978,0.539955541673946,5.50434055893928,3.3577065908615205,0.6100106915456864,0.17868204025657963,0.16826311425100293,0.7615388240177392,0.5512228645509645,0.9351020006398594,0.6895877624827096,0.9457366926635791,0.6920032324147439,5.495333115792491,3.369007852415983,0.6130670846384411,0.17711717608283006,0.1733074479373118,0.7467432059462515,0.5415376474518744,0.9446056179057996,0.6991925573516341,0.957719028238845,0.7020842714745591
44,test,,0.707081139087677,83.3125,83.3125,1.1162109375,3.875,3.875,22,7,3.755859375,11.0390625,3.754461972518925,3.754770427027348,3.7571055094675145,3.8174817278532385,3.6995414354594858,3.74411658918695,4.061547904439472,4.386629801923963,0.65966796875,0.70361328125,2.39453125,2.322265625,3.759765625,0.5021507959979377,0.5394880734585048,5.50434055893928,3.3165243626734786,0.6025289182529421,0.16591165468067093,0.1536426587090156,0.7611272445308588,0.5438651052510615,0.9351019976993831,0.6805869205334623,0.9457366897231019,0.6830402375094614,5.491241343059109,3.3077704059880544,0.6023720684156513,0.15782756875868298,0.14890452263689952,0.7487905004743691,0.5293448670999763,0.9384856019640084,0.677512063358483,0.9573275502221348,0.6818398024730657
45,test,,0.7148643136024475,83.125,83.125,1.1083984375,3.873046875,3.873046875,20,6,3.8046875,11.0390625,3.8021710832129614,3.8024789896092726,3.804858017908503,3.86503023118757,3.7386267927133354,3.7830941389015713,4.098247547122271,4.4236811745583005,0.6552734375,0.69970703125,2.35546875,2.291015625,3.802734375,0.5062398176204045,0.5412874509900849,5.50434055893928,3.345797891370247,0.6078471808828273,0.15792941673703353,0.14372181025846592,0.7512001035913674,0.5295814805324119,0.935102019891489,0.6713033509162185,0.9457367119152105,0.6737937959100383,5.490039710906055,3.3526124213809037,0.610671798005556,0.15947783620368838,0.14895598759292658,0.736332261885468,0.5205092533752028,0.935184732274501,0.6748172059506493,0.9574612232720741,0.6799616394549785
46,test,,0.7204021215438843,84.9375,84.9375,1.1005859375,3.876953125,3.876953125,25,7,3.818359375,11.046875,3.818209395478704,3.8185172486321743,3.8209168710261565,3.8810303997298656,3.7380607338069027,3.7825420685612854,4.103288113031413,4.423311532647147,0.654296875,0.69873046875,2.365234375,2.314453125,3.81640625,0.5101872557679025,0.5418871783376198,5.50434055893928,3.348886097216605,0.6084082300790552,0.1721103421829273,0.15540987779797888,0.7618413057770068,0.533844507334722,0.9349622841310801,0.6670817456996239,0.9457367224570827,0.6696877612355633,5.500386320024133,3.3399115947913236,0.6072140028841955,0.16285268153435872,0.1478028702068139,0.7611871223195612,0.5283925765530684,0.9354533852893052,0.6612377126603464,0.9623538377698058,0.6676753544364823
47,test,,0.7686187028884888,84.9375,84.9375,1.09375,3.873046875,3.873046875,25,8,3.771484375,11.03125,3.7749206625627387,3.775229156964954,3.777616548558309,3.8379144290767138,3.710000884534546,3.754556297928305,4.077098164911899,4.396669667137569,0.65771484375,0.70263671875,2.349609375,2.2890625,3.7734375,0.4940187126463196,0.5358273399223268,5.50434055893928,3.362514907326145,0.6108842415037855,0.14050202523724664,0.1343607846808838,0.7539871338459854,0.5522376210775163,0.9351020968405317,0.6979326311379945,0.9457367888642514,0.7003113856991471,5.481628291924168,3.3633151426427697,0.6135613295045539,0.14475461166134274,0.14306437790552576,0.7526784794331052,0.5510587852382008,0.9232269496134977,0.6957107203287896,0.959712750087995,0.7038530989539806
48,test,,0.6777215600013733,84.75,84.75,1.0859375,3.873046875,3.873046875,27,8,3.806640625,11.03125,3.8076880875442844,3.8079958774408573,3.810387426320134,3.870520630817628,3.778499650446663,3.8228785809606785,4.148158185727802,4.461769445394614,0.65478515625,0.69970703125,2.82421875,2.501953125,3.8125,0.5372428971824055,0.5486137622284688,5.50434055893928,3.2728743854095037,0.5945988171270069,0.144391721316234,0.12385808354510627,0.7523002845298876,0.5064605460013497,0.9351020061098358,0.6405275065081191,0.9457366981335547,0.643127170373925,5.4829781294166136,3.2905821995566873,0.6001450529051816,0.15724380138930982,0.14050071153302116,0.7512923961347795,0.5109381463167292,0.9289452630735342,0.6446571424106563,0.9526187622071776,0.6504005790423449
49,test,,0.7393547892570496,83.125,83.125,1.078125,3.873046875,3.873046875,25,8,3.775390625,11.03125,3.773292323216026,3.7736011997155265,3.7759454903591885,3.8363416417744376,3.7927073653758594,3.837036296096343,4.154964571365919,4.47509218126141,0.65771484375,0.7021484375,2.65625,2.404296875,3.77734375,0.5380009786355165,0.5485776897592074,5.50434055893928,3.328011854038161,0.6046159060113623,0.1854354211015945,0.17005438159787686,0.7464952129516904,0.5294023228125242,0.9351020804881749,0.675379588130736,0.9457367725118964,0.6778539693438864,5.4851854578343895,3.310710126926081,0.6035730518824035,0.18161265240484425,0.1687276016216057,0.7604985537529592,0.5310509239480818,0.9314635282996306,0.6669913843358384,0.9582105113850652,0.6732495261244683
50,test,,0.7363281846046448,83.8125,83.8125,1.0712890625,3.873046875,3.873046875,23,6,3.806640625,11.03125,3.8024763851252636,3.802785022013281,3.8052039311282573,3.8654404804518205,3.787720987274061,3.8320740176544237,4.158574407251102,4.4705031983760515,0.65478515625,0.69970703125,2.373046875,2.291015625,3.8046875,0.5003770955644515,0.5371777014049458,5.50434055893928,3.3775561338000224,0.6136168533966762,0.1641701967150464,0.15371487128963435,0.7481744023371446,0.5391697897175858,0.9351020917297586,0.6865010478526173,0.9457367837534774,0.6889297018068494,5.487946259143731,3.3716016334909424,0.6143649143563231,0.15033346965902794,0.1428100677369796,0.7420317847986277,0.5294416242499026,0.9344556909708874,0.6825232040645314,0.9559627052225235,0.6874332060598438
51,test,,0.7201700210571289,84.25,84.25,1.0634765625,3.876953125,3.876953125,22,7,3.798828125,11.046875,3.7942934017202314,3.7946023111286546,3.797014491559443,3.8573110056167867,3.7258564455046477,3.7703706057674062,4.090760577929384,4.411732477639463,0.65625,0.70068359375,2.365234375,2.294921875,3.798828125,0.5138130758329463,0.5442153399404698,5.50434055893928,3.3699305802250747,0.6122314824347426,0.18909777094659486,0.17731794927146688,0.7570669297229093,0.5462017860236981,0.9351021317135588,0.6873004875871628,0.9457368237372767,0.6897257473450573,5.486329924488768,3.3456820597125225,0.6098215210825628,0.16438698945760333,0.15405894173016355,0.7435512251706182,0.5245341290126567,0.9341061445931302,0.6753635461239322,0.9531301515337152,0.6797681605011543
52,test,,0.809620201587677,84.5,84.5,1.056640625,3.873046875,3.873046875,23,8,3.78125,11.03125,3.782805731529377,3.78311492542688,3.7855047667320365,3.8458841100485164,3.700324658421194,3.744901972447967,4.060925948544987,4.387428759483197,0.6572265625,0.70166015625,2.369140625,2.298828125,3.779296875,0.5013349685701368,0.5378997996897931,5.50434055893928,3.371879910227149,0.612585626583565,0.16837281004088123,0.16073794293645374,0.7504246002092287,0.5489079936013653,0.9351021252825928,0.697000537575952,0.9457368173063125,0.6993834706381755,5.490012433464857,3.3692958555937857,0.613713702186892,0.1779532073845349,0.17286492993458333,0.7479960124070484,0.5443839892175794,0.9315873066681002,0.6945758579408149,0.9615893188995726,0.7012584076336497
53,test,,0.7410305142402649,83.8125,83.8125,1.048828125,3.873046875,3.873046875,20,6,3.76953125,11.03125,3.765606213635947,3.7659157705055786,3.768273573402736,3.828768347232428,3.7676806983667306,3.8120842488397506,4.131902507401003,4.451439860661182,0.658203125,0.70263671875,2.87890625,2.5078125,3.767578125,0.5519292517755301,0.5539710543178318,5.50434055893928,3.336452238935826,0.6061493112952991,0.1405214571400224,0.13017382145702827,0.7513378639355075,0.5370094449531998,0.9351021469040948,0.680766951625217,0.9457368389278118,0.6832195290582969,5.494579115749186,3.309751721573221,0.6023667421743797,0.1280652949909573,0.118569259786283,0.7418840796043833,0.519350908917788,0.9429192482513109,0.673905558175201,0.9529421360219574,0.6762248792724223
54,test,,0.8367714285850525,83.3125,83.3125,1.0419921875,3.873046875,3.873046875,24,6,3.826171875,11.03125,3.825489844719966,3.8257987841563814,3.828277758903349,3.888456091987694,3.822389942581418,3.8666711498283397,4.202158115193774,4.503690143509258,0.65283203125,0.6982421875,2.349609375,2.2734375,3.828125,0.50247655877409,0.5362301385858712,5.50434055893928,3.4212360587456625,0.6215523952618506,0.16807430026636805,0.1614883991828822,0.7528066926957422,0.5533689753014351,0.935102178908525,0.7005074381550687,0.9457368709322447,0.7028745482340335,5.4877200878971175,3.390479286469016,0.6178302158571357,0.150363012590371,0.14267775836674113,0.7443396618789739,0.5330583359437482,0.9321197966936303,0.6828730414430262,0.9625356928610218,0.6897854751856063
55,test,,0.8118003606796265,82.875,82.875,1.03515625,3.873046875,3.873046875,21,6,3.744140625,11.03125,3.743407762151494,3.7437178862592106,3.7461038746548776,3.806690927034576,3.7161265821950327,3.7606717879564253,4.082683090887731,4.402565269174594,0.66064453125,0.70458984375,2.4375,2.28125,3.74609375,0.5025478268055418,0.5394765514741364,5.50434055893928,3.40244287870489,0.6181381479347567,0.16019579860194355,0.16275555173050119,0.746883832569595,0.5728092282225167,0.9351022167877066,0.7314729516564119,0.945736908811428,0.7336883623495002,5.477002153556356,3.384230016566829,0.617898244639061,0.14083397435956702,0.1444267763619989,0.7329998694976751,0.5557468903877163,0.9245795249574051,0.7190475565183556,0.947750110774007,0.7240206536188739
56,test,,0.8399485945701599,83.3125,83.3125,1.0283203125,3.873046875,3.873046875,22,6,3.78515625,11.03125,3.783116657052889,3.7834264488762663,3.7858921112736894,3.846283679441256,3.7611577342391436,3.8055944633414542,4.137396537858364,4.445467501242715,0.65673828125,0.70166015625,2.376953125,2.2890625,3.78515625,0.5026246996256085,0.536701271894224,5.50434055893928,3.418989773273417,0.621144301785767,0.17822620542060452,0.1769804940051969,0.760372428647349,0.5731468099252838,0.9351022138856191,0.7186743192384755,0.9457369059093379,0.7209550401321754,5.484223134229319,3.418189163468509,0.6232768214944004,0.1612701286119158,0.1634727315153554,0.7571983079849991,0.5702110870754318,0.9243368055126346,0.7163205318388182,0.9553757169163299,0.7229838226286233
57,test,,0.7768912315368652,81.9375,81.9375,1.0205078125,3.873046875,3.873046875,20,6,3.779296875,11.03125,3.781414068677453,3.7817239982838937,3.7842092169045434,3.844602657719356,3.7563072466102954,3.8007552694524733,4.13311358494931,4.440841492152963,0.6572265625,0.70166015625,2.326171875,2.267578125,3.779296875,0.49884087101109803,0.536174761389337,5.50434055893928,3.458326047964116,0.6282907118360708,0.21072249611003624,0.21836289411009605,0.7583193004758177,0.5902996812286674,0.9351022157537558,0.742662926212519,0.9457369077774747,0.7448182237460588,5.503749843140241,3.4148434107546914,0.6204575985608941,0.1764867080703869,0.1733879467708944,0.7458676816562102,0.556672391047394,0.944824150659973,0.7197468469256482,0.9629806058717563,0.723570202621367
58,test,,0.9031018018722534,83.125,83.125,1.013671875,3.873046875,3.873046875,19,6,3.71484375,11.03125,3.713908539622407,3.71421926148123,3.7165690946081775,3.7773292055773635,3.6898579951570927,3.7344600783434267,4.050120323066267,4.37745440480136,0.6630859375,0.70703125,2.462890625,2.34765625,3.71484375,0.5296690984931354,0.5488943959069102,5.50434055893928,3.417304111240277,0.6208380594638956,0.192935108646207,0.20606421381703574,0.7575284645379243,0.60317086758218,0.9351022319781261,0.7600007655410049,0.9457369240018458,0.7620573762820938,5.480390519784678,3.397914214436737,0.6200131545680871,0.16927500082923164,0.1846251963576762,0.7460372750018625,0.5835875905638255,0.9347128843513808,0.7480165001654718,0.9484102699672423,0.7507486726350876
59,test,,0.8030107617378235,84.75,84.75,1.0068359375,3.873046875,3.873046875,21,6,3.71484375,11.03125,3.71549332693636,3.715803918279129,3.718187357281624,3.7788945289745257,3.6919383648984927,3.7365400575601977,4.05671097770008,4.379499799575094,0.6630859375,0.70703125,2.388671875,2.310546875,3.71484375,0.5036090373808335,0.5394351480564981,5.50434055893928,3.3828327362822814,0.6145754791259089,0.16225849210340026,0.16672428263552008,0.7608261178257081,0.5884928176775717,0.9351022274483132,0.7378553380214432,0.9457369194720338,0.7400368063549677,5.486151819165206,3.3983617346221675,0.6194436185215295,0.16057315530006555,0.17409658891276872,0.7595351923791656,0.5927582121880942,0.9373821639782642,0.74824497946359,0.9546605161689081,0.7516699646564563
60,test,,0.810695469379425,83.3125,83.3125,1.0,3.873046875,3.873046875,21,6,3.732421875,11.03125,3.732796681727246,3.7331073034203808,3.735524403546182,3.7961654928887887,3.7185522237271598,3.7630837798604664,4.089805281935396,4.40477401723676,0.66162109375,0.70556640625,2.36328125,2.2734375,3.73046875,0.5042068665426569,0.5395556129079035,5.50434055893928,3.3456408370058215,0.6078186480617302,0.15258609611754803,0.14841932970038058,0.7500778951945959,0.5565622247593799,0.9351022172144852,0.7072404097455212,0.945736909238204,0.7095763667877915,5.474522906908783,3.3306706002990376,0.6083946778441224,0.1545262843589521,0.15406957676618319,0.7320836716796215,0.5378211590831777,0.9264802152930525,0.6985133418795177,0.9511682282139597,0.7040224769904861
