epoch,phase,condition,loss,accuracy,accuracy_nn,temperature,length,length_nn,lexicon_size,actual_vocab_size,entropy_msg_as_a_whole,entropy_msg,entropy_max,max_rep,redundancy,KLD_train_test,KLD_test_train,topsim,entropy_attr,entropy_shape,mutual_info_msg_shape,variation_of_info_msg_shape,proficiency_msg_shape,redundancy_msg_shape,entropy_color,mutual_info_msg_color,variation_of_info_msg_color,proficiency_msg_color,redundancy_msg_color,entropy_xpos,mutual_info_msg_xpos,variation_of_info_msg_xpos,proficiency_msg_xpos,redundancy_msg_xpos,entropy_ypos,mutual_info_msg_ypos,variation_of_info_msg_ypos,proficiency_msg_ypos,redundancy_msg_ypos,entropy_rotation,mutual_info_msg_rotation,variation_of_info_msg_rotation,proficiency_msg_rotation,redundancy_msg_rotation
1,train,baseline,1.135378122329712,43.46875,43.46875,0.77392578125,2.46875,2.46875,2122,10,6.989362035845119,7.72265625,9.40625,1.087890625,0.17919921875,,,0.13704702619236778,10.086825667978502,2.563472392503777,0.01824951171875,10.25,0.00711822509765625,0.0017747879028320312,2.9309428088276523,0.102294921875,10.4453125,0.034881591796875,0.00960540771484375,2.3208749086533187,0.3583984375,9.328125,0.1544189453125,0.03570556640625,2.320484016375942,0.105712890625,9.828125,0.045562744140625,0.010528564453125,1.2708642824277918,0.005245208740234375,8.984375,0.00412750244140625,0.0005831718444824219
2,train,baseline,0.6920785903930664,64.75,64.75,0.78515625,2.93359375,2.93359375,1717,10,7.111953292322023,7.58203125,11.4765625,1.796875,0.33935546875,,,0.14437931844526616,10.086825667978504,2.563472392503777,0.08349609375,9.9765625,0.032562255859375,0.00823211669921875,2.9309428088276523,0.31787109375,9.875,0.10845947265625,0.030242919921875,2.3208749086533187,0.61181640625,8.6796875,0.263671875,0.061767578125,2.320484016375942,0.27734375,9.3515625,0.1195068359375,0.0279998779296875,1.2708642824277918,0.008636474609375,8.8359375,0.00679779052734375,0.0009760856628417969
3,train,baseline,0.6018782258033752,70.75,70.75,0.85400390625,2.943359375,2.943359375,1626,10,7.11867785266319,7.6796875,11.609375,1.830078125,0.3388671875,,,0.13838043352159063,10.086825667978493,2.563472392503777,0.10162353515625,10.0390625,0.039642333984375,0.009918212890625,2.9309428088276523,0.357421875,9.890625,0.1219482421875,0.03369140625,2.3208749086533187,0.64404296875,8.7109375,0.277587890625,0.064453125,2.320484016375942,0.310791015625,9.375,0.1339111328125,0.031097412109375,1.2708642824277918,0.012420654296875,8.921875,0.00977325439453125,0.0013875961303710938
4,train,baseline,0.5615655183792114,71.375,71.375,0.9306640625,2.888671875,2.888671875,1423,10,6.939563139029433,7.48828125,11.5,1.822265625,0.3486328125,,,0.15588609141238005,10.086825667978495,2.563472392503777,0.09906005859375,9.8515625,0.038665771484375,0.009857177734375,2.9309428088276515,0.3642578125,9.6953125,0.12432861328125,0.03497314453125,2.3208749086533187,0.66259765625,8.484375,0.28564453125,0.06756591796875,2.320484016375942,0.3291015625,9.1484375,0.141845703125,0.0335693359375,1.2708642824277918,0.011474609375,8.734375,0.009033203125,0.0013103485107421875
5,train,baseline,0.5188916325569153,72.9375,72.9375,1.0458984375,2.93359375,2.93359375,1370,10,6.95452718015631,7.625,11.640625,1.8642578125,0.3447265625,,,0.1431985559128134,10.086825667978498,2.563472392503777,0.1090087890625,9.96875,0.04254150390625,0.0106964111328125,2.9309428088276515,0.3837890625,9.7890625,0.1309814453125,0.036376953125,2.3208749086533187,0.6474609375,8.65625,0.279052734375,0.0650634765625,2.320484016375942,0.307373046875,9.3359375,0.132568359375,0.030914306640625,1.2708642824277918,0.01235198974609375,8.875,0.0097198486328125,0.0013885498046875
6,train,baseline,0.5039754509925842,74.5,74.5,1.1240234375,2.91015625,2.91015625,1304,10,6.978435072368745,7.73828125,11.578125,1.818359375,0.331787109375,,,0.135018407250191,10.086825667978497,2.563472392503777,0.11444091796875,10.0703125,0.044647216796875,0.01111602783203125,2.9309428088276515,0.397705078125,9.875,0.1357421875,0.03729248046875,2.3208749086533187,0.64599609375,8.765625,0.2783203125,0.064208984375,2.320484016375942,0.31005859375,9.4375,0.133544921875,0.03082275390625,1.2708642824277918,0.01274871826171875,8.984375,0.01003265380859375,0.001415252685546875
7,train,baseline,0.4760485589504242,76.0625,76.0625,1.1953125,2.912109375,2.912109375,1302,10,7.031538639966521,7.859375,11.5859375,1.7841796875,0.321533203125,,,0.14007105995888963,10.086825667978507,2.563472392503777,0.11712646484375,10.1875,0.045684814453125,0.01123809814453125,2.9309428088276515,0.39501953125,10.0,0.134765625,0.03662109375,2.3208749086533187,0.65234375,8.875,0.281005859375,0.0640869140625,2.320484016375942,0.294677734375,9.59375,0.126953125,0.0289459228515625,1.2708642824277918,0.01361083984375,9.1015625,0.010711669921875,0.0014905929565429688
8,train,baseline,0.4684458076953888,76.0,76.0,1.2412109375,2.93359375,2.93359375,1179,10,6.898695503045693,7.734375,11.65625,1.849609375,0.33642578125,,,0.14299455497746746,10.086825667978488,2.563472392503777,0.11541748046875,10.0703125,0.045013427734375,0.01120758056640625,2.9309428088276523,0.383544921875,9.8984375,0.130859375,0.03594970703125,2.3208749086533187,0.6591796875,8.734375,0.283935546875,0.0655517578125,2.320484016375942,0.301025390625,9.453125,0.1297607421875,0.029937744140625,1.2708642824277918,0.012725830078125,8.9765625,0.01001739501953125,0.0014133453369140625
9,train,baseline,0.4449896216392517,76.8125,76.8125,1.3076171875,2.92578125,2.92578125,1116,10,6.884274549824036,7.77734375,11.6484375,1.8408203125,0.33251953125,,,0.13966682913538878,10.086825667978502,2.563472392503777,0.11590576171875,10.109375,0.04522705078125,0.01120758056640625,2.9309428088276515,0.39111328125,9.9296875,0.1334228515625,0.036529541015625,2.3208749086533187,0.6552734375,8.7890625,0.2822265625,0.06488037109375,2.320484016375942,0.2880859375,9.5234375,0.1241455078125,0.0285186767578125,1.2708642824277918,0.01352691650390625,9.0234375,0.01064300537109375,0.0014944076538085938
10,train,baseline,0.42432183027267456,78.625,78.625,1.4248046875,3.009765625,3.009765625,1140,10,6.93658413812794,7.9921875,11.859375,1.8662109375,0.325927734375,,,0.14216256810558509,10.086825667978493,2.563472392503777,0.1053466796875,10.34375,0.04107666015625,0.009979248046875,2.9309428088276515,0.368896484375,10.1875,0.1258544921875,0.033782958984375,2.3208749086533187,0.63134765625,9.046875,0.272216796875,0.061248779296875,2.320484016375942,0.291748046875,9.7265625,0.125732421875,0.028289794921875,1.2708642824277918,0.01467132568359375,9.234375,0.01154327392578125,0.0015840530395507812
11,train,baseline,0.41339558362960815,78.8125,78.8125,1.5185546875,2.95703125,2.95703125,1107,10,6.894426061978607,8.0078125,11.703125,1.814453125,0.315673828125,,,0.14026135549141058,10.086825667978504,2.563472392503777,0.10333251953125,10.3671875,0.040313720703125,0.00977325439453125,2.9309428088276515,0.359130859375,10.21875,0.12249755859375,0.0328369140625,2.3208749086533187,0.62841796875,9.0703125,0.270751953125,0.060882568359375,2.320484016375942,0.28173828125,9.765625,0.1214599609375,0.0272979736328125,1.2708642824277918,0.0145263671875,9.25,0.0114288330078125,0.0015659332275390625
12,train,baseline,0.40677738189697266,79.375,79.375,1.599609375,2.9921875,2.9921875,994,10,6.760815136362287,7.94140625,11.8203125,1.8837890625,0.328369140625,,,0.1362476904490124,10.08682566797849,2.563472392503777,0.103759765625,10.296875,0.04046630859375,0.0098724365234375,2.930942808827651,0.34375,10.1875,0.11724853515625,0.0316162109375,2.3208749086533187,0.6259765625,9.0078125,0.26953125,0.06097412109375,2.320484016375942,0.291015625,9.6796875,0.1253662109375,0.028350830078125,1.2708642824277918,0.0148773193359375,9.1796875,0.0117034912109375,0.0016145706176757812
13,train,baseline,0.3870488703250885,80.5625,80.5625,1.6376953125,2.994140625,2.994140625,843,10,6.564922308193513,7.84375,11.8359375,1.9375,0.33740234375,,,0.14335111532239822,10.08682566797849,2.563472392503777,0.1082763671875,10.1875,0.042236328125,0.010406494140625,2.9309428088276523,0.34521484375,10.0859375,0.1177978515625,0.03204345703125,2.3208749086533187,0.630859375,8.90625,0.271728515625,0.06207275390625,2.320484016375942,0.29541015625,9.578125,0.1273193359375,0.029052734375,1.2708642824277918,0.0135955810546875,9.0859375,0.0106964111328125,0.001491546630859375
14,train,baseline,0.3749687373638153,81.1875,81.1875,1.68359375,3.0,3.0,724,10,6.349466733943608,7.80859375,11.84375,1.98828125,0.340576171875,,,0.1463634792347678,10.086825667978498,2.563472392503777,0.10760498046875,10.15625,0.041961669921875,0.0103759765625,2.9309428088276515,0.338134765625,10.0625,0.1153564453125,0.031494140625,2.3208749086533187,0.6279296875,8.875,0.270751953125,0.06201171875,2.320484016375942,0.297119140625,9.53125,0.1280517578125,0.029327392578125,1.2708642824277918,0.01403045654296875,9.0546875,0.01103973388671875,0.0015459060668945312
15,train,baseline,0.35982823371887207,81.5625,81.5625,1.7421875,3.013671875,3.013671875,653,10,6.148917836618623,7.6796875,11.859375,2.0546875,0.3525390625,,,0.12805708040667116,10.086825667978495,2.563472392503777,0.1025390625,10.0390625,0.03997802734375,0.010009765625,2.9309428088276515,0.32568359375,9.9609375,0.11114501953125,0.03070068359375,2.3208749086533187,0.63232421875,8.734375,0.2724609375,0.063232421875,2.320484016375942,0.282958984375,9.4375,0.12188720703125,0.028289794921875,1.2708642824277918,0.012908935546875,8.921875,0.01015472412109375,0.00144195556640625
16,train,baseline,0.35371455550193787,82.6875,82.6875,1.78125,3.029296875,3.029296875,599,10,6.082415111032694,7.62109375,11.90625,2.080078125,0.360107421875,,,0.12243791526101462,10.086825667978507,2.563472392503777,0.10302734375,9.9765625,0.040191650390625,0.0101165771484375,2.930942808827651,0.331298828125,9.890625,0.113037109375,0.031402587890625,2.3208749086533187,0.64306640625,8.65625,0.277099609375,0.064697265625,2.320484016375942,0.28271484375,9.375,0.121826171875,0.0284271240234375,1.2708642824277918,0.01239013671875,8.8671875,0.0097503662109375,0.0013933181762695312
17,train,baseline,0.33630481362342834,83.8125,83.8125,1.7978515625,3.029296875,3.029296875,573,10,5.96973677758305,7.59375,11.9375,2.103515625,0.364013671875,,,0.11268573409897632,10.0868256679785,2.563472392503777,0.10528564453125,9.9453125,0.04107666015625,0.01036834716796875,2.9309428088276515,0.336181640625,9.8515625,0.11468505859375,0.031951904296875,2.3208749086533187,0.642578125,8.625,0.27685546875,0.0648193359375,2.320484016375942,0.283447265625,9.34375,0.1221923828125,0.0286102294921875,1.2708642824277918,0.0132904052734375,8.8359375,0.01045989990234375,0.001499176025390625
18,train,baseline,0.3361463248729706,83.1875,83.1875,1.841796875,3.046875,3.046875,541,10,5.812215821360036,7.60546875,11.96875,2.154296875,0.3642578125,,,0.13339630226392343,10.086825667978506,2.563472392503777,0.10693359375,9.953125,0.041717529296875,0.0105133056640625,2.9309428088276515,0.33349609375,9.8671875,0.11376953125,0.031646728515625,2.3208749086533187,0.6435546875,8.640625,0.27734375,0.0648193359375,2.320484016375942,0.289306640625,9.3515625,0.12469482421875,0.029144287109375,1.2708642824277918,0.01371002197265625,8.8515625,0.0107879638671875,0.0015439987182617188
19,train,baseline,0.3210960328578949,84.4375,84.4375,1.8447265625,3.021484375,3.021484375,458,10,5.6594185421037535,7.4140625,11.890625,2.1640625,0.376708984375,,,0.14040628494609925,10.086825667978498,2.563472392503777,0.1055908203125,9.765625,0.041168212890625,0.01058197021484375,2.9309428088276523,0.334228515625,9.671875,0.11407470703125,0.032318115234375,2.3208749086533187,0.64111328125,8.453125,0.2763671875,0.06585693359375,2.320484016375942,0.2939453125,9.1484375,0.1265869140625,0.030181884765625,1.2708642824277918,0.01396942138671875,8.65625,0.01099395751953125,0.0016088485717773438
20,train,baseline,0.30725860595703125,85.5625,85.5625,1.888671875,3.0234375,3.0234375,445,10,5.5474982217705975,7.36328125,11.8984375,2.17578125,0.381103515625,,,0.1399560019762973,10.086825667978504,2.563472392503777,0.10498046875,9.71875,0.04095458984375,0.0105743408203125,2.9309428088276515,0.3408203125,9.6171875,0.11627197265625,0.033111572265625,2.3208749086533187,0.638671875,8.40625,0.275146484375,0.06597900390625,2.320484016375942,0.296142578125,9.09375,0.1275634765625,0.03057861328125,1.2708642824277918,0.01300048828125,8.609375,0.01023101806640625,0.0015058517456054688
21,train,baseline,0.29454413056373596,86.125,86.125,1.904296875,3.025390625,3.025390625,380,10,5.426922967267623,7.2734375,11.8984375,2.21875,0.388671875,,,0.1244893833559164,10.0868256679785,2.563472392503777,0.10491943359375,9.625,0.040924072265625,0.0106658935546875,2.9309428088276515,0.34326171875,9.515625,0.11712646484375,0.03363037109375,2.3208749086533187,0.64453125,8.3046875,0.277587890625,0.067138671875,2.320484016375942,0.3017578125,8.9921875,0.130126953125,0.031463623046875,1.2708642824277918,0.01410675048828125,8.515625,0.01110076904296875,0.0016508102416992188
22,train,baseline,0.2805761694908142,86.125,86.125,1.9140625,3.033203125,3.033203125,358,10,5.387932156336572,7.1640625,11.9296875,2.236328125,0.3994140625,,,0.1263130691422671,10.086825667978497,2.563472392503777,0.10614013671875,9.515625,0.0413818359375,0.0109100341796875,2.9309428088276515,0.349365234375,9.3984375,0.11920166015625,0.03460693359375,2.3208749086533187,0.64013671875,8.203125,0.27587890625,0.0675048828125,2.320484016375942,0.297607421875,8.890625,0.1282958984375,0.0313720703125,1.2708642824277918,0.01418304443359375,8.40625,0.01116180419921875,0.0016813278198242188
23,train,baseline,0.2802232503890991,86.5625,86.5625,1.93359375,3.0546875,3.0546875,292,10,5.300779275192125,7.06640625,11.9921875,2.27734375,0.41064453125,,,0.12491106530183704,10.086825667978502,2.563472392503777,0.101318359375,9.4296875,0.039520263671875,0.01052093505859375,2.9309428088276523,0.34375,9.3125,0.1173095703125,0.034393310546875,2.3208749086533187,0.6396484375,8.109375,0.275634765625,0.068115234375,2.320484016375942,0.298828125,8.7890625,0.1287841796875,0.031829833984375,1.2708642824277918,0.01324462890625,8.3125,0.0104217529296875,0.0015878677368164062
24,train,baseline,0.279067724943161,86.625,86.625,1.9169921875,3.021484375,3.021484375,276,10,5.182921395278801,6.83203125,11.90625,2.275390625,0.42626953125,,,0.13151521110929743,10.086825667978509,2.563472392503777,0.10052490234375,9.1953125,0.039215087890625,0.01070404052734375,2.9309428088276515,0.34912109375,9.0625,0.11907958984375,0.0357666015625,2.3208749086533187,0.638671875,7.875,0.275146484375,0.06982421875,2.320484016375942,0.303466796875,8.546875,0.130859375,0.033172607421875,1.2708642824277918,0.014068603515625,8.0703125,0.01107025146484375,0.0017366409301757812
25,train,baseline,0.2739676833152771,86.6875,86.6875,1.9296875,3.03515625,3.03515625,297,10,5.22261435799994,6.83203125,11.9375,2.26953125,0.427978515625,,,0.14810463504986315,10.086825667978498,2.563472392503777,0.10791015625,9.1796875,0.0421142578125,0.0114898681640625,2.9309428088276515,0.351806640625,9.0546875,0.1199951171875,0.036041259765625,2.3208749086533187,0.63671875,7.87890625,0.2744140625,0.069580078125,2.320484016375942,0.30517578125,8.5390625,0.1314697265625,0.0333251953125,1.2708642824277918,0.01441192626953125,8.0703125,0.01134490966796875,0.0017795562744140625
26,train,baseline,0.2645536959171295,87.0,87.0,1.9189453125,3.04296875,3.04296875,263,10,5.105122089025468,6.7421875,11.9765625,2.287109375,0.436767578125,,,0.13058914760071047,10.086825667978493,2.563472392503777,0.107177734375,9.09375,0.04180908203125,0.0115203857421875,2.9309428088276515,0.357666015625,8.9609375,0.1220703125,0.0369873046875,2.3208749086533187,0.63671875,7.7890625,0.274169921875,0.07025146484375,2.320484016375942,0.30859375,8.4453125,0.1329345703125,0.034027099609375,1.2708642824277918,0.01444244384765625,7.984375,0.01136016845703125,0.0018024444580078125
27,train,baseline,0.2577793002128601,87.5,87.5,1.9521484375,3.08203125,3.08203125,255,10,5.1870378947121845,6.78515625,12.046875,2.29296875,0.436767578125,,,0.12730670366416594,10.086825667978497,2.563472392503777,0.1070556640625,9.1328125,0.041748046875,0.01145172119140625,2.9309428088276515,0.357177734375,9.0,0.12188720703125,0.0367431640625,2.3208749086533187,0.642578125,7.82421875,0.27685546875,0.070556640625,2.320484016375942,0.312744140625,8.484375,0.134765625,0.03436279296875,1.2708642824277918,0.0146331787109375,8.03125,0.01151275634765625,0.0018157958984375
28,train,baseline,0.2457556426525116,88.6875,88.6875,1.9375,3.064453125,3.064453125,270,10,5.239252268425842,6.78515625,12.015625,2.28125,0.43505859375,,,0.13000327253032226,10.086825667978502,2.563472392503777,0.1107177734375,9.125,0.043182373046875,0.0118408203125,2.9309428088276515,0.37060546875,8.9765625,0.12646484375,0.03814697265625,2.3208749086533187,0.64990234375,7.80859375,0.280029296875,0.0714111328125,2.320484016375942,0.3095703125,8.484375,0.1334228515625,0.03399658203125,1.2708642824277918,0.014373779296875,8.03125,0.0113067626953125,0.0017833709716796875
29,train,baseline,0.24173714220523834,89.0625,89.0625,1.9560546875,3.076171875,3.076171875,246,10,5.298513075334936,6.7109375,12.0390625,2.28125,0.44287109375,,,0.14982561896462,10.086825667978522,2.563472392503777,0.11798095703125,9.0390625,0.0460205078125,0.012725830078125,2.9309428088276515,0.378173828125,8.8828125,0.1290283203125,0.039215087890625,2.3208749086533187,0.646484375,7.73828125,0.278564453125,0.07159423828125,2.320484016375942,0.30517578125,8.421875,0.131591796875,0.0338134765625,1.2708642824277918,0.01482391357421875,7.94921875,0.01166534423828125,0.0018568038940429688
30,train,baseline,0.23363740742206573,88.6875,88.6875,1.9345703125,3.064453125,3.064453125,207,10,5.117557890238793,6.47265625,12.015625,2.32421875,0.46142578125,,,0.14642404295152509,10.086825667978495,2.563472392503777,0.1171875,8.796875,0.04571533203125,0.012969970703125,2.9309428088276515,0.382080078125,8.640625,0.13037109375,0.0406494140625,2.3208749086533187,0.65576171875,7.48046875,0.282470703125,0.0745849609375,2.320484016375942,0.30029296875,8.1875,0.12939453125,0.034149169921875,1.2708642824277918,0.01522064208984375,7.7109375,0.0119781494140625,0.0019664764404296875
31,train,baseline,0.2423872947692871,88.375,88.375,1.955078125,3.046875,3.046875,204,10,5.102893612505486,6.40625,11.96875,2.30078125,0.46484375,,,0.11762988456382162,10.086825667978498,2.563472392503777,0.11444091796875,8.7421875,0.044647216796875,0.01275634765625,2.9309428088276515,0.386474609375,8.5625,0.1318359375,0.0413818359375,2.3208749086533187,0.6513671875,7.42578125,0.28076171875,0.07464599609375,2.320484016375942,0.303466796875,8.125,0.1307373046875,0.034759521484375,1.2708642824277918,0.0149383544921875,7.6484375,0.01175689697265625,0.00194549560546875
32,train,baseline,0.2210397571325302,89.875,89.875,1.9638671875,3.08203125,3.08203125,230,10,5.253311895217599,6.484375,12.0546875,2.306640625,0.462158203125,,,0.1118365151463709,10.086825667978488,2.563472392503777,0.1197509765625,8.8046875,0.046722412109375,0.01323699951171875,2.9309428088276515,0.39404296875,8.625,0.1343994140625,0.041839599609375,2.3208749086533187,0.6552734375,7.49609375,0.282470703125,0.074462890625,2.320484016375942,0.310546875,8.1875,0.1337890625,0.0352783203125,1.2708642824277918,0.015380859375,7.72265625,0.0121002197265625,0.001983642578125
33,train,baseline,0.20995227992534637,90.4375,90.4375,1.9375,3.080078125,3.080078125,209,10,5.29061046753246,6.35546875,12.0625,2.31640625,0.47314453125,,,0.13748898491555764,10.0868256679785,2.563472392503777,0.125244140625,8.6640625,0.048858642578125,0.01404571533203125,2.9309428088276515,0.404052734375,8.4765625,0.1378173828125,0.04351806640625,2.3208749086533187,0.65966796875,7.35546875,0.2841796875,0.0760498046875,2.320484016375942,0.311279296875,8.0546875,0.1341552734375,0.035888671875,1.2708642824277918,0.01531219482421875,7.59375,0.01204681396484375,0.0020084381103515625
34,train,baseline,0.2124805897474289,90.125,90.125,1.9228515625,3.08203125,3.08203125,177,10,5.214419887846774,6.25390625,12.078125,2.33984375,0.482177734375,,,0.1477072155897032,10.086825667978498,2.563472392503777,0.1295166015625,8.5546875,0.050506591796875,0.01468658447265625,2.9309428088276515,0.415771484375,8.3515625,0.141845703125,0.0452880859375,2.3208749086533187,0.67724609375,7.21875,0.2919921875,0.07904052734375,2.320484016375942,0.3134765625,7.9453125,0.1351318359375,0.036590576171875,1.2708642824277918,0.01666259765625,7.48828125,0.01311492919921875,0.0022144317626953125
35,train,baseline,0.21638518571853638,90.0,90.0,1.919921875,3.072265625,3.072265625,189,10,5.248510303213136,6.26953125,12.0390625,2.306640625,0.479248046875,,,0.142378665617105,10.086825667978491,2.563472392503777,0.1298828125,8.5703125,0.050689697265625,0.01470947265625,2.9309428088276515,0.41796875,8.3671875,0.142578125,0.045440673828125,2.3208749086533187,0.68115234375,7.2265625,0.29345703125,0.07928466796875,2.320484016375942,0.316162109375,7.95703125,0.13623046875,0.03680419921875,1.2708642824277918,0.0158843994140625,7.5078125,0.0124969482421875,0.002105712890625
36,train,baseline,0.19789594411849976,90.8125,90.8125,1.9453125,3.0859375,3.0859375,205,10,5.2956312178217475,6.26171875,12.0859375,2.3125,0.481689453125,,,0.13449164846878744,10.086825667978493,2.563472392503777,0.1329345703125,8.5625,0.051849365234375,0.01506805419921875,2.9309428088276515,0.415771484375,8.359375,0.141845703125,0.04522705078125,2.3208749086533187,0.68212890625,7.21875,0.2939453125,0.0794677734375,2.320484016375942,0.318115234375,7.9453125,0.1370849609375,0.037078857421875,1.2708642824277918,0.016815185546875,7.5,0.01323699951171875,0.0022335052490234375
37,train,baseline,0.19845017790794373,90.8125,90.8125,1.9287109375,3.095703125,3.095703125,220,10,5.354153289514558,6.26171875,12.1015625,2.31640625,0.482421875,,,0.14360515209337996,10.0868256679785,2.563472392503777,0.1348876953125,8.5546875,0.052642822265625,0.01528167724609375,2.9309428088276515,0.42529296875,8.34375,0.14501953125,0.046234130859375,2.3208749086533187,0.6826171875,7.21875,0.294189453125,0.07952880859375,2.320484016375942,0.326171875,7.93359375,0.1405029296875,0.037994384765625,1.2708642824277918,0.0172271728515625,7.5,0.0135498046875,0.0022869110107421875
38,train,baseline,0.19015632569789886,91.5,91.5,1.9013671875,3.0859375,3.0859375,183,10,5.298224900732693,6.17578125,12.09375,2.31640625,0.4892578125,,,0.13357231112970558,10.086825667978507,2.563472392503777,0.1390380859375,8.4609375,0.05426025390625,0.0159149169921875,2.9309428088276515,0.4375,8.234375,0.1492919921875,0.04803466796875,2.3208749086533187,0.6875,7.12109375,0.29638671875,0.0809326171875,2.320484016375942,0.334716796875,7.82421875,0.144287109375,0.039398193359375,1.2708642824277918,0.0171966552734375,7.41015625,0.0135345458984375,0.0023097991943359375
39,train,baseline,0.1879812479019165,91.375,91.375,1.9296875,3.08203125,3.08203125,195,10,5.334643988429145,6.18359375,12.0703125,2.296875,0.48779296875,,,0.15817325372912516,10.086825667978504,2.563472392503777,0.1402587890625,8.46875,0.0546875,0.0160369873046875,2.9309428088276515,0.434814453125,8.2421875,0.1483154296875,0.047698974609375,2.3208749086533187,0.68701171875,7.12890625,0.296142578125,0.080810546875,2.320484016375942,0.3251953125,7.8515625,0.14013671875,0.038238525390625,1.2708642824277918,0.0172119140625,7.41796875,0.0135345458984375,0.002307891845703125
40,train,baseline,0.18413719534873962,92.1875,92.1875,1.9072265625,3.091796875,3.091796875,171,10,5.26434867736575,6.08984375,12.09375,2.3125,0.496337890625,,,0.13544345242261496,10.08682566797849,2.563472392503777,0.1444091796875,8.3671875,0.056304931640625,0.0166778564453125,2.9309428088276515,0.439208984375,8.140625,0.1497802734375,0.048675537109375,2.3208749086533187,0.6865234375,7.0390625,0.2958984375,0.0816650390625,2.320484016375942,0.3251953125,7.76171875,0.14013671875,0.038665771484375,1.2708642824277918,0.0179443359375,7.32421875,0.01412200927734375,0.002437591552734375
1,test,,0.8169789910316467,57.875,57.875,0.7587890625,2.509765625,2.509765625,95,10,5.183294025085398,7.22265625,10.375,1.7177734375,0.3037109375,3.71484375,3.6484375,0.09633259076120536,7.2014204881744135,2.4182958340544896,0.260009765625,9.1171875,0.1075439453125,0.0269775390625,2.355388542207534,0.407470703125,8.765625,0.1729736328125,0.04254150390625,2.312026227210945,0.6279296875,8.28125,0.271728515625,0.06585693359375,2.296713566893418,0.259765625,9.0,0.1131591796875,0.0272979736328125,1.11356214278757,0.083740234375,8.1640625,0.0751953125,0.01004791259765625
2,test,,0.6281160712242126,67.125,67.125,0.84326171875,3.1484375,3.1484375,112,10,5.659501585485395,8.3984375,12.3671875,2.00390625,0.321044921875,2.91015625,2.96484375,0.11205557118989247,7.2014204881744135,2.4182958340544896,0.404052734375,10.0078125,0.1671142578125,0.037353515625,2.355388542207534,0.59326171875,9.5625,0.251953125,0.055206298828125,2.312026227210945,0.634765625,9.4375,0.2744140625,0.05926513671875,2.296713566893418,0.3515625,9.9921875,0.153076171875,0.03289794921875,1.11356214278757,0.084716796875,9.34375,0.07611083984375,0.0089111328125
3,test,,0.5735288858413696,72.6875,72.6875,0.93212890625,2.865234375,2.865234375,108,10,5.832319232310703,8.234375,11.5078125,1.7265625,0.28466796875,2.921875,3.017578125,0.057886314504357196,7.2014204881744135,2.4182958340544896,0.36083984375,9.9296875,0.1492919921875,0.03387451171875,2.355388542207534,0.546875,9.5,0.2320556640625,0.051605224609375,2.312026227210945,0.623046875,9.3046875,0.26953125,0.05908203125,2.296713566893418,0.295654296875,9.9375,0.1287841796875,0.028076171875,1.11356214278757,0.07470703125,9.203125,0.06707763671875,0.00798797607421875
4,test,,0.5173259973526001,77.75,77.75,1.001953125,2.740234375,2.740234375,107,10,5.732109475003357,7.91796875,11.2109375,1.611328125,0.2939453125,2.80078125,2.8828125,0.05645989325264445,7.2014204881744135,2.4182958340544896,0.38623046875,9.5625,0.15966796875,0.037353515625,2.355388542207534,0.61181640625,9.046875,0.259765625,0.0595703125,2.312026227210945,0.66162109375,8.90625,0.2861328125,0.064697265625,2.296713566893418,0.38330078125,9.4453125,0.1668701171875,0.03753662109375,1.11356214278757,0.0859375,8.859375,0.07720947265625,0.009521484375
5,test,,0.5442466735839844,75.9375,75.9375,1.08984375,2.953125,2.953125,108,10,5.79543589336195,8.046875,11.8046875,1.6943359375,0.318603515625,2.771484375,2.8359375,0.06522653069595599,7.2014204881744135,2.4182958340544896,0.36865234375,9.7265625,0.15234375,0.03521728515625,2.355388542207534,0.56103515625,9.28125,0.23828125,0.053955078125,2.312026227210945,0.60986328125,9.140625,0.263916015625,0.05889892578125,2.296713566893418,0.33837890625,9.6640625,0.1473388671875,0.03271484375,1.11356214278757,0.08184814453125,8.9921875,0.073486328125,0.00893402099609375
6,test,,0.4721817374229431,73.125,73.125,1.1884765625,2.837890625,2.837890625,107,10,5.8067791184803,8.1484375,11.46875,1.6162109375,0.28955078125,2.73046875,2.798828125,0.05983634233313168,7.2014204881744135,2.4182958340544896,0.43115234375,9.703125,0.1783447265625,0.040802001953125,2.355388542207534,0.6748046875,9.15625,0.286376953125,0.064208984375,2.312026227210945,0.64599609375,9.1640625,0.279541015625,0.061767578125,2.296713566893418,0.357421875,9.7265625,0.1556396484375,0.034210205078125,1.11356214278757,0.0992431640625,9.0625,0.08917236328125,0.01071929931640625
7,test,,0.5954925417900085,70.375,70.375,1.2431640625,3.064453125,3.064453125,107,10,5.8815125208974735,8.40625,12.03125,1.787109375,0.30078125,2.85546875,2.818359375,0.05682005914473651,7.2014204881744135,2.4182958340544896,0.421142578125,9.984375,0.1741943359375,0.038909912109375,2.355388542207534,0.6171875,9.53125,0.261962890625,0.057342529296875,2.312026227210945,0.62109375,9.4765625,0.2685546875,0.05792236328125,2.296713566893418,0.29345703125,10.1171875,0.1278076171875,0.0274200439453125,1.11356214278757,0.0791015625,9.3671875,0.071044921875,0.00830841064453125
8,test,,0.5466641187667847,73.125,73.125,1.291015625,2.958984375,2.958984375,104,10,5.847723018962618,8.2421875,11.7890625,1.7041015625,0.30078125,2.76953125,2.783203125,0.05133184098989738,7.2014204881744135,2.4182958340544896,0.375244140625,9.9140625,0.1551513671875,0.03521728515625,2.355388542207534,0.5703125,9.453125,0.2421875,0.0538330078125,2.312026227210945,0.64892578125,9.2578125,0.280517578125,0.06146240234375,2.296713566893418,0.32080078125,9.8984375,0.1396484375,0.0304412841796875,1.11356214278757,0.09356689453125,9.171875,0.08404541015625,0.01000213623046875
9,test,,0.5334697365760803,74.0625,74.0625,1.38671875,2.9453125,2.9453125,111,10,5.866071007726553,8.1953125,11.6875,1.625,0.298828125,2.732421875,2.744140625,0.05004658498095694,7.2014204881744135,2.4182958340544896,0.412353515625,9.7890625,0.1705322265625,0.038848876953125,2.355388542207534,0.6201171875,9.3125,0.26318359375,0.058746337890625,2.312026227210945,0.62060546875,9.265625,0.268310546875,0.059051513671875,2.296713566893418,0.307861328125,9.875,0.134033203125,0.0293426513671875,1.11356214278757,0.103759765625,9.1015625,0.09320068359375,0.01114654541015625
10,test,,0.5051859617233276,75.0,75.0,1.556640625,2.94921875,2.94921875,117,10,6.117634948859329,8.375,11.78125,1.638671875,0.289306640625,2.78125,2.765625,0.05176806340140277,7.2014204881744135,2.4182958340544896,0.372314453125,10.046875,0.1539306640625,0.03448486328125,2.355388542207534,0.56298828125,9.6015625,0.2391357421875,0.052490234375,2.312026227210945,0.5947265625,9.5,0.25732421875,0.055633544921875,2.296713566893418,0.296142578125,10.078125,0.1290283203125,0.0277557373046875,1.11356214278757,0.1005859375,9.2890625,0.09033203125,0.01059722900390625
11,test,,0.6330890655517578,69.4375,69.4375,1.6240234375,3.017578125,3.017578125,114,10,6.064220784638707,8.3984375,11.9765625,1.6337890625,0.298828125,2.771484375,2.736328125,0.05986083295898618,7.2014204881744135,2.4182958340544896,0.361083984375,10.09375,0.1492919921875,0.03338623046875,2.355388542207534,0.57421875,9.6015625,0.2437744140625,0.05340576171875,2.312026227210945,0.6025390625,9.5,0.2607421875,0.0562744140625,2.296713566893418,0.27978515625,10.1328125,0.121826171875,0.0261688232421875,1.11356214278757,0.07818603515625,9.3515625,0.0701904296875,0.00821685791015625
12,test,,0.6335241198539734,70.375,70.375,1.654296875,2.9453125,2.9453125,117,10,6.059782233488971,8.1484375,11.78125,1.59765625,0.30810546875,2.7421875,2.6640625,0.06371972431976541,7.2014204881744135,2.4182958340544896,0.382080078125,9.8046875,0.157958984375,0.036163330078125,2.355388542207534,0.5888671875,9.328125,0.25,0.056060791015625,2.312026227210945,0.5888671875,9.28125,0.254638671875,0.0562744140625,2.296713566893418,0.3037109375,9.8359375,0.1322021484375,0.029083251953125,1.11356214278757,0.0906982421875,9.078125,0.0814208984375,0.009796142578125
13,test,,0.5737231373786926,72.6875,72.6875,1.6875,2.9296875,2.9296875,107,10,5.836020336154993,8.0625,11.75,1.6162109375,0.314208984375,2.681640625,2.66796875,0.04677840436169526,7.2014204881744135,2.4182958340544896,0.376708984375,9.7265625,0.15576171875,0.03594970703125,2.355388542207534,0.56591796875,9.28125,0.240234375,0.0543212890625,2.312026227210945,0.58056640625,9.2109375,0.251220703125,0.055999755859375,2.296713566893418,0.3095703125,9.734375,0.134765625,0.0298919677734375,1.11356214278757,0.09332275390625,8.984375,0.08380126953125,0.01016998291015625
14,test,,0.6019994020462036,75.4375,75.4375,1.7568359375,3.07421875,3.07421875,104,10,5.847722254707185,7.97265625,12.0625,1.7734375,0.339111328125,2.669921875,2.5546875,0.054595527644589664,7.2014204881744135,2.4182958340544896,0.328125,9.734375,0.1356201171875,0.031585693359375,2.355388542207534,0.50830078125,9.3125,0.2158203125,0.049224853515625,2.312026227210945,0.58349609375,9.1171875,0.25244140625,0.0567626953125,2.296713566893418,0.27880859375,9.7109375,0.12139892578125,0.0271453857421875,1.11356214278757,0.08465576171875,8.9140625,0.07598876953125,0.00931549072265625
15,test,,0.5862293243408203,75.9375,75.9375,1.7783203125,2.99609375,2.99609375,108,10,5.7773559431222,7.984375,11.9375,1.7265625,0.331298828125,2.62890625,2.578125,0.05679650741000003,7.2014204881744135,2.4182958340544896,0.39794921875,9.609375,0.16455078125,0.03826904296875,2.355388542207534,0.58056640625,9.1796875,0.2464599609375,0.056121826171875,2.312026227210945,0.615234375,9.0625,0.26611328125,0.059722900390625,2.296713566893418,0.296142578125,9.6875,0.12890625,0.0287933349609375,1.11356214278757,0.09075927734375,8.9140625,0.08154296875,0.009979248046875
16,test,,0.6641634702682495,70.8125,70.8125,1.830078125,3.060546875,3.060546875,108,10,5.864430126047544,7.85546875,12.09375,1.814453125,0.350341796875,2.609375,2.484375,0.05809544100529734,7.2014204881744135,2.4182958340544896,0.361328125,9.546875,0.1494140625,0.035186767578125,2.355388542207534,0.53564453125,9.140625,0.2275390625,0.052490234375,2.312026227210945,0.6083984375,8.9453125,0.26318359375,0.05987548828125,2.296713566893418,0.274658203125,9.6015625,0.11956787109375,0.0270538330078125,1.11356214278757,0.0823974609375,8.8046875,0.073974609375,0.009185791015625
17,test,,0.6803218722343445,73.125,73.125,1.8681640625,3.1015625,3.1015625,110,10,5.898412548640857,8.015625,12.1796875,1.8701171875,0.341796875,2.587890625,2.529296875,0.05336421644464186,7.2014204881744135,2.4182958340544896,0.3701171875,9.6953125,0.153076171875,0.035491943359375,2.355388542207534,0.53857421875,9.296875,0.2286376953125,0.05194091796875,2.312026227210945,0.61181640625,9.1015625,0.2646484375,0.059234619140625,2.296713566893418,0.29150390625,9.7265625,0.126953125,0.02825927734375,1.11356214278757,0.08392333984375,8.9609375,0.07537841796875,0.00919342041015625
18,test,,0.688978910446167,72.25,72.25,1.87890625,2.9765625,2.9765625,96,10,5.459656272220401,7.58984375,11.890625,1.810546875,0.361572265625,2.578125,2.427734375,0.03281101641104452,7.2014204881744135,2.4182958340544896,0.35498046875,9.296875,0.146728515625,0.03546142578125,2.355388542207534,0.5390625,8.8671875,0.22900390625,0.054229736328125,2.312026227210945,0.61669921875,8.6640625,0.2666015625,0.062286376953125,2.296713566893418,0.2880859375,9.3125,0.12548828125,0.029144287109375,1.11356214278757,0.0816650390625,8.5390625,0.0733642578125,0.0093841552734375
19,test,,0.617424726486206,71.75,71.75,1.8359375,3.033203125,3.033203125,106,10,5.7738945848021705,7.5859375,11.8828125,1.8515625,0.36181640625,2.525390625,2.41015625,0.05704223689519017,7.2014204881744135,2.4182958340544896,0.3671875,9.265625,0.15185546875,0.036712646484375,2.355388542207534,0.54345703125,8.8515625,0.230712890625,0.054656982421875,2.312026227210945,0.5947265625,8.703125,0.257080078125,0.060089111328125,2.296713566893418,0.302490234375,9.2734375,0.1317138671875,0.0306243896484375,1.11356214278757,0.086669921875,8.5234375,0.07781982421875,0.0099639892578125
20,test,,0.5561447739601135,77.3125,77.3125,1.9072265625,3.060546875,3.060546875,105,10,5.597826979657739,7.51171875,12.0078125,1.7919921875,0.37451171875,2.50390625,2.37890625,0.037280649693562956,7.2014204881744135,2.4182958340544896,0.39501953125,9.140625,0.163330078125,0.039794921875,2.355388542207534,0.5732421875,8.71875,0.243408203125,0.05810546875,2.312026227210945,0.6171875,8.59375,0.266845703125,0.06280517578125,2.296713566893418,0.32177734375,9.1640625,0.14013671875,0.032806396484375,1.11356214278757,0.09375,8.4375,0.08416748046875,0.0108642578125
21,test,,0.7195184230804443,70.375,70.375,1.9736328125,3.046875,3.046875,101,10,5.562394240477542,7.41796875,12.0078125,1.8798828125,0.38232421875,2.541015625,2.400390625,0.0360880605770115,7.2014204881744135,2.4182958340544896,0.371337890625,9.09375,0.153564453125,0.037750244140625,2.355388542207534,0.53857421875,8.6953125,0.2286376953125,0.05511474609375,2.312026227210945,0.6103515625,8.5078125,0.263916015625,0.062744140625,2.296713566893418,0.277099609375,9.15625,0.1207275390625,0.028533935546875,1.11356214278757,0.0938720703125,8.34375,0.08428955078125,0.01100921630859375
22,test,,0.6503111720085144,71.75,71.75,1.900390625,3.009765625,3.009765625,97,10,5.631734498127236,7.2109375,11.90625,1.861328125,0.394775390625,2.498046875,2.359375,0.034891589524155726,7.2014204881744135,2.4182958340544896,0.3818359375,8.8671875,0.1578369140625,0.0396728515625,2.355388542207534,0.56298828125,8.4375,0.239013671875,0.058868408203125,2.312026227210945,0.59912109375,8.3203125,0.25927734375,0.06292724609375,2.296713566893418,0.29736328125,8.9140625,0.1295166015625,0.031280517578125,1.11356214278757,0.0927734375,8.140625,0.08331298828125,0.01114654541015625
23,test,,0.630207359790802,74.5625,74.5625,1.931640625,3.078125,3.078125,92,10,5.489243380087132,6.98828125,12.15625,2.017578125,0.42529296875,2.478515625,2.310546875,0.04326358593184885,7.2014204881744135,2.4182958340544896,0.392578125,8.625,0.162353515625,0.041748046875,2.355388542207534,0.57275390625,8.1953125,0.2432861328125,0.061309814453125,2.312026227210945,0.62451171875,8.0546875,0.27001953125,0.067138671875,2.296713566893418,0.30908203125,8.6640625,0.134521484375,0.033294677734375,1.11356214278757,0.0927734375,7.91796875,0.08331298828125,0.01145172119140625
24,test,,0.6029198169708252,75.9375,75.9375,1.9443359375,3.05078125,3.05078125,97,10,5.563358112707144,7.0859375,11.9921875,1.9580078125,0.408935546875,2.43359375,2.345703125,0.04471663680147627,7.2014204881744135,2.4182958340544896,0.3955078125,8.7109375,0.16357421875,0.041595458984375,2.355388542207534,0.5732421875,8.296875,0.243408203125,0.06072998046875,2.312026227210945,0.61767578125,8.1640625,0.267333984375,0.06573486328125,2.296713566893418,0.332275390625,8.71875,0.1446533203125,0.035430908203125,1.11356214278757,0.0941162109375,8.0078125,0.08453369140625,0.01148223876953125
25,test,,0.6696134209632874,74.5625,74.5625,1.9287109375,3.00390625,3.00390625,96,10,5.47871988343112,6.91796875,11.9296875,1.90234375,0.420166015625,2.4375,2.330078125,0.048631164908281656,7.2014204881744135,2.4182958340544896,0.388671875,8.5625,0.1607666015625,0.0416259765625,2.355388542207534,0.58740234375,8.1015625,0.249267578125,0.06329345703125,2.312026227210945,0.62451171875,7.984375,0.27001953125,0.067626953125,2.296713566893418,0.3349609375,8.546875,0.1458740234375,0.036346435546875,1.11356214278757,0.0927734375,7.84765625,0.08331298828125,0.0115509033203125
26,test,,0.5609419345855713,75.0,75.0,1.9501953125,3.060546875,3.060546875,86,10,5.301711861858471,6.88671875,12.1015625,2.064453125,0.430908203125,2.443359375,2.33203125,0.031521037482165594,7.2014204881744135,2.4182958340544896,0.392822265625,8.5234375,0.1624755859375,0.042205810546875,2.355388542207534,0.58349609375,8.078125,0.2476806640625,0.0631103515625,2.312026227210945,0.6240234375,7.953125,0.27001953125,0.06781005859375,2.296713566893418,0.3330078125,8.515625,0.14501953125,0.0362548828125,1.11356214278757,0.0989990234375,7.8046875,0.08892822265625,0.0123748779296875
27,test,,0.686781108379364,73.125,73.125,2.02734375,3.064453125,3.064453125,91,10,5.39110554049389,6.96875,12.1015625,1.9541015625,0.42431640625,2.419921875,2.306640625,0.04787408201971635,7.2014204881744135,2.4182958340544896,0.403076171875,8.578125,0.166748046875,0.042938232421875,2.355388542207534,0.59130859375,8.140625,0.2509765625,0.06341552734375,2.312026227210945,0.6318359375,8.015625,0.273193359375,0.068115234375,2.296713566893418,0.32177734375,8.6171875,0.14013671875,0.03472900390625,1.11356214278757,0.10003662109375,7.8828125,0.08984375,0.0123748779296875
28,test,,0.9832832217216492,68.5,68.5,1.9755859375,3.166015625,3.166015625,90,10,5.465124172691885,6.953125,12.3046875,2.12109375,0.43505859375,2.474609375,2.29296875,0.04486317507775479,7.2014204881744135,2.4182958340544896,0.401123046875,8.5703125,0.1658935546875,0.04278564453125,2.355388542207534,0.59619140625,8.1171875,0.253173828125,0.06402587890625,2.312026227210945,0.6416015625,7.98046875,0.277587890625,0.06927490234375,2.296713566893418,0.331298828125,8.5859375,0.144287109375,0.03582763671875,1.11356214278757,0.10565185546875,7.85546875,0.0948486328125,0.013092041015625
29,test,,0.7119876146316528,76.375,76.375,1.9892578125,3.083984375,3.083984375,94,10,5.4280240305249094,6.62890625,12.140625,2.046875,0.4541015625,2.455078125,2.232421875,0.0316904567026054,7.2014204881744135,2.4182958340544896,0.39599609375,8.2578125,0.1636962890625,0.04376220703125,2.355388542207534,0.60107421875,7.78125,0.255126953125,0.06689453125,2.312026227210945,0.60546875,7.73046875,0.26171875,0.06768798828125,2.296713566893418,0.3125,8.296875,0.1361083984375,0.0350341796875,1.11356214278757,0.09320068359375,7.5546875,0.08367919921875,0.0120391845703125
30,test,,0.5593382120132446,76.875,76.875,1.96875,3.064453125,3.064453125,81,10,5.218545654869353,6.5859375,12.09375,2.083984375,0.45556640625,2.376953125,2.251953125,0.04974925894678069,7.2014204881744135,2.4182958340544896,0.42041015625,8.1640625,0.173828125,0.04669189453125,2.355388542207534,0.63623046875,7.66796875,0.270263671875,0.0711669921875,2.312026227210945,0.646484375,7.60546875,0.279541015625,0.0726318359375,2.296713566893418,0.3388671875,8.203125,0.1475830078125,0.03814697265625,1.11356214278757,0.11151123046875,7.4765625,0.10015869140625,0.0144805908203125
31,test,,0.6686767935752869,77.3125,77.3125,1.9677734375,3.087890625,3.087890625,84,10,5.303007557975197,6.5390625,12.140625,2.09765625,0.461181640625,2.404296875,2.234375,0.04521079612004754,7.2014204881744135,2.4182958340544896,0.4140625,8.1328125,0.171142578125,0.04620361328125,2.355388542207534,0.6220703125,7.65234375,0.26416015625,0.0699462890625,2.312026227210945,0.6396484375,7.57421875,0.276611328125,0.072265625,2.296713566893418,0.33837890625,8.1640625,0.1473388671875,0.038299560546875,1.11356214278757,0.109375,7.43359375,0.09820556640625,0.01428985595703125
32,test,,0.6800954937934875,74.5625,74.5625,1.9521484375,3.134765625,3.134765625,97,10,5.575167057519138,6.65234375,12.21875,2.05078125,0.45556640625,2.431640625,2.259765625,0.03224083214836695,7.2014204881744135,2.4182958340544896,0.42724609375,8.21875,0.1766357421875,0.047119140625,2.355388542207534,0.6298828125,7.75,0.267333984375,0.06988525390625,2.312026227210945,0.66552734375,7.6328125,0.287841796875,0.07421875,2.296713566893418,0.333984375,8.28125,0.1453857421875,0.037322998046875,1.11356214278757,0.10919189453125,7.546875,0.0980224609375,0.01406097412109375
33,test,,0.6308164000511169,79.1875,79.1875,1.9521484375,3.087890625,3.087890625,76,10,5.084468723509775,6.37109375,12.2421875,2.1953125,0.4794921875,2.40234375,2.216796875,0.04629492437534853,7.2014204881744135,2.4182958340544896,0.44677734375,7.89453125,0.184814453125,0.05084228515625,2.355388542207534,0.66357421875,7.3984375,0.28173828125,0.07598876953125,2.312026227210945,0.69091796875,7.30078125,0.298828125,0.07958984375,2.296713566893418,0.356689453125,7.953125,0.1552734375,0.041168212890625,1.11356214278757,0.12408447265625,7.23828125,0.1114501953125,0.0165863037109375
34,test,,0.5911823511123657,80.0625,80.0625,1.9306640625,3.142578125,3.142578125,88,10,5.3996571851397155,6.31640625,12.234375,2.1953125,0.483642578125,2.416015625,2.267578125,0.04057394542909095,7.2014204881744135,2.4182958340544896,0.485107421875,7.765625,0.2005615234375,0.055511474609375,2.355388542207534,0.68017578125,7.3125,0.288818359375,0.07843017578125,2.312026227210945,0.7216796875,7.1875,0.31201171875,0.0836181640625,2.296713566893418,0.370361328125,7.875,0.1612548828125,0.042999267578125,1.11356214278757,0.1280517578125,7.17578125,0.114990234375,0.0172271728515625
35,test,,0.5480110049247742,77.3125,77.3125,1.9443359375,3.09765625,3.09765625,87,10,5.378567739662131,6.375,12.109375,2.091796875,0.473388671875,2.390625,2.212890625,0.04031483108095677,7.2014204881744135,2.4182958340544896,0.473876953125,7.84375,0.196044921875,0.05389404296875,2.355388542207534,0.68017578125,7.37109375,0.288818359375,0.077880859375,2.312026227210945,0.69482421875,7.296875,0.300537109375,0.08001708984375,2.296713566893418,0.398193359375,7.875,0.17333984375,0.0458984375,1.11356214278757,0.115966796875,7.2578125,0.1041259765625,0.0154876708984375
36,test,,0.6449093222618103,81.0,81.0,2.05078125,3.078125,3.078125,85,10,5.299526147442272,6.30859375,12.1953125,2.087890625,0.482666015625,2.3671875,2.18359375,0.03665438360983387,7.2014204881744135,2.4182958340544896,0.459716796875,7.80859375,0.1900634765625,0.05267333984375,2.355388542207534,0.67822265625,7.30859375,0.287841796875,0.0782470703125,2.312026227210945,0.69677734375,7.2265625,0.30126953125,0.080810546875,2.296713566893418,0.37109375,7.86328125,0.1614990234375,0.043121337890625,1.11356214278757,0.11761474609375,7.1875,0.10565185546875,0.0158538818359375
37,test,,0.6164650321006775,80.0625,80.0625,1.916015625,3.12890625,3.12890625,79,10,5.26164112502149,6.29296875,12.2578125,2.189453125,0.48681640625,2.375,2.15625,0.024412892068467442,7.2014204881744135,2.4182958340544896,0.49169921875,7.7265625,0.203369140625,0.05645751953125,2.355388542207534,0.7001953125,7.24609375,0.29736328125,0.08099365234375,2.312026227210945,0.69482421875,7.21484375,0.300537109375,0.08074951171875,2.296713566893418,0.4130859375,7.76171875,0.1798095703125,0.048095703125,1.11356214278757,0.12548828125,7.15234375,0.1126708984375,0.016937255859375
38,test,,0.609929084777832,77.3125,77.3125,1.908203125,3.1484375,3.1484375,76,10,5.2134421952178345,6.13671875,12.28125,2.22265625,0.50048828125,2.333984375,2.111328125,0.03932705689137238,7.2014204881744135,2.4182958340544896,0.50732421875,7.5390625,0.2098388671875,0.059326171875,2.355388542207534,0.7099609375,7.0703125,0.301513671875,0.0836181640625,2.312026227210945,0.69873046875,7.05078125,0.30224609375,0.08270263671875,2.296713566893418,0.406494140625,7.62109375,0.177001953125,0.0482177734375,1.11356214278757,0.12445068359375,7.0,0.11175537109375,0.0171661376953125
39,test,,0.6765745878219604,74.5625,74.5625,1.923828125,3.12890625,3.12890625,76,10,5.278207082607324,6.09375,12.2890625,2.185546875,0.50439453125,2.341796875,2.125,0.03652217906961683,7.2014204881744135,2.4182958340544896,0.50048828125,7.51171875,0.20703125,0.058807373046875,2.355388542207534,0.7021484375,7.04296875,0.298095703125,0.0831298828125,2.312026227210945,0.697265625,7.01171875,0.3017578125,0.08294677734375,2.296713566893418,0.37451171875,7.640625,0.1630859375,0.044647216796875,1.11356214278757,0.1251220703125,6.95703125,0.11236572265625,0.017364501953125
40,test,,0.49316564202308655,79.1875,79.1875,1.927734375,3.115234375,3.115234375,69,10,5.136800970915224,6.13671875,12.28125,2.232421875,0.50048828125,2.287109375,2.0546875,0.05082265244718563,7.2014204881744135,2.4182958340544896,0.53369140625,7.48828125,0.220703125,0.0623779296875,2.355388542207534,0.75048828125,6.98828125,0.31884765625,0.08837890625,2.312026227210945,0.7041015625,7.0390625,0.304443359375,0.08331298828125,2.296713566893418,0.399169921875,7.6328125,0.173828125,0.047332763671875,1.11356214278757,0.129150390625,6.9921875,0.11602783203125,0.017822265625
