epoch,phase,condition,loss,accuracy,accuracy_nn,temperature,length,length_nn,lexicon_size,actual_vocab_size,entropy_msg_as_a_whole,entropy_msg,entropy_max,max_rep,redundancy,KLD_train_test,KLD_test_train,topsim,entropy_attr,entropy_shape,mutual_info_msg_shape,variation_of_info_msg_shape,proficiency_msg_shape,redundancy_msg_shape,entropy_color,mutual_info_msg_color,variation_of_info_msg_color,proficiency_msg_color,redundancy_msg_color,entropy_xpos,mutual_info_msg_xpos,variation_of_info_msg_xpos,proficiency_msg_xpos,redundancy_msg_xpos,entropy_ypos,mutual_info_msg_ypos,variation_of_info_msg_ypos,proficiency_msg_ypos,redundancy_msg_ypos,entropy_rotation,mutual_info_msg_rotation,variation_of_info_msg_rotation,proficiency_msg_rotation,redundancy_msg_rotation,lexicon_size_nn,actual_vocab_size_nn,max_rep_nn,entropy_whole_msg_nn,entropy_msg_nn,entropy_max_nn,redundancy_nn,KLD_train_test_nn,KLD_test_train_nn,entropy_shape_nn,mutual_info_msg_shape_nn,variation_of_info_msg_shape_nn,proficiency_msg_shape_nn,redundancy_msg_shape_nn,entropy_color_nn,mutual_info_msg_color_nn,variation_of_info_msg_color_nn,proficiency_msg_color_nn,redundancy_msg_color_nn,entropy_xpos_nn,mutual_info_msg_xpos_nn,variation_of_info_msg_xpos_nn,proficiency_msg_xpos_nn,redundancy_msg_xpos_nn,entropy_ypos_nn,mutual_info_msg_ypos_nn,variation_of_info_msg_ypos_nn,proficiency_msg_ypos_nn,redundancy_msg_ypos_nn,entropy_rotation_nn,mutual_info_msg_rotation_nn,variation_of_info_msg_rotation_nn,proficiency_msg_rotation_nn,redundancy_msg_rotation_nn,topsim_nn
1,train,noise,1.2300282716751099,36.9375,37.5625,0.8251953125,1.6376953125,1.908203125,1289,10,5.842794276155067,5.234375,5.79296875,0.787109375,0.09625244140625,,,0.10129866267812324,10.086825667978504,2.563472392503777,0.00818634033203125,7.78125,0.0031948089599609375,0.0010499954223632812,2.9309428088276523,0.058441162109375,8.046875,0.0199432373046875,0.0071563720703125,2.3208749086533187,0.307373046875,6.94140625,0.1324462890625,0.04071044921875,2.320484016375942,0.003063201904296875,7.546875,0.00131988525390625,0.00040531158447265625,1.2708642824277918,0.000850677490234375,6.50390625,0.0006694793701171875,0.00013077259063720703,1490,10,0.8583984375,5.988349350455706,6.4140625,7.3515625,0.1278076171875,,,2.563472392503777,0.01203155517578125,8.953125,0.004695892333984375,0.0013408660888671875,2.9309428088276523,0.0987548828125,9.1484375,0.03369140625,0.0105743408203125,2.3208749086533187,0.469970703125,7.79296875,0.2025146484375,0.0538330078125,2.320484016375942,0.005947113037109375,8.71875,0.0025634765625,0.0006809234619140625,1.2708642824277918,0.0014524459838867188,7.6796875,0.0011425018310546875,0.00018906593322753906,0.12712896288082504
2,train,noise,0.8835107684135437,54.5,55.8125,0.919921875,1.8671875,2.19140625,602,10,4.828299177219514,4.64453125,6.8046875,1.4345703125,0.3173828125,,,0.1400096828975736,10.086825667978506,2.563472392503777,0.0181121826171875,7.171875,0.0070648193359375,0.0025119781494140625,2.9309428088276523,0.1324462890625,7.3125,0.045196533203125,0.017486572265625,2.3208749086533187,0.63916015625,5.6875,0.275390625,0.09173583984375,2.320484016375942,0.007053375244140625,6.953125,0.0030384063720703125,0.0010128021240234375,1.2708642824277918,0.0024623870849609375,5.91015625,0.0019378662109375,0.0004162788391113281,721,10,1.6513671875,4.754554559434469,5.16796875,8.703125,0.406005859375,,,2.563472392503777,0.027679443359375,7.67578125,0.01079559326171875,0.0035800933837890625,2.9309428088276523,0.205078125,7.69140625,0.0699462890625,0.0253143310546875,2.3208749086533187,1.0009765625,5.48828125,0.431396484375,0.1336669921875,2.320484016375942,0.0123291015625,7.46484375,0.00531005859375,0.0016460418701171875,1.2708642824277918,0.00408935546875,6.43359375,0.0032196044921875,0.0006351470947265625,0.1733664282134023
3,train,noise,0.7395398616790771,61.5625,62.90625,1.1396484375,2.115234375,2.4921875,601,10,4.902718592728539,5.2421875,7.48828125,1.685546875,0.300048828125,,,0.14815482067603783,10.086825667978507,2.563472392503777,0.0261688232421875,7.75,0.0102081298828125,0.003353118896484375,2.9309428088276515,0.1722412109375,7.828125,0.058746337890625,0.0210723876953125,2.3208749086533187,0.69677734375,6.16796875,0.30029296875,0.0921630859375,2.320484016375942,0.01371002197265625,7.53515625,0.005908966064453125,0.0018129348754882812,1.2708642824277918,0.00296783447265625,6.50390625,0.0023345947265625,0.00045561790466308594,640,10,1.955078125,4.686463825188606,5.94921875,9.546875,0.376953125,,,2.563472392503777,0.040252685546875,8.4296875,0.0157012939453125,0.004730224609375,2.9309428088276515,0.243896484375,8.390625,0.08319091796875,0.0274658203125,2.3208749086533187,1.1005859375,6.06640625,0.474365234375,0.133056640625,2.320484016375942,0.0233612060546875,8.21875,0.01006317138671875,0.0028247833251953125,1.2708642824277918,0.004711151123046875,7.2109375,0.0037059783935546875,0.000652313232421875,0.18359807552210222
4,train,noise,0.644237220287323,68.4375,70.25,1.3994140625,2.32421875,2.720703125,699,10,5.332131772436368,5.91796875,8.0546875,1.8271484375,0.265625,,,0.15029180599476988,10.086825667978504,2.563472392503777,0.0377197265625,8.40625,0.01471710205078125,0.00444793701171875,2.9309428088276515,0.2421875,8.3671875,0.0826416015625,0.027374267578125,2.3208749086533187,0.736328125,6.765625,0.3173828125,0.08941650390625,2.320484016375942,0.01439666748046875,8.2109375,0.00620269775390625,0.0017480850219726562,1.2708642824277918,0.00293731689453125,7.18359375,0.00231170654296875,0.0004086494445800781,701,10,2.099609375,5.114442524930952,6.84765625,10.2421875,0.33154296875,,,2.563472392503777,0.058502197265625,9.296875,0.0228118896484375,0.006214141845703125,2.9309428088276515,0.32666015625,9.125,0.1114501953125,0.03338623046875,2.3208749086533187,1.177734375,6.8125,0.50732421875,0.12841796875,2.320484016375942,0.0243072509765625,9.1171875,0.01047515869140625,0.002651214599609375,1.2708642824277918,0.00469970703125,8.109375,0.003696441650390625,0.0005788803100585938,0.1886500015612838
5,train,noise,0.5804829597473145,71.6875,73.75,1.5869140625,2.419921875,2.86328125,847,10,5.6822682856849775,6.38671875,8.359375,1.8623046875,0.236328125,,,0.17329054104788724,10.086825667978506,2.563472392503777,0.04290771484375,8.8671875,0.0167388916015625,0.004795074462890625,2.9309428088276515,0.283935546875,8.75,0.09686279296875,0.0304718017578125,2.3208749086533187,0.763671875,7.1796875,0.3291015625,0.08770751953125,2.320484016375942,0.01290130615234375,8.6796875,0.00556182861328125,0.0014820098876953125,1.2708642824277918,0.0036792755126953125,7.6484375,0.002895355224609375,0.00048041343688964844,862,10,2.162109375,5.44212462930862,7.46875,10.6171875,0.296875,,,2.563472392503777,0.06573486328125,9.8984375,0.0256500244140625,0.00655364990234375,2.9309428088276515,0.3779296875,9.640625,0.12890625,0.036346435546875,2.3208749086533187,1.220703125,7.34765625,0.52587890625,0.124755859375,2.320484016375942,0.0220947265625,9.7421875,0.009521484375,0.0022563934326171875,1.2708642824277918,0.005619049072265625,8.7265625,0.004421234130859375,0.0006432533264160156,0.205588015528667
6,train,noise,0.5315809845924377,73.4375,74.875,1.7236328125,2.52734375,2.96484375,849,10,5.77672603176562,6.6015625,8.53125,1.9404296875,0.2264404296875,,,0.16066516508463405,10.086825667978488,2.563472392503777,0.04412841796875,9.078125,0.0172119140625,0.00481414794921875,2.9309428088276523,0.29052734375,8.953125,0.09912109375,0.0304718017578125,2.3208749086533187,0.7724609375,7.375,0.332763671875,0.08660888671875,2.320484016375942,0.01284027099609375,8.8984375,0.00553131103515625,0.0014390945434570312,1.2708642824277918,0.003631591796875,7.86328125,0.002857208251953125,0.00046133995056152344,850,10,2.23828125,5.45488950339661,7.6875,10.7890625,0.287353515625,,,2.563472392503777,0.0673828125,10.1171875,0.026275634765625,0.006572723388671875,2.9309428088276523,0.386474609375,9.84375,0.1318359375,0.036376953125,2.3208749086533187,1.2197265625,7.5703125,0.525390625,0.121826171875,2.320484016375942,0.02252197265625,9.9609375,0.00970458984375,0.00225067138671875,1.2708642824277918,0.005645751953125,8.9453125,0.004444122314453125,0.0006303787231445312,0.20267434661738046
7,train,noise,0.5031754374504089,75.6875,76.8125,1.830078125,2.603515625,3.08203125,905,10,5.862921494565814,6.83984375,8.8203125,2.0234375,0.2244873046875,,,0.14714949854679238,10.086825667978504,2.563472392503777,0.0445556640625,9.3125,0.0173797607421875,0.00473785400390625,2.9309428088276515,0.294921875,9.1796875,0.1005859375,0.0301666259765625,2.3208749086533187,0.7763671875,7.609375,0.33447265625,0.08477783203125,2.320484016375942,0.01454925537109375,9.1328125,0.006267547607421875,0.0015878677368164062,1.2708642824277918,0.004619598388671875,8.1015625,0.003635406494140625,0.0005693435668945312,956,10,2.349609375,5.565699864915997,7.9609375,11.1484375,0.2861328125,,,2.563472392503777,0.071533203125,10.3828125,0.02789306640625,0.006793975830078125,2.9309428088276515,0.390380859375,10.109375,0.1331787109375,0.03582763671875,2.3208749086533187,1.212890625,7.85546875,0.5224609375,0.11798095703125,2.320484016375942,0.0249176025390625,10.2265625,0.0107421875,0.0024242401123046875,1.2708642824277918,0.007358551025390625,9.21875,0.00579071044921875,0.000797271728515625,0.1853138233226949
8,train,noise,0.48804327845573425,76.1875,77.5625,1.89453125,2.69921875,3.169921875,927,10,5.964082767478633,6.95703125,8.9765625,2.0859375,0.2247314453125,,,0.16229792533947707,10.086825667978484,2.563472392503777,0.044403076171875,9.4296875,0.0173187255859375,0.004665374755859375,2.9309428088276515,0.292724609375,9.3046875,0.09991455078125,0.02960205078125,2.3208749086533187,0.78125,7.71484375,0.336669921875,0.084228515625,2.320484016375942,0.01904296875,9.2421875,0.008209228515625,0.00205230712890625,1.2708642824277918,0.0052032470703125,8.21875,0.004093170166015625,0.0006322860717773438,955,10,2.4140625,5.587218329284054,8.0703125,11.3125,0.28662109375,,,2.563472392503777,0.072265625,10.4921875,0.0281829833984375,0.0067901611328125,2.9309428088276515,0.38671875,10.234375,0.1319580078125,0.03515625,2.3208749086533187,1.2109375,7.97265625,0.52197265625,0.11651611328125,2.320484016375942,0.03515625,10.3203125,0.0151519775390625,0.0033817291259765625,1.2708642824277918,0.00858306884765625,9.328125,0.006755828857421875,0.0009188652038574219,0.19146422889621262
9,train,noise,0.4531446397304535,77.75,79.0625,1.9287109375,2.697265625,3.16796875,967,10,6.046939539533025,7.00390625,8.96875,2.07421875,0.218994140625,,,0.15218354874417672,10.086825667978497,2.563472392503777,0.04705810546875,9.4765625,0.0183563232421875,0.004917144775390625,2.9309428088276515,0.3017578125,9.3359375,0.1029052734375,0.030364990234375,2.3208749086533187,0.79052734375,7.74609375,0.340576171875,0.08477783203125,2.320484016375942,0.0187530517578125,9.2890625,0.008087158203125,0.0020122528076171875,1.2708642824277918,0.005096435546875,8.265625,0.0040130615234375,0.0006160736083984375,957,10,2.392578125,5.670640595593678,8.140625,11.296875,0.27880859375,,,2.563472392503777,0.07733154296875,10.5546875,0.0301666259765625,0.007221221923828125,2.9309428088276515,0.3994140625,10.2734375,0.13623046875,0.03607177734375,2.3208749086533187,1.21875,8.0234375,0.52490234375,0.116455078125,2.320484016375942,0.034271240234375,10.3984375,0.01476287841796875,0.0032749176025390625,1.2708642824277918,0.0081024169921875,9.3984375,0.006374359130859375,0.0008606910705566406,0.19272709128314744
10,train,noise,0.4501884877681732,77.625,79.125,1.9697265625,2.712890625,3.193359375,972,10,6.152505463226066,7.0859375,9.0078125,2.0625,0.2130126953125,,,0.15119169215083506,10.08682566797851,2.563472392503777,0.051727294921875,9.546875,0.020172119140625,0.005359649658203125,2.9309428088276523,0.310546875,9.3984375,0.10589599609375,0.0309906005859375,2.3208749086533187,0.7763671875,7.85546875,0.33447265625,0.08251953125,2.320484016375942,0.021148681640625,9.3671875,0.00911712646484375,0.0022487640380859375,1.2708642824277918,0.005794525146484375,8.34375,0.004558563232421875,0.0006933212280273438,1002,10,2.376953125,5.793273023476466,8.2421875,11.3203125,0.272216796875,,,2.563472392503777,0.08587646484375,10.6328125,0.03350830078125,0.0079498291015625,2.9309428088276523,0.411865234375,10.34375,0.1405029296875,0.036865234375,2.3208749086533187,1.1953125,8.171875,0.51513671875,0.1131591796875,2.320484016375942,0.03900146484375,10.484375,0.0167999267578125,0.003692626953125,1.2708642824277918,0.009063720703125,9.4921875,0.007129669189453125,0.0009527206420898438,0.1996872228352388
11,train,noise,0.43261173367500305,78.8125,79.9375,1.984375,2.724609375,3.20703125,1004,10,6.283575402641166,7.14453125,9.03125,2.044921875,0.2088623046875,,,0.15458165035805446,10.086825667978507,2.563472392503777,0.053009033203125,9.6015625,0.0206756591796875,0.005458831787109375,2.9309428088276523,0.31494140625,9.4453125,0.107421875,0.03125,2.3208749086533187,0.7841796875,7.8984375,0.337890625,0.08282470703125,2.320484016375942,0.0186004638671875,9.4296875,0.00801849365234375,0.001964569091796875,1.2708642824277918,0.006378173828125,8.40625,0.005016326904296875,0.0007576942443847656,1027,10,2.34765625,5.94729585580364,8.296875,11.359375,0.269287109375,,,2.563472392503777,0.0888671875,10.6796875,0.03466796875,0.00818634033203125,2.9309428088276523,0.41796875,10.390625,0.142578125,0.0372314453125,2.3208749086533187,1.2001953125,8.21875,0.51708984375,0.113037109375,2.320484016375942,0.034332275390625,10.546875,0.01479339599609375,0.0032329559326171875,1.2708642824277918,0.01047515869140625,9.546875,0.00823974609375,0.001094818115234375,0.19257512506362173
12,train,noise,0.41327282786369324,79.875,80.75,2.01953125,2.740234375,3.2265625,972,10,6.264940239093677,7.19921875,9.0703125,2.080078125,0.20654296875,,,0.15545222739052608,10.086825667978513,2.563472392503777,0.051788330078125,9.65625,0.02020263671875,0.00530242919921875,2.9309428088276515,0.31494140625,9.5,0.10748291015625,0.031097412109375,2.3208749086533187,0.7939453125,7.93359375,0.342041015625,0.0833740234375,2.320484016375942,0.0171661376953125,9.484375,0.007396697998046875,0.0018024444580078125,1.2708642824277918,0.0058441162109375,8.4609375,0.004596710205078125,0.0006895065307617188,1002,10,2.384765625,5.91746482520766,8.3515625,11.3984375,0.26708984375,,,2.563472392503777,0.08648681640625,10.7421875,0.03375244140625,0.00792694091796875,2.9309428088276515,0.415771484375,10.453125,0.141845703125,0.036834716796875,2.3208749086533187,1.208984375,8.2578125,0.52099609375,0.11334228515625,2.320484016375942,0.030670166015625,10.609375,0.013214111328125,0.0028743743896484375,1.2708642824277918,0.0090484619140625,9.609375,0.00711822509765625,0.0009403228759765625,0.1975523891762149
13,train,noise,0.4114733040332794,80.625,81.1875,2.068359375,2.77734375,3.265625,957,10,6.433989492338286,7.30078125,9.140625,2.0625,0.2012939453125,,,0.14434937938843193,10.086825667978482,2.563472392503777,0.05291748046875,9.7578125,0.0206451416015625,0.005367279052734375,2.9309428088276515,0.314453125,9.6015625,0.1072998046875,0.030731201171875,2.3208749086533187,0.78662109375,8.046875,0.3388671875,0.08172607421875,2.320484016375942,0.019805908203125,9.578125,0.0085296630859375,0.0020580291748046875,1.2708642824277918,0.005939483642578125,8.5625,0.004673004150390625,0.0006928443908691406,961,10,2.375,6.05881376409242,8.4765625,11.4609375,0.2607421875,,,2.563472392503777,0.0887451171875,10.859375,0.03460693359375,0.0080413818359375,2.9309428088276515,0.4169921875,10.5703125,0.1422119140625,0.03656005859375,2.3208749086533187,1.1943359375,8.40625,0.5146484375,0.11065673828125,2.320484016375942,0.035186767578125,10.7265625,0.015167236328125,0.0032596588134765625,1.2708642824277918,0.009002685546875,9.7265625,0.007080078125,0.0009236335754394531,0.18221955833813108
14,train,noise,0.3925263285636902,80.6875,81.4375,2.052734375,2.806640625,3.306640625,944,10,6.471443187459454,7.29296875,9.2265625,2.099609375,0.209716796875,,,0.1434898223045913,10.086825667978506,2.563472392503777,0.050628662109375,9.7578125,0.0197601318359375,0.005138397216796875,2.9309428088276515,0.310302734375,9.6015625,0.10589599609375,0.0303497314453125,2.3208749086533187,0.79736328125,8.0234375,0.343505859375,0.08294677734375,2.320484016375942,0.01806640625,9.578125,0.007785797119140625,0.0018787384033203125,1.2708642824277918,0.00634765625,8.5546875,0.004993438720703125,0.0007410049438476562,941,10,2.416015625,6.095489352067585,8.421875,11.5859375,0.2724609375,,,2.563472392503777,0.08673095703125,10.8125,0.033843994140625,0.00789642333984375,2.9309428088276515,0.41064453125,10.5390625,0.14013671875,0.036163330078125,2.3208749086533187,1.205078125,8.3359375,0.51904296875,0.11212158203125,2.320484016375942,0.03277587890625,10.6796875,0.014129638671875,0.0030517578125,1.2708642824277918,0.01013946533203125,9.6796875,0.0079803466796875,0.0010461807250976562,0.1950798283878471
15,train,noise,0.401680052280426,79.8125,80.3125,2.064453125,2.828125,3.310546875,902,10,6.540616751294744,7.33984375,9.2578125,2.08984375,0.20703125,,,0.1512893940619119,10.086825667978497,2.563472392503777,0.0496826171875,9.8046875,0.019378662109375,0.005016326904296875,2.9309428088276523,0.30908203125,9.65625,0.10546875,0.03009033203125,2.3208749086533187,0.80029296875,8.0625,0.3447265625,0.08282470703125,2.320484016375942,0.017913818359375,9.625,0.007717132568359375,0.0018529891967773438,1.2708642824277918,0.00623321533203125,8.6015625,0.00490570068359375,0.0007238388061523438,873,10,2.380859375,6.18079142794135,8.484375,11.625,0.2705078125,,,2.563472392503777,0.0858154296875,10.875,0.033477783203125,0.007770538330078125,2.9309428088276523,0.41015625,10.59375,0.139892578125,0.03594970703125,2.3208749086533187,1.2001953125,8.3984375,0.51708984375,0.11114501953125,2.320484016375942,0.03076171875,10.7421875,0.01325225830078125,0.0028476715087890625,1.2708642824277918,0.00989532470703125,9.734375,0.007785797119140625,0.00101470947265625,0.20655046684555084
16,train,noise,0.38247689604759216,81.625,82.5,2.095703125,2.828125,3.3359375,874,10,6.599612872315668,7.37890625,9.3046875,2.080078125,0.2073974609375,,,0.14239602907351986,10.086825667978513,2.563472392503777,0.05072021484375,9.84375,0.0197906494140625,0.00510406494140625,2.9309428088276523,0.313232421875,9.6796875,0.10687255859375,0.0303802490234375,2.3208749086533187,0.79833984375,8.1015625,0.343994140625,0.08233642578125,2.320484016375942,0.0193328857421875,9.65625,0.008331298828125,0.0019931793212890625,1.2708642824277918,0.006237030029296875,8.6328125,0.004909515380859375,0.000720977783203125,858,10,2.392578125,6.224358969068813,8.5078125,11.6796875,0.271240234375,,,2.563472392503777,0.0872802734375,10.8984375,0.0340576171875,0.00788116455078125,2.9309428088276523,0.414306640625,10.6171875,0.141357421875,0.036224365234375,2.3208749086533187,1.1962890625,8.4375,0.515625,0.1104736328125,2.320484016375942,0.03240966796875,10.765625,0.01396942138671875,0.0029926300048828125,1.2708642824277918,0.01000213623046875,9.765625,0.00787353515625,0.0010223388671875,0.18932615059978175
17,train,noise,0.37213173508644104,82.0625,83.0625,2.10546875,2.828125,3.330078125,830,10,6.604890707794715,7.39453125,9.2890625,2.078125,0.20361328125,,,0.15406516986368574,10.086825667978514,2.563472392503777,0.05078125,9.859375,0.019805908203125,0.005100250244140625,2.9309428088276523,0.311767578125,9.703125,0.10638427734375,0.0301971435546875,2.3208749086533187,0.79931640625,8.1171875,0.344482421875,0.082275390625,2.320484016375942,0.021728515625,9.671875,0.009368896484375,0.0022373199462890625,1.2708642824277918,0.0060882568359375,8.65625,0.004791259765625,0.0007028579711914062,791,10,2.38671875,6.221222444509749,8.53125,11.6484375,0.267333984375,,,2.563472392503777,0.086669921875,10.921875,0.0338134765625,0.007808685302734375,2.9309428088276523,0.41357421875,10.640625,0.14111328125,0.03607177734375,2.3208749086533187,1.1943359375,8.46875,0.5146484375,0.11004638671875,2.320484016375942,0.03717041015625,10.78125,0.0160064697265625,0.0034236907958984375,1.2708642824277918,0.0092926025390625,9.7890625,0.0073089599609375,0.0009474754333496094,0.19755871318551751
18,train,noise,0.36261045932769775,82.75,83.3125,2.123046875,2.85546875,3.369140625,836,10,6.707469367670376,7.43359375,9.3515625,2.07421875,0.205078125,,,0.14383304207465614,10.086825667978493,2.563472392503777,0.05029296875,9.8984375,0.0196075439453125,0.00502777099609375,2.9309428088276515,0.30859375,9.75,0.1053466796875,0.02978515625,2.3208749086533187,0.79345703125,8.171875,0.341796875,0.081298828125,2.320484016375942,0.0211029052734375,9.7109375,0.00909423828125,0.002162933349609375,1.2708642824277918,0.00658416748046875,8.6953125,0.005184173583984375,0.0007562637329101562,828,10,2.3828125,6.326281069327185,8.5546875,11.71875,0.26953125,,,2.563472392503777,0.0855712890625,10.953125,0.03338623046875,0.007694244384765625,2.9309428088276515,0.410888671875,10.6640625,0.14013671875,0.0357666015625,2.3208749086533187,1.1845703125,8.5078125,0.51025390625,0.10888671875,2.320484016375942,0.0380859375,10.8046875,0.0164031982421875,0.0034999847412109375,1.2708642824277918,0.0102996826171875,9.8046875,0.0081024169921875,0.0010480880737304688,0.19161344612442044
19,train,noise,0.34824472665786743,82.6875,83.0,2.13671875,2.87890625,3.376953125,808,10,6.739782744356133,7.42578125,9.390625,2.080078125,0.208740234375,,,0.15395235546526018,10.0868256679785,2.563472392503777,0.051361083984375,9.890625,0.0200347900390625,0.0051422119140625,2.9309428088276523,0.312744140625,9.734375,0.10675048828125,0.0301971435546875,2.3208749086533187,0.802734375,8.140625,0.345947265625,0.08233642578125,2.320484016375942,0.0215606689453125,9.703125,0.0092926025390625,0.0022106170654296875,1.2708642824277918,0.00677490234375,8.6875,0.005329132080078125,0.0007786750793457031,762,10,2.388671875,6.317067000555889,8.5390625,11.765625,0.2744140625,,,2.563472392503777,0.08892822265625,10.921875,0.034698486328125,0.0080108642578125,2.9309428088276523,0.4140625,10.640625,0.141357421875,0.036102294921875,2.3208749086533187,1.19140625,8.4765625,0.513671875,0.1097412109375,2.320484016375942,0.038116455078125,10.78125,0.0164337158203125,0.0035114288330078125,1.2708642824277918,0.01065826416015625,9.7890625,0.00838470458984375,0.0010862350463867188,0.19500680861035322
20,train,noise,0.32700473070144653,84.0625,84.9375,2.126953125,2.873046875,3.359375,732,10,6.593362784203744,7.32421875,9.34375,2.126953125,0.2159423828125,,,0.14264427985533537,10.086825667978504,2.563472392503777,0.049896240234375,9.7890625,0.01947021484375,0.005046844482421875,2.9309428088276515,0.307861328125,9.640625,0.10504150390625,0.0300140380859375,2.3208749086533187,0.81591796875,8.015625,0.3515625,0.0845947265625,2.320484016375942,0.0218048095703125,9.6015625,0.0093994140625,0.002262115478515625,1.2708642824277918,0.007137298583984375,8.578125,0.005615234375,0.0008301734924316406,671,10,2.427734375,6.154000166558586,8.390625,11.703125,0.283203125,,,2.563472392503777,0.086181640625,10.78125,0.033599853515625,0.00786590576171875,2.9309428088276515,0.4052734375,10.5078125,0.1383056640625,0.035797119140625,2.3208749086533187,1.208984375,8.2890625,0.52099609375,0.1129150390625,2.320484016375942,0.037841796875,10.6328125,0.0163116455078125,0.0035343170166015625,1.2708642824277918,0.01158905029296875,9.6328125,0.00911712646484375,0.0011997222900390625,0.1980064302397699
21,train,noise,0.3326543867588043,84.0625,84.625,2.134765625,2.880859375,3.37109375,718,10,6.602873420847387,7.34765625,9.375,2.130859375,0.21630859375,,,0.1580319677831561,10.08682566797851,2.563472392503777,0.05194091796875,9.8046875,0.020263671875,0.00524139404296875,2.9309428088276515,0.313720703125,9.6484375,0.1070556640625,0.030517578125,2.3208749086533187,0.8203125,8.0234375,0.353271484375,0.0848388671875,2.320484016375942,0.0229644775390625,9.6171875,0.00989532470703125,0.0023746490478515625,1.2708642824277918,0.0067291259765625,8.6015625,0.0052947998046875,0.0007810592651367188,666,10,2.427734375,6.170915110942216,8.40625,11.7578125,0.28466796875,,,2.563472392503777,0.08880615234375,10.796875,0.034637451171875,0.00809478759765625,2.9309428088276515,0.41064453125,10.515625,0.1400146484375,0.03619384765625,2.3208749086533187,1.2138671875,8.3046875,0.52294921875,0.1131591796875,2.320484016375942,0.040374755859375,10.6484375,0.0174102783203125,0.003765106201171875,1.2708642824277918,0.0105133056640625,9.65625,0.008270263671875,0.0010862350463867188,0.20733004915889636
22,train,noise,0.32946065068244934,84.625,85.0,2.17578125,2.91015625,3.423828125,709,10,6.759872479425568,7.5234375,9.46875,2.142578125,0.205810546875,,,0.16125663851048866,10.086825667978516,2.563472392503777,0.054534912109375,9.9765625,0.021270751953125,0.005405426025390625,2.930942808827651,0.3095703125,9.8359375,0.10565185546875,0.0296173095703125,2.3208749086533187,0.80712890625,8.2265625,0.34765625,0.08197021484375,2.320484016375942,0.0217742919921875,9.796875,0.0093841552734375,0.0022125244140625,1.2708642824277918,0.006805419921875,8.78125,0.0053558349609375,0.0007739067077636719,686,10,2.443359375,6.306617664238142,8.609375,11.8359375,0.273193359375,,,2.563472392503777,0.0947265625,10.9765625,0.036956787109375,0.00848388671875,2.930942808827651,0.404296875,10.7265625,0.137939453125,0.0350341796875,2.3208749086533187,1.18359375,8.5625,0.509765625,0.10833740234375,2.320484016375942,0.03564453125,10.8515625,0.01535797119140625,0.003261566162109375,1.2708642824277918,0.0107421875,9.8515625,0.008453369140625,0.001087188720703125,0.20649488291406784
23,train,noise,0.32445666193962097,84.25,84.5625,2.189453125,2.947265625,3.4453125,755,10,6.729931379366412,7.48828125,9.4921875,2.169921875,0.2108154296875,,,0.15074041408462965,10.086825667978488,2.563472392503777,0.05316162109375,9.9453125,0.0207366943359375,0.00528717041015625,2.9309428088276515,0.306396484375,9.8046875,0.10455322265625,0.0294036865234375,2.3208749086533187,0.81982421875,8.171875,0.353271484375,0.08355712890625,2.320484016375942,0.020843505859375,9.765625,0.0089874267578125,0.002124786376953125,1.2708642824277918,0.00690460205078125,8.75,0.00543212890625,0.0007882118225097656,708,10,2.46875,6.252105856665555,8.5390625,11.8359375,0.278564453125,,,2.563472392503777,0.09271240234375,10.921875,0.036163330078125,0.0083465576171875,2.9309428088276515,0.400634765625,10.671875,0.13671875,0.034942626953125,2.3208749086533187,1.2021484375,8.4609375,0.51806640625,0.1107177734375,2.320484016375942,0.033294677734375,10.796875,0.01434326171875,0.0030651092529296875,1.2708642824277918,0.0109100341796875,9.7890625,0.00858306884765625,0.0011119842529296875,0.19403310433763704
24,train,noise,0.311190664768219,84.625,85.375,2.181640625,2.908203125,3.423828125,692,10,6.690844837532649,7.4375,9.453125,2.158203125,0.21337890625,,,0.16822334266535316,10.086825667978504,2.563472392503777,0.054046630859375,9.890625,0.021087646484375,0.005405426025390625,2.9309428088276515,0.310791015625,9.75,0.1060791015625,0.0299835205078125,2.3208749086533187,0.82763671875,8.1015625,0.356689453125,0.0848388671875,2.320484016375942,0.02117919921875,9.71875,0.009124755859375,0.002170562744140625,1.2708642824277918,0.0063934326171875,8.6953125,0.005031585693359375,0.0007343292236328125,657,10,2.482421875,6.218074947126947,8.4765625,11.8203125,0.2822265625,,,2.563472392503777,0.09381103515625,10.859375,0.03662109375,0.0084991455078125,2.9309428088276515,0.407958984375,10.59375,0.13916015625,0.0357666015625,2.3208749086533187,1.2109375,8.3828125,0.521484375,0.11212158203125,2.320484016375942,0.03228759765625,10.734375,0.01390838623046875,0.0029888153076171875,1.2708642824277918,0.009521484375,9.734375,0.007488250732421875,0.0009760856628417969,0.21102745269380094
25,train,noise,0.31853675842285156,84.4375,85.125,2.1953125,2.958984375,3.47265625,693,10,6.68251524216566,7.4375,9.5390625,2.203125,0.220458984375,,,0.14706228269825447,10.0868256679785,2.563472392503777,0.050933837890625,9.8984375,0.019866943359375,0.005092620849609375,2.9309428088276515,0.303466796875,9.7578125,0.103515625,0.029266357421875,2.3208749086533187,0.82861328125,8.1015625,0.35693359375,0.08489990234375,2.320484016375942,0.0214691162109375,9.71875,0.00925445556640625,0.002201080322265625,1.2708642824277918,0.006744384765625,8.6953125,0.005306243896484375,0.000774383544921875,651,10,2.51953125,6.148976821973886,8.4375,11.890625,0.290283203125,,,2.563472392503777,0.09112548828125,10.8203125,0.035552978515625,0.00827789306640625,2.9309428088276515,0.399658203125,10.5703125,0.1363525390625,0.03515625,2.3208749086533187,1.20703125,8.34375,0.52001953125,0.11224365234375,2.320484016375942,0.033233642578125,10.6953125,0.01432037353515625,0.0030879974365234375,1.2708642824277918,0.01131439208984375,9.6875,0.00890350341796875,0.0011653900146484375,0.19712466575869295
26,train,noise,0.30617883801460266,85.3125,86.125,2.189453125,2.919921875,3.439453125,730,10,6.728204685136767,7.41015625,9.484375,2.171875,0.2191162109375,,,0.14150056499871633,10.086825667978518,2.563472392503777,0.05438232421875,9.8671875,0.021209716796875,0.00545501708984375,2.9309428088276515,0.31103515625,9.71875,0.10614013671875,0.0300750732421875,2.3208749086533187,0.837890625,8.0546875,0.36083984375,0.08612060546875,2.320484016375942,0.0216827392578125,9.6875,0.00934600830078125,0.002227783203125,1.2708642824277918,0.007122039794921875,8.6640625,0.005603790283203125,0.0008206367492675781,683,10,2.49609375,6.229249052426288,8.4140625,11.84375,0.28955078125,,,2.563472392503777,0.095703125,10.7890625,0.037322998046875,0.0087127685546875,2.9309428088276515,0.408447265625,10.53125,0.1392822265625,0.035980224609375,2.3208749086533187,1.21875,8.3046875,0.52490234375,0.11346435546875,2.320484016375942,0.032012939453125,10.671875,0.01380157470703125,0.00298309326171875,1.2708642824277918,0.0112457275390625,9.6640625,0.00885009765625,0.0011606216430664062,0.20181576070382592
27,train,noise,0.30181849002838135,85.5625,85.875,2.203125,2.93359375,3.45703125,662,10,6.613312800763003,7.40234375,9.53125,2.208984375,0.223388671875,,,0.14142924085848282,10.086825667978504,2.563472392503777,0.05279541015625,9.859375,0.020599365234375,0.005298614501953125,2.9309428088276515,0.30908203125,9.71875,0.10546875,0.0299224853515625,2.3208749086533187,0.84130859375,8.0390625,0.362548828125,0.08648681640625,2.320484016375942,0.022430419921875,9.6796875,0.00966644287109375,0.002307891845703125,1.2708642824277918,0.00679779052734375,8.65625,0.00534820556640625,0.0007834434509277344,622,10,2.5390625,6.114050369021081,8.390625,11.90625,0.295166015625,,,2.563472392503777,0.093994140625,10.765625,0.036651611328125,0.008575439453125,2.9309428088276515,0.404296875,10.515625,0.137939453125,0.03570556640625,2.3208749086533187,1.21875,8.2734375,0.52490234375,0.11376953125,2.320484016375942,0.03515625,10.640625,0.01515960693359375,0.0032825469970703125,1.2708642824277918,0.01067352294921875,9.640625,0.00839996337890625,0.0011043548583984375,0.19780094784485996
28,train,noise,0.29522886872291565,85.9375,86.625,2.2109375,2.9453125,3.4609375,650,10,6.617479394521014,7.4296875,9.53125,2.220703125,0.2205810546875,,,0.14331866765469906,10.086825667978518,2.563472392503777,0.052276611328125,9.890625,0.0203857421875,0.005229949951171875,2.9309428088276515,0.306640625,9.75,0.1046142578125,0.0295867919921875,2.3208749086533187,0.83642578125,8.078125,0.3603515625,0.08575439453125,2.320484016375942,0.022735595703125,9.703125,0.009796142578125,0.0023326873779296875,1.2708642824277918,0.006580352783203125,8.6875,0.00518035888671875,0.0007562637329101562,615,10,2.541015625,6.106291877107802,8.4140625,11.8984375,0.292724609375,,,2.563472392503777,0.0941162109375,10.7890625,0.036712646484375,0.00856781005859375,2.9309428088276515,0.39990234375,10.546875,0.136474609375,0.035247802734375,2.3208749086533187,1.2080078125,8.3203125,0.5205078125,0.112548828125,2.320484016375942,0.03607177734375,10.6640625,0.0155487060546875,0.003360748291015625,1.2708642824277918,0.01007080078125,9.6640625,0.00792694091796875,0.0010395050048828125,0.20480881686493468
29,train,noise,0.29692336916923523,85.5625,86.1875,2.203125,2.9375,3.458984375,646,10,6.592210511226166,7.37890625,9.5234375,2.236328125,0.2252197265625,,,0.13804068300331498,10.086825667978507,2.563472392503777,0.052947998046875,9.8359375,0.0206451416015625,0.0053253173828125,2.9309428088276523,0.3056640625,9.6953125,0.104248046875,0.029632568359375,2.3208749086533187,0.8486328125,8.0,0.36572265625,0.08746337890625,2.320484016375942,0.02423095703125,9.6484375,0.01043701171875,0.0024967193603515625,1.2708642824277918,0.006908416748046875,8.6328125,0.005435943603515625,0.0007987022399902344,597,10,2.57421875,6.038211154613789,8.3359375,11.8828125,0.298583984375,,,2.563472392503777,0.09393310546875,10.7109375,0.036651611328125,0.0086212158203125,2.9309428088276523,0.39892578125,10.46875,0.1361083984375,0.035430908203125,2.3208749086533187,1.2265625,8.203125,0.5283203125,0.11505126953125,2.320484016375942,0.038604736328125,10.578125,0.016632080078125,0.0036220550537109375,1.2708642824277918,0.01055908203125,9.5859375,0.00830841064453125,0.0010995864868164062,0.1858813216950533
30,train,noise,0.2899969518184662,86.0,86.5,2.201171875,2.943359375,3.466796875,657,10,6.644776818292855,7.40234375,9.546875,2.2265625,0.224853515625,,,0.14660553747103458,10.0868256679785,2.563472392503777,0.056182861328125,9.8515625,0.0219268798828125,0.00563812255859375,2.9309428088276515,0.31640625,9.6953125,0.10797119140625,0.0306243896484375,2.3208749086533187,0.8642578125,7.9921875,0.37255859375,0.08892822265625,2.320484016375942,0.0253448486328125,9.671875,0.01092529296875,0.0026073455810546875,1.2708642824277918,0.00737762451171875,8.65625,0.00580596923828125,0.000850677490234375,609,10,2.5703125,6.106181979571975,8.359375,11.9140625,0.298828125,,,2.563472392503777,0.10479736328125,10.7109375,0.0408935546875,0.0095977783203125,2.9309428088276515,0.41259765625,10.4609375,0.1407470703125,0.03656005859375,2.3208749086533187,1.2451171875,8.1875,0.53662109375,0.1165771484375,2.320484016375942,0.039306640625,10.6015625,0.0169525146484375,0.0036830902099609375,1.2708642824277918,0.01171875,9.6015625,0.00922393798828125,0.001216888427734375,0.18969884940140444
31,train,noise,0.29333531856536865,85.375,85.875,2.25390625,3.025390625,3.55859375,669,10,6.688701865212355,7.48046875,9.7109375,2.298828125,0.229736328125,,,0.14607143968044145,10.0868256679785,2.563472392503777,0.053253173828125,9.9375,0.0207672119140625,0.005298614501953125,2.9309428088276523,0.313720703125,9.7890625,0.1070556640625,0.0301361083984375,2.3208749086533187,0.861328125,8.078125,0.37109375,0.087890625,2.320484016375942,0.0245361328125,9.75,0.01056671142578125,0.00250244140625,1.2708642824277918,0.006984710693359375,8.7421875,0.005496978759765625,0.0007982254028320312,641,10,2.646484375,6.1194381935243625,8.40625,12.0703125,0.303466796875,,,2.563472392503777,0.10064697265625,10.765625,0.039276123046875,0.00917816162109375,2.9309428088276523,0.407470703125,10.5234375,0.1390380859375,0.03594970703125,2.3208749086533187,1.23046875,8.265625,0.52978515625,0.11468505859375,2.320484016375942,0.036102294921875,10.65625,0.01556396484375,0.0033664703369140625,1.2708642824277918,0.0105438232421875,9.65625,0.00830078125,0.0010900497436523438,0.199606958789585
32,train,noise,0.2740802764892578,86.875,87.5625,2.232421875,2.970703125,3.498046875,647,10,6.64904703986703,7.4140625,9.6171875,2.263671875,0.22900390625,,,0.16829736258780542,10.086825667978495,2.563472392503777,0.054840087890625,9.8671875,0.021392822265625,0.005496978759765625,2.9309428088276515,0.314453125,9.7109375,0.1072998046875,0.0303955078125,2.3208749086533187,0.8642578125,8.0078125,0.37255859375,0.08880615234375,2.320484016375942,0.0240325927734375,9.6875,0.0103607177734375,0.0024700164794921875,1.2708642824277918,0.007167816162109375,8.671875,0.005641937255859375,0.0008254051208496094,619,10,2.61328125,6.099751366055707,8.34375,11.9921875,0.303955078125,,,2.563472392503777,0.10382080078125,10.703125,0.040496826171875,0.00951385498046875,2.9309428088276515,0.406982421875,10.4609375,0.138916015625,0.036102294921875,2.3208749086533187,1.2333984375,8.203125,0.53173828125,0.11566162109375,2.320484016375942,0.036651611328125,10.59375,0.0157928466796875,0.0034351348876953125,1.2708642824277918,0.01113128662109375,9.59375,0.008758544921875,0.0011568069458007812,0.1974540978484954
33,train,noise,0.2661330997943878,87.3125,87.9375,2.2109375,2.95703125,3.470703125,620,10,6.551302523462595,7.33203125,9.5625,2.26953125,0.2332763671875,,,0.15159273176559093,10.086825667978495,2.563472392503777,0.0538330078125,9.7890625,0.0210113525390625,0.005443572998046875,2.9309428088276523,0.309814453125,9.640625,0.105712890625,0.0301971435546875,2.3208749086533187,0.865234375,7.921875,0.372802734375,0.08966064453125,2.320484016375942,0.025634765625,9.6015625,0.01104736328125,0.002655029296875,1.2708642824277918,0.0070648193359375,8.5859375,0.005558013916015625,0.0008215904235839844,569,10,2.60546875,5.990479399832727,8.234375,11.9296875,0.3095703125,,,2.563472392503777,0.0999755859375,10.6015625,0.03900146484375,0.00925445556640625,2.9309428088276523,0.403076171875,10.359375,0.1375732421875,0.036102294921875,2.3208749086533187,1.2373046875,8.0859375,0.533203125,0.11724853515625,2.320484016375942,0.039276123046875,10.4765625,0.016937255859375,0.0037212371826171875,1.2708642824277918,0.01097869873046875,9.484375,0.008636474609375,0.0011548995971679688,0.2089297886645903
34,train,noise,0.2619361877441406,87.8125,88.25,2.234375,2.9453125,3.4921875,618,10,6.54791649954098,7.375,9.59375,2.279296875,0.2314453125,,,0.15400623611315725,10.086825667978495,2.563472392503777,0.05609130859375,9.828125,0.021881103515625,0.005645751953125,2.9309428088276515,0.3154296875,9.671875,0.107666015625,0.0306243896484375,2.3208749086533187,0.86474609375,7.96484375,0.37255859375,0.08917236328125,2.320484016375942,0.02587890625,9.640625,0.0111541748046875,0.0026702880859375,1.2708642824277918,0.0080108642578125,8.625,0.0063018798828125,0.0009264945983886719,571,10,2.638671875,5.9977218044966785,8.28125,11.9609375,0.3076171875,,,2.563472392503777,0.10406494140625,10.640625,0.04058837890625,0.0095977783203125,2.9309428088276515,0.412109375,10.390625,0.140625,0.0367431640625,2.3208749086533187,1.23046875,8.140625,0.5302734375,0.11602783203125,2.320484016375942,0.038848876953125,10.5234375,0.0167388916015625,0.0036640167236328125,1.2708642824277918,0.01259613037109375,9.53125,0.00991058349609375,0.0013189315795898438,0.1981038147697062
35,train,noise,0.2582274079322815,87.9375,88.4375,2.259765625,2.9765625,3.509765625,579,10,6.528846977317102,7.34375,9.609375,2.298828125,0.23583984375,,,0.16463130710961074,10.086825667978498,2.563472392503777,0.05426025390625,9.796875,0.0211639404296875,0.0054779052734375,2.9309428088276515,0.311279296875,9.6484375,0.106201171875,0.030303955078125,2.3208749086533187,0.86865234375,7.92578125,0.374267578125,0.08984375,2.320484016375942,0.0257415771484375,9.609375,0.0110931396484375,0.0026645660400390625,1.2708642824277918,0.0080718994140625,8.59375,0.006351470947265625,0.0009369850158691406,555,10,2.654296875,5.930282914227682,8.2265625,11.9375,0.311279296875,,,2.563472392503777,0.09820556640625,10.59375,0.038299560546875,0.00910186767578125,2.9309428088276515,0.407470703125,10.3359375,0.1390380859375,0.036529541015625,2.3208749086533187,1.2373046875,8.0703125,0.53271484375,0.1173095703125,2.320484016375942,0.038604736328125,10.46875,0.016632080078125,0.003662109375,1.2708642824277918,0.01213836669921875,9.46875,0.009552001953125,0.0012788772583007812,0.1922000948547344
36,train,noise,0.25773531198501587,87.75,88.375,2.26171875,2.9765625,3.50390625,593,10,6.52339343343883,7.3125,9.59375,2.298828125,0.2379150390625,,,0.15700037845368828,10.086825667978506,2.563472392503777,0.053924560546875,9.765625,0.0210418701171875,0.005462646484375,2.9309428088276515,0.31005859375,9.625,0.10577392578125,0.0302581787109375,2.3208749086533187,0.8662109375,7.8984375,0.373291015625,0.0899658203125,2.320484016375942,0.0272216796875,9.578125,0.0117340087890625,0.002826690673828125,1.2708642824277918,0.007633209228515625,8.5703125,0.00600433349609375,0.0008893013000488281,551,10,2.64453125,5.916881489372722,8.171875,11.9140625,0.313720703125,,,2.563472392503777,0.1002197265625,10.5390625,0.039093017578125,0.00933074951171875,2.9309428088276515,0.404052734375,10.296875,0.1378173828125,0.036376953125,2.3208749086533187,1.23046875,8.03125,0.5302734375,0.11724853515625,2.320484016375942,0.04071044921875,10.4140625,0.017547607421875,0.003879547119140625,1.2708642824277918,0.01177978515625,9.421875,0.00926971435546875,0.001247406005859375,0.19571043969490362
37,train,noise,0.2579975724220276,88.0,88.8125,2.265625,2.98046875,3.51171875,622,10,6.495156955130819,7.30078125,9.6328125,2.31640625,0.2420654296875,,,0.1424059182857779,10.086825667978509,2.563472392503777,0.051971435546875,9.7578125,0.0202789306640625,0.005268096923828125,2.9309428088276515,0.311767578125,9.609375,0.10638427734375,0.0304718017578125,2.3208749086533187,0.87744140625,7.8671875,0.3779296875,0.0911865234375,2.320484016375942,0.0279083251953125,9.5625,0.01203155517578125,0.0029010772705078125,1.2708642824277918,0.00737762451171875,8.5546875,0.00580596923828125,0.0008606910705566406,558,10,2.67578125,5.88388723557614,8.140625,11.984375,0.320556640625,,,2.563472392503777,0.09759521484375,10.5078125,0.038055419921875,0.00911712646484375,2.9309428088276515,0.403564453125,10.265625,0.1376953125,0.03643798828125,2.3208749086533187,1.2353515625,7.9921875,0.5322265625,0.1180419921875,2.320484016375942,0.04168701171875,10.3828125,0.0179595947265625,0.0039825439453125,1.2708642824277918,0.011016845703125,9.390625,0.0086669921875,0.0011701583862304688,0.1943851184629391
38,train,noise,0.24963508546352386,88.0625,89.0625,2.255859375,3.00390625,3.52734375,606,10,6.5043399942590705,7.296875,9.65625,2.341796875,0.24462890625,,,0.14115526323542077,10.086825667978497,2.563472392503777,0.051361083984375,9.7578125,0.0200347900390625,0.00521087646484375,2.9309428088276515,0.3125,9.6015625,0.10662841796875,0.0305633544921875,2.3208749086533187,0.88037109375,7.85546875,0.37939453125,0.091552734375,2.320484016375942,0.029266357421875,9.5546875,0.01261138916015625,0.00304412841796875,1.2708642824277918,0.00766754150390625,8.5546875,0.006031036376953125,0.0008950233459472656,551,10,2.693359375,5.891655405171906,8.125,12.015625,0.32421875,,,2.563472392503777,0.095458984375,10.4921875,0.0372314453125,0.00893402099609375,2.9309428088276515,0.4033203125,10.2421875,0.1375732421875,0.0364990234375,2.3208749086533187,1.244140625,7.953125,0.5361328125,0.119140625,2.320484016375942,0.044342041015625,10.3515625,0.0191192626953125,0.004245758056640625,1.2708642824277918,0.0113983154296875,9.3671875,0.00897216796875,0.0012140274047851562,0.19074707687291337
39,train,noise,0.23763011395931244,89.125,89.25,2.25,2.986328125,3.51171875,604,10,6.547681717520575,7.28125,9.625,2.3125,0.243408203125,,,0.14336904880445975,10.086825667978495,2.563472392503777,0.052459716796875,9.734375,0.0204620361328125,0.005329132080078125,2.9309428088276515,0.314453125,9.578125,0.1072998046875,0.0308074951171875,2.3208749086533187,0.8740234375,7.8515625,0.376708984375,0.091064453125,2.320484016375942,0.0280303955078125,9.546875,0.0120849609375,0.0029201507568359375,1.2708642824277918,0.00760650634765625,8.53125,0.005985260009765625,0.0008897781372070312,548,10,2.669921875,5.924209937336863,8.1015625,11.9609375,0.32275390625,,,2.563472392503777,0.09991455078125,10.4609375,0.038970947265625,0.009368896484375,2.9309428088276515,0.406005859375,10.21875,0.1385498046875,0.03680419921875,2.3208749086533187,1.2353515625,7.94921875,0.5322265625,0.1185302734375,2.320484016375942,0.0416259765625,10.3359375,0.0179443359375,0.003993988037109375,1.2708642824277918,0.01160430908203125,9.34375,0.00913238525390625,0.0012378692626953125,0.20256274269125618
40,train,noise,0.24043728411197662,88.8125,89.625,2.240234375,2.966796875,3.5,569,10,6.509541187142568,7.2578125,9.6015625,2.3125,0.2440185546875,,,0.14510045094146817,10.086825667978518,2.563472392503777,0.053314208984375,9.71875,0.0207977294921875,0.00542449951171875,2.9309428088276515,0.319091796875,9.5546875,0.10888671875,0.03131103515625,2.3208749086533187,0.8876953125,7.8046875,0.38232421875,0.0926513671875,2.320484016375942,0.0250396728515625,9.53125,0.0107879638671875,0.002613067626953125,1.2708642824277918,0.0075225830078125,8.515625,0.00592041015625,0.0008816719055175781,529,10,2.666015625,5.907642434413546,8.0859375,11.953125,0.32373046875,,,2.563472392503777,0.09722900390625,10.453125,0.037933349609375,0.00913238525390625,2.9309428088276515,0.4130859375,10.1875,0.140869140625,0.037506103515625,2.3208749086533187,1.2548828125,7.89453125,0.541015625,0.12060546875,2.320484016375942,0.037384033203125,10.328125,0.01611328125,0.0035915374755859375,1.2708642824277918,0.01123046875,9.3359375,0.0088348388671875,0.0011997222900390625,0.19785033719698222
1,test,,1.052720546722412,43.96875,44.90625,0.84423828125,1.7265625,2.033203125,41,10,3.598881407320758,4.15234375,6.546875,1.4169921875,0.365234375,2.970703125,2.984375,0.16727058992386204,7.2014204881744135,2.4182958340544896,0.12054443359375,6.33203125,0.04986572265625,0.018341064453125,2.355388542207534,0.148681640625,6.2109375,0.06317138671875,0.022857666015625,2.312026227210945,0.4169921875,5.6328125,0.1802978515625,0.064453125,2.296713566893418,0.0230255126953125,6.40625,0.0100250244140625,0.003570556640625,1.11356214278757,0.00823974609375,5.25,0.0074005126953125,0.00156402587890625,42,10,1.638671875,3.4354400127601004,4.30859375,8.234375,0.476318359375,3.603515625,3.701171875,2.4182958340544896,0.18017578125,6.3671875,0.07452392578125,0.0267791748046875,2.355388542207534,0.2607421875,6.14453125,0.11065673828125,0.039093017578125,2.312026227210945,0.68310546875,5.25390625,0.29541015625,0.1031494140625,2.296713566893418,0.03753662109375,6.53125,0.0163421630859375,0.00568389892578125,1.11356214278757,0.012847900390625,5.3984375,0.01153564453125,0.002368927001953125,0.16006578893329856
2,test,,0.8182953000068665,61.125,62.5,1.0400390625,2.19921875,2.537109375,72,10,4.398057912394205,5.12109375,7.63671875,1.6669921875,0.3291015625,2.482421875,2.484375,0.14096374072166498,7.2014204881744135,2.4182958340544896,0.17041015625,7.19921875,0.07049560546875,0.0225982666015625,2.355388542207534,0.239501953125,7.0,0.1016845703125,0.032012939453125,2.312026227210945,0.53515625,6.36328125,0.2313232421875,0.07196044921875,2.296713566893418,0.0256805419921875,7.3671875,0.01117706298828125,0.003459930419921875,1.11356214278757,0.0246124267578125,6.1875,0.0220947265625,0.00394439697265625,71,10,1.9072265625,4.0902742751065295,5.6875,9.703125,0.413818359375,2.75,3.126953125,2.4182958340544896,0.2403564453125,7.625,0.099365234375,0.029632568359375,2.355388542207534,0.35498046875,7.3359375,0.1507568359375,0.04412841796875,2.312026227210945,0.88427734375,6.234375,0.382568359375,0.11053466796875,2.296713566893418,0.044952392578125,7.89453125,0.0195770263671875,0.0056304931640625,1.11356214278757,0.04046630859375,6.72265625,0.036346435546875,0.005947113037109375,0.18060541056864243
3,test,,0.8079575896263123,62.5,63.4375,1.2568359375,2.240234375,2.671875,86,10,4.893851315631104,5.5390625,7.93359375,1.5693359375,0.3017578125,2.41796875,2.458984375,0.13323212158707912,7.2014204881744135,2.4182958340544896,0.22412109375,7.51171875,0.0926513671875,0.028167724609375,2.355388542207534,0.3583984375,7.1796875,0.152099609375,0.045379638671875,2.312026227210945,0.61865234375,6.61328125,0.267578125,0.07879638671875,2.296713566893418,0.054718017578125,7.7265625,0.0238189697265625,0.00698089599609375,1.11356214278757,0.03497314453125,6.58203125,0.031402587890625,0.00525665283203125,86,10,1.80078125,4.768138626001958,6.265625,10.0859375,0.378662109375,2.60546875,3.013671875,2.4182958340544896,0.3115234375,8.0625,0.1287841796875,0.035858154296875,2.355388542207534,0.4970703125,7.62890625,0.2110595703125,0.057647705078125,2.312026227210945,1.0244140625,6.53125,0.44287109375,0.119384765625,2.296713566893418,0.1016845703125,8.359375,0.044281005859375,0.011871337890625,1.11356214278757,0.056793212890625,7.265625,0.050994873046875,0.007694244384765625,0.16452968809608456
4,test,,0.684424102306366,69.4375,70.375,1.5087890625,2.59765625,2.935546875,97,10,5.288481284984782,6.26171875,8.59375,1.7451171875,0.271728515625,2.490234375,2.54296875,0.14902571992959182,7.2014204881744135,2.4182958340544896,0.255859375,8.1640625,0.10577392578125,0.02947998046875,2.355388542207534,0.4541015625,7.70703125,0.19287109375,0.052734375,2.312026227210945,0.68798828125,7.1953125,0.297607421875,0.08026123046875,2.296713566893418,0.0484619140625,8.4609375,0.0211029052734375,0.005664825439453125,1.11356214278757,0.047149658203125,7.27734375,0.0423583984375,0.006397247314453125,97,10,1.912109375,5.147851361336979,7.21875,10.921875,0.3388671875,2.61328125,3.08203125,2.4182958340544896,0.36328125,8.9140625,0.150146484375,0.037689208984375,2.355388542207534,0.6142578125,8.3515625,0.2607421875,0.06414794921875,2.312026227210945,1.1337890625,7.265625,0.490478515625,0.11895751953125,2.296713566893418,0.0906982421875,9.3359375,0.03948974609375,0.00952911376953125,1.11356214278757,0.08087158203125,8.171875,0.0726318359375,0.00970458984375,0.16148965405384594
5,test,,0.8158010244369507,69.9375,73.125,1.6494140625,2.5703125,3.0234375,95,10,5.274652029010332,6.51171875,8.671875,1.7587890625,0.249267578125,2.580078125,2.63671875,0.14679833660923647,7.2014204881744135,2.4182958340544896,0.25732421875,8.4140625,0.1064453125,0.0288238525390625,2.355388542207534,0.45703125,7.953125,0.1939697265625,0.051544189453125,2.312026227210945,0.68896484375,7.4453125,0.2978515625,0.07806396484375,2.296713566893418,0.053375244140625,8.703125,0.0232391357421875,0.0060577392578125,1.11356214278757,0.04681396484375,7.53125,0.04205322265625,0.00614166259765625,100,10,1.9677734375,5.220282573247006,7.50390625,10.9453125,0.314453125,2.703125,3.236328125,2.4182958340544896,0.364501953125,9.1953125,0.1507568359375,0.0367431640625,2.355388542207534,0.62548828125,8.609375,0.265625,0.06341552734375,2.312026227210945,1.111328125,7.59375,0.480712890625,0.11322021484375,2.296713566893418,0.10009765625,9.6015625,0.0435791015625,0.01021575927734375,1.11356214278757,0.080322265625,8.453125,0.0721435546875,0.0093231201171875,0.16285077418709798
6,test,,0.8459511399269104,67.5625,69.4375,1.7734375,2.611328125,3.12109375,101,10,5.460344564325123,6.6484375,8.9375,1.763671875,0.256103515625,2.669921875,2.68359375,0.1320849756640679,7.2014204881744135,2.4182958340544896,0.262451171875,8.5390625,0.1085205078125,0.0289306640625,2.355388542207534,0.45947265625,8.0859375,0.195068359375,0.051025390625,2.312026227210945,0.75537109375,7.44921875,0.32666015625,0.08428955078125,2.296713566893418,0.043365478515625,8.859375,0.018890380859375,0.004848480224609375,1.11356214278757,0.0391845703125,7.68359375,0.035186767578125,0.0050506591796875,104,10,1.97265625,5.312944768568755,7.59765625,11.21875,0.322998046875,2.806640625,3.298828125,2.4182958340544896,0.37060546875,9.2734375,0.1533203125,0.037017822265625,2.355388542207534,0.63037109375,8.6953125,0.267578125,0.0633544921875,2.312026227210945,1.203125,7.50390625,0.52001953125,0.12139892578125,2.296713566893418,0.0810546875,9.734375,0.0352783203125,0.0081939697265625,1.11356214278757,0.0662841796875,8.578125,0.05950927734375,0.007610321044921875,0.16839913466680687
7,test,,1.1640081405639648,59.25,64.8125,1.8369140625,2.689453125,3.162109375,102,10,5.495392255795121,6.78125,8.9609375,1.837890625,0.2432861328125,2.720703125,2.728515625,0.12010785313818453,7.2014204881744135,2.4182958340544896,0.26953125,8.65625,0.1114501953125,0.029296875,2.355388542207534,0.474365234375,8.1875,0.201416015625,0.05194091796875,2.312026227210945,0.7607421875,7.5703125,0.328857421875,0.08367919921875,2.296713566893418,0.04681396484375,8.984375,0.0203857421875,0.005157470703125,1.11356214278757,0.04156494140625,7.80859375,0.037322998046875,0.005268096923828125,103,10,2.05078125,5.354222808832591,7.78515625,11.2578125,0.30859375,2.818359375,3.330078125,2.4182958340544896,0.379150390625,9.4453125,0.15673828125,0.03717041015625,2.355388542207534,0.63720703125,8.8671875,0.2705078125,0.0628662109375,2.312026227210945,1.2060546875,7.68359375,0.521484375,0.11944580078125,2.296713566893418,0.0833740234375,9.9140625,0.036285400390625,0.008270263671875,1.11356214278757,0.0718994140625,8.75,0.0645751953125,0.00807952880859375,0.16872205829177528
8,test,,0.769861102104187,70.375,70.375,1.8828125,2.763671875,3.32421875,101,10,5.559531490540069,6.85546875,9.296875,1.84765625,0.262451171875,2.76171875,2.7265625,0.1471731581569002,7.2014204881744135,2.4182958340544896,0.275390625,8.71875,0.11383056640625,0.0296783447265625,2.355388542207534,0.474609375,8.2578125,0.201416015625,0.051513671875,2.312026227210945,0.7666015625,7.6328125,0.331787109375,0.08367919921875,2.296713566893418,0.057525634765625,9.0390625,0.0250396728515625,0.00628662109375,1.11356214278757,0.03814697265625,7.890625,0.03424072265625,0.004787445068359375,104,10,2.142578125,5.399815489023604,7.828125,11.703125,0.331298828125,2.861328125,3.337890625,2.4182958340544896,0.40625,9.4375,0.16796875,0.039642333984375,2.355388542207534,0.630859375,8.921875,0.267822265625,0.061981201171875,2.312026227210945,1.2158203125,7.70703125,0.52587890625,0.11993408203125,2.296713566893418,0.11492919921875,9.8984375,0.050018310546875,0.0113525390625,1.11356214278757,0.06695556640625,8.8046875,0.060150146484375,0.007488250732421875,0.1904420357313175
9,test,,0.833116352558136,69.9375,70.8125,1.951171875,2.814453125,3.3046875,114,10,5.744015186883797,7.09375,9.2578125,1.8701171875,0.23388671875,2.76953125,2.796875,0.14679220112121244,7.2014204881744135,2.4182958340544896,0.268310546875,8.9765625,0.11102294921875,0.0282135009765625,2.355388542207534,0.481201171875,8.484375,0.2042236328125,0.0509033203125,2.312026227210945,0.75830078125,7.890625,0.327880859375,0.08062744140625,2.296713566893418,0.0667724609375,9.2578125,0.0290679931640625,0.007110595703125,1.11356214278757,0.038543701171875,8.1328125,0.034637451171875,0.004695892333984375,116,10,2.07421875,5.553123870092388,8.1328125,11.5703125,0.29736328125,2.869140625,3.453125,2.4182958340544896,0.380126953125,9.7890625,0.1572265625,0.036041259765625,2.355388542207534,0.64208984375,9.203125,0.272705078125,0.061248779296875,2.312026227210945,1.1826171875,8.078125,0.51171875,0.11328125,2.296713566893418,0.12322998046875,10.1796875,0.05364990234375,0.01181793212890625,1.11356214278757,0.06591796875,9.109375,0.059173583984375,0.007129669189453125,0.17528882561722514
10,test,,1.0415228605270386,65.75,71.75,1.966796875,2.814453125,3.291015625,112,10,5.769724488842245,7.12890625,9.28125,1.837890625,0.232177734375,2.806640625,2.810546875,0.16931270408398583,7.2014204881744135,2.4182958340544896,0.3017578125,8.9453125,0.124755859375,0.0316162109375,2.355388542207534,0.5146484375,8.453125,0.218505859375,0.05426025390625,2.312026227210945,0.7421875,7.95703125,0.321044921875,0.07861328125,2.296713566893418,0.06866455078125,9.2890625,0.0298919677734375,0.007282257080078125,1.11356214278757,0.045867919921875,8.1484375,0.04119873046875,0.005565643310546875,114,10,2.064453125,5.606068608189707,8.2109375,11.671875,0.296630859375,2.919921875,3.419921875,2.4182958340544896,0.432861328125,9.7578125,0.178955078125,0.040740966796875,2.355388542207534,0.68505859375,9.1953125,0.290771484375,0.0648193359375,2.312026227210945,1.162109375,8.1953125,0.50244140625,0.1104736328125,2.296713566893418,0.1363525390625,10.234375,0.05938720703125,0.0129852294921875,1.11356214278757,0.076171875,9.171875,0.068359375,0.00817108154296875,0.17620256338215404
11,test,,0.8096190690994263,68.0625,71.3125,2.005859375,2.736328125,3.2734375,116,10,5.849665673580758,7.2109375,9.2109375,1.7822265625,0.217041015625,2.853515625,2.880859375,0.16418578087901037,7.2014204881744135,2.4182958340544896,0.298095703125,9.03125,0.123291015625,0.0309600830078125,2.355388542207534,0.50732421875,8.5546875,0.21533203125,0.053009033203125,2.312026227210945,0.76318359375,7.99609375,0.330078125,0.08013916015625,2.296713566893418,0.06982421875,9.3671875,0.0303955078125,0.0073394775390625,1.11356214278757,0.049346923828125,8.2265625,0.0443115234375,0.00592803955078125,122,10,1.9765625,5.832201951368412,8.3125,11.5625,0.281494140625,2.97265625,3.51171875,2.4182958340544896,0.43408203125,9.859375,0.179443359375,0.04046630859375,2.355388542207534,0.67431640625,9.3203125,0.286376953125,0.063232421875,2.312026227210945,1.19140625,8.2421875,0.51513671875,0.1121826171875,2.296713566893418,0.1280517578125,10.3515625,0.0557861328125,0.01207733154296875,1.11356214278757,0.0848388671875,9.2578125,0.076171875,0.009002685546875,0.1874098616987916
12,test,,0.8043032288551331,69.9375,73.125,2.009765625,2.763671875,3.263671875,117,10,5.865543377282458,7.1328125,9.2265625,1.7548828125,0.2266845703125,2.8671875,2.84375,0.1516211962788783,7.2014204881744135,2.4182958340544896,0.288330078125,8.9765625,0.11920166015625,0.030181884765625,2.355388542207534,0.489501953125,8.5078125,0.207763671875,0.05157470703125,2.312026227210945,0.76416015625,7.91796875,0.330322265625,0.08087158203125,2.296713566893418,0.054443359375,9.3203125,0.0236968994140625,0.005771636962890625,1.11356214278757,0.04486083984375,8.15625,0.040283203125,0.00543975830078125,115,10,1.9580078125,5.696880076776632,8.1796875,11.5546875,0.2919921875,2.97265625,3.4765625,2.4182958340544896,0.421875,9.75,0.1744384765625,0.039825439453125,2.355388542207534,0.65673828125,9.21875,0.27880859375,0.062347412109375,2.312026227210945,1.1826171875,8.125,0.51123046875,0.1126708984375,2.296713566893418,0.101806640625,10.2734375,0.0443115234375,0.0097198486328125,1.11356214278757,0.0753173828125,9.140625,0.067626953125,0.0081024169921875,0.17175574161049034
13,test,,0.8195478916168213,70.8125,74.5625,1.9853515625,2.841796875,3.328125,116,10,5.857627574799228,7.234375,9.3671875,1.7919921875,0.227783203125,2.892578125,2.892578125,0.15782660319113198,7.2014204881744135,2.4182958340544896,0.29638671875,9.0625,0.12255859375,0.03070068359375,2.355388542207534,0.49853515625,8.59375,0.211669921875,0.051971435546875,2.312026227210945,0.8095703125,7.9296875,0.35009765625,0.08477783203125,2.296713566893418,0.06671142578125,9.3984375,0.0290374755859375,0.00699615478515625,1.11356214278757,0.045166015625,8.2578125,0.040557861328125,0.00540924072265625,117,10,1.9814453125,5.694563074424317,8.2890625,11.78125,0.29638671875,3.013671875,3.51953125,2.4182958340544896,0.436279296875,9.8359375,0.180419921875,0.040740966796875,2.355388542207534,0.6650390625,9.3125,0.282470703125,0.0625,2.312026227210945,1.2568359375,8.0859375,0.54345703125,0.1185302734375,2.296713566893418,0.1275634765625,10.328125,0.0555419921875,0.01204681396484375,1.11356214278757,0.07489013671875,9.25,0.0672607421875,0.007965087890625,0.18264188287106928
14,test,,0.6277797222137451,74.0625,75.4375,2.02734375,2.953125,3.416015625,123,10,6.0249954833461,7.30859375,9.5,1.875,0.2303466796875,2.90234375,2.91015625,0.12185893626500315,7.2014204881744135,2.4182958340544896,0.28515625,9.15625,0.117919921875,0.0293121337890625,2.355388542207534,0.492919921875,8.6796875,0.2093505859375,0.051025390625,2.312026227210945,0.80029296875,8.0234375,0.34619140625,0.08319091796875,2.296713566893418,0.059234619140625,9.484375,0.025787353515625,0.00616455078125,1.11356214278757,0.0435791015625,8.3359375,0.03912353515625,0.0051727294921875,121,10,2.115234375,5.78664161845091,8.3359375,11.8828125,0.298828125,3.0078125,3.58203125,2.4182958340544896,0.4111328125,9.9296875,0.169921875,0.038238525390625,2.355388542207534,0.65869140625,9.3671875,0.279541015625,0.061614990234375,2.312026227210945,1.23828125,8.1640625,0.53564453125,0.11639404296875,2.296713566893418,0.1160888671875,10.3984375,0.050567626953125,0.01092529296875,1.11356214278757,0.07061767578125,9.3046875,0.06341552734375,0.007476806640625,0.18325872037735413
15,test,,0.793481707572937,73.625,73.625,2.060546875,2.958984375,3.44921875,118,10,6.004807844321839,7.328125,9.5703125,1.8701171875,0.2344970703125,2.921875,2.927734375,0.16241037189078056,7.2014204881744135,2.4182958340544896,0.28857421875,9.171875,0.1192626953125,0.02960205078125,2.355388542207534,0.4970703125,8.6875,0.2110595703125,0.05133056640625,2.312026227210945,0.80224609375,8.0390625,0.346923828125,0.08319091796875,2.296713566893418,0.0506591796875,9.5234375,0.0220489501953125,0.005260467529296875,1.11356214278757,0.044158935546875,8.3515625,0.039642333984375,0.005229949951171875,121,10,2.046875,5.858792638804736,8.3359375,11.9921875,0.3046875,3.017578125,3.61328125,2.4182958340544896,0.42041015625,9.9140625,0.173828125,0.0390625,2.355388542207534,0.67236328125,9.3515625,0.285400390625,0.0628662109375,2.312026227210945,1.236328125,8.1796875,0.53466796875,0.11602783203125,2.296713566893418,0.09637451171875,10.4453125,0.041961669921875,0.009063720703125,1.11356214278757,0.07421875,9.3046875,0.066650390625,0.00785064697265625,0.18215126019566402
16,test,,0.8466729521751404,74.5625,75.9375,2.060546875,2.8984375,3.412109375,126,10,6.073390387421829,7.38671875,9.4921875,1.7822265625,0.2218017578125,2.939453125,2.9609375,0.15756574291467895,7.2014204881744135,2.4182958340544896,0.30224609375,9.203125,0.125,0.0308380126953125,2.355388542207534,0.50927734375,8.71875,0.2161865234375,0.052276611328125,2.312026227210945,0.7978515625,8.1015625,0.34521484375,0.082275390625,2.296713566893418,0.06268310546875,9.5546875,0.0272979736328125,0.00647735595703125,1.11356214278757,0.043792724609375,8.4140625,0.039337158203125,0.005153656005859375,125,10,1.9814453125,5.87143303643729,8.4375,11.8984375,0.291259765625,3.037109375,3.640625,2.4182958340544896,0.432373046875,9.984375,0.1788330078125,0.03985595703125,2.355388542207534,0.6806640625,9.4296875,0.2890625,0.0631103515625,2.312026227210945,1.228515625,8.2890625,0.53173828125,0.1143798828125,2.296713566893418,0.11920166015625,10.4921875,0.051910400390625,0.0111083984375,1.11356214278757,0.06939697265625,9.40625,0.06231689453125,0.007266998291015625,0.1803212595643763
17,test,,0.8903927803039551,72.25,74.0625,2.107421875,2.94921875,3.5,124,10,6.08292193250281,7.42578125,9.6640625,1.8662109375,0.2313232421875,2.94921875,2.955078125,0.16155819002596392,7.2014204881744135,2.4182958340544896,0.289306640625,9.265625,0.11962890625,0.0293731689453125,2.355388542207534,0.4921875,8.796875,0.208984375,0.050323486328125,2.312026227210945,0.8056640625,8.125,0.348388671875,0.08270263671875,2.296713566893418,0.06878662109375,9.5859375,0.0299530029296875,0.007076263427734375,1.11356214278757,0.044891357421875,8.453125,0.040313720703125,0.00525665283203125,125,10,2.12109375,5.857111695471598,8.421875,12.0390625,0.30078125,3.0625,3.693359375,2.4182958340544896,0.42333984375,9.9921875,0.175048828125,0.0390625,2.355388542207534,0.66943359375,9.4375,0.2841796875,0.0621337890625,2.312026227210945,1.24609375,8.2421875,0.5390625,0.11614990234375,2.296713566893418,0.1417236328125,10.4375,0.06170654296875,0.01322174072265625,1.11356214278757,0.0853271484375,9.3671875,0.07666015625,0.00894927978515625,0.1902072547673098
18,test,,1.0041944980621338,69.0,70.375,2.125,2.97265625,3.482421875,125,10,6.129372031295402,7.46875,9.6328125,1.77734375,0.224609375,2.9765625,2.986328125,0.1498513614935418,7.2014204881744135,2.4182958340544896,0.297607421875,9.2890625,0.123046875,0.03009033203125,2.355388542207534,0.51123046875,8.796875,0.217041015625,0.052032470703125,2.312026227210945,0.81640625,8.1484375,0.35302734375,0.08349609375,2.296713566893418,0.06463623046875,9.6328125,0.02813720703125,0.006618499755859375,1.11356214278757,0.047393798828125,8.484375,0.042572021484375,0.005523681640625,126,10,2.00390625,5.943916492214069,8.484375,12.03125,0.294677734375,3.08984375,3.7109375,2.4182958340544896,0.4296875,10.046875,0.177734375,0.0394287109375,2.355388542207534,0.6845703125,9.46875,0.290771484375,0.06317138671875,2.312026227210945,1.251953125,8.296875,0.54150390625,0.11590576171875,2.296713566893418,0.1285400390625,10.5234375,0.05596923828125,0.01192474365234375,1.11356214278757,0.0838623046875,9.4296875,0.0753173828125,0.00873565673828125,0.19130225017644004
19,test,,0.9346367120742798,70.8125,75.0,2.064453125,2.861328125,3.421875,125,10,6.0604078747879,7.31640625,9.53125,1.7685546875,0.2322998046875,2.96875,2.966796875,0.17054679446282967,7.2014204881744135,2.4182958340544896,0.296875,9.140625,0.122802734375,0.0305023193359375,2.355388542207534,0.5068359375,8.65625,0.2152099609375,0.052398681640625,2.312026227210945,0.8125,8.0078125,0.351318359375,0.0843505859375,2.296713566893418,0.0623779296875,9.4921875,0.02716064453125,0.006488800048828125,1.11356214278757,0.049896240234375,8.328125,0.0447998046875,0.00592041015625,128,10,2.017578125,5.9286515660685914,8.3046875,11.953125,0.30517578125,3.060546875,3.64453125,2.4182958340544896,0.425048828125,9.875,0.17578125,0.039642333984375,2.355388542207534,0.677734375,9.3046875,0.287841796875,0.0635986328125,2.312026227210945,1.2353515625,8.1484375,0.53466796875,0.11639404296875,2.296713566893418,0.1148681640625,10.375,0.050018310546875,0.010833740234375,1.11356214278757,0.086181640625,9.2421875,0.077392578125,0.0091552734375,0.20033379779836727
20,test,,0.6280086636543274,74.0625,73.625,2.06640625,2.857421875,3.412109375,124,10,6.069716267500493,7.26171875,9.5,1.810546875,0.2352294921875,2.95703125,2.958984375,0.1938354817055031,7.2014204881744135,2.4182958340544896,0.30322265625,9.078125,0.1253662109375,0.031341552734375,2.355388542207534,0.51025390625,8.6015625,0.216552734375,0.05303955078125,2.312026227210945,0.83935546875,7.89453125,0.363037109375,0.087646484375,2.296713566893418,0.06134033203125,9.4375,0.026702880859375,0.00641632080078125,1.11356214278757,0.050445556640625,8.2734375,0.0452880859375,0.00601959228515625,121,10,2.087890625,5.859779565383665,8.234375,11.90625,0.308837890625,3.05078125,3.6328125,2.4182958340544896,0.434814453125,9.78125,0.1798095703125,0.04083251953125,2.355388542207534,0.67236328125,9.2421875,0.28564453125,0.06353759765625,2.312026227210945,1.279296875,7.984375,0.55322265625,0.121337890625,2.296713566893418,0.11871337890625,10.2890625,0.05169677734375,0.0112762451171875,1.11356214278757,0.0836181640625,9.1796875,0.0750732421875,0.008941650390625,0.20000289942808813
21,test,,0.8346293568611145,71.3125,74.0625,2.1171875,2.8515625,3.458984375,123,10,6.141161579823781,7.44140625,9.5546875,1.77734375,0.2210693359375,2.9765625,3.013671875,0.14084902982919542,7.2014204881744135,2.4182958340544896,0.30712890625,9.25,0.126953125,0.0311431884765625,2.355388542207534,0.51953125,8.7578125,0.2205810546875,0.05303955078125,2.312026227210945,0.8388671875,8.078125,0.36279296875,0.08599853515625,2.296713566893418,0.061767578125,9.6171875,0.0269012451171875,0.006343841552734375,1.11356214278757,0.049072265625,8.4609375,0.0440673828125,0.0057373046875,126,10,2.013671875,5.984582408719668,8.46875,11.96875,0.29296875,3.0703125,3.7109375,2.4182958340544896,0.44189453125,10.0,0.1827392578125,0.040618896484375,2.355388542207534,0.69580078125,9.4296875,0.29541015625,0.0643310546875,2.312026227210945,1.2763671875,8.2265625,0.55224609375,0.118408203125,2.296713566893418,0.11822509765625,10.5234375,0.051483154296875,0.010986328125,1.11356214278757,0.0831298828125,9.4140625,0.07464599609375,0.0086822509765625,0.20527602669007392
22,test,,0.8711252808570862,73.625,77.3125,2.171875,2.99609375,3.560546875,132,10,6.310578596934977,7.53125,9.765625,1.814453125,0.2283935546875,3.0234375,3.037109375,0.12769674893326013,7.2014204881744135,2.4182958340544896,0.302734375,9.34375,0.125244140625,0.030426025390625,2.355388542207534,0.5048828125,8.875,0.2144775390625,0.05108642578125,2.312026227210945,0.82373046875,8.1953125,0.3564453125,0.08367919921875,2.296713566893418,0.07012939453125,9.6875,0.0305328369140625,0.00713348388671875,1.11356214278757,0.046630859375,8.5546875,0.041900634765625,0.00539398193359375,133,10,2.107421875,6.062912785306032,8.4921875,12.1640625,0.302001953125,3.10546875,3.759765625,2.4182958340544896,0.45263671875,10.0,0.1871337890625,0.04150390625,2.355388542207534,0.68408203125,9.4765625,0.29052734375,0.0631103515625,2.312026227210945,1.2265625,8.34375,0.53076171875,0.11358642578125,2.296713566893418,0.13671875,10.515625,0.05950927734375,0.01267242431640625,1.11356214278757,0.08392333984375,9.4375,0.07537841796875,0.0087432861328125,0.18539365584048956
23,test,,0.7769129872322083,74.5625,75.0,2.1484375,2.9296875,3.513671875,125,10,6.204407680493311,7.3828125,9.65625,1.8056640625,0.235595703125,3.03125,3.025390625,0.14833349621362382,7.2014204881744135,2.4182958340544896,0.3037109375,9.1953125,0.1256103515625,0.0309906005859375,2.355388542207534,0.50537109375,8.7265625,0.214599609375,0.051910400390625,2.312026227210945,0.8232421875,8.046875,0.35595703125,0.08489990234375,2.296713566893418,0.06072998046875,9.5546875,0.0264434814453125,0.0062713623046875,1.11356214278757,0.049407958984375,8.3984375,0.04437255859375,0.0058135986328125,127,10,2.1015625,6.003761571413892,8.296875,12.0234375,0.309814453125,3.138671875,3.76171875,2.4182958340544896,0.454345703125,9.8125,0.1878662109375,0.042388916015625,2.355388542207534,0.69091796875,9.2734375,0.293212890625,0.0648193359375,2.312026227210945,1.2294921875,8.15625,0.53173828125,0.1158447265625,2.296713566893418,0.1099853515625,10.375,0.047882080078125,0.01038360595703125,1.11356214278757,0.09442138671875,9.2265625,0.08477783203125,0.01003265380859375,0.188437012447956
24,test,,0.7435604333877563,74.5625,73.125,2.23828125,2.990234375,3.634765625,133,10,6.319003399728906,7.515625,9.828125,1.8837890625,0.2353515625,3.029296875,3.044921875,0.1449921617416407,7.2014204881744135,2.4182958340544896,0.2919921875,9.3515625,0.1207275390625,0.029388427734375,2.355388542207534,0.499267578125,8.875,0.2120361328125,0.050567626953125,2.312026227210945,0.81884765625,8.1953125,0.35400390625,0.08331298828125,2.296713566893418,0.059356689453125,9.6953125,0.025848388671875,0.00605010986328125,1.11356214278757,0.04681396484375,8.5390625,0.042022705078125,0.00542449951171875,132,10,2.15234375,6.119579520109711,8.4140625,12.171875,0.308349609375,3.15625,3.84375,2.4182958340544896,0.425048828125,9.984375,0.17578125,0.039215087890625,2.355388542207534,0.68408203125,9.40625,0.29052734375,0.0634765625,2.312026227210945,1.208984375,8.3125,0.52294921875,0.11273193359375,2.296713566893418,0.10546875,10.5,0.045928955078125,0.0098419189453125,1.11356214278757,0.08380126953125,9.359375,0.07525634765625,0.00879669189453125,0.17961693021996333
25,test,,0.8237103223800659,71.3125,75.4375,2.173828125,3.033203125,3.55078125,128,10,6.223297459098415,7.38671875,9.7734375,1.8798828125,0.2445068359375,3.015625,3.005859375,0.15050923845844683,7.2014204881744135,2.4182958340544896,0.291748046875,9.21875,0.12060546875,0.029754638671875,2.355388542207534,0.488037109375,8.765625,0.207275390625,0.05010986328125,2.312026227210945,0.8447265625,8.0078125,0.365234375,0.08709716796875,2.296713566893418,0.0693359375,9.546875,0.030181884765625,0.007160186767578125,1.11356214278757,0.047027587890625,8.40625,0.042236328125,0.00553131103515625,125,10,2.17578125,5.972908625614779,8.265625,12.15625,0.320556640625,3.099609375,3.724609375,2.4182958340544896,0.433837890625,9.8125,0.179443359375,0.040618896484375,2.355388542207534,0.673828125,9.265625,0.2861328125,0.0634765625,2.312026227210945,1.2529296875,8.0703125,0.5419921875,0.1185302734375,2.296713566893418,0.1285400390625,10.3046875,0.05596923828125,0.012176513671875,1.11356214278757,0.0855712890625,9.203125,0.07684326171875,0.009124755859375,0.1941153338662417
26,test,,0.7583497762680054,75.0,74.0625,2.1875,3.115234375,3.533203125,128,10,6.239837805205453,7.40234375,9.734375,1.962890625,0.2392578125,3.029296875,3.05078125,0.1770232194705531,7.2014204881744135,2.4182958340544896,0.316650390625,9.1875,0.1309814453125,0.0322265625,2.355388542207534,0.52685546875,8.703125,0.2236328125,0.053955078125,2.312026227210945,0.85107421875,8.015625,0.3681640625,0.08758544921875,2.296713566893418,0.07086181640625,9.5625,0.030853271484375,0.007305145263671875,1.11356214278757,0.046630859375,8.421875,0.0418701171875,0.005474090576171875,122,10,2.15234375,5.944292656052512,8.28125,12.1171875,0.316162109375,3.123046875,3.78515625,2.4182958340544896,0.46923828125,9.765625,0.1939697265625,0.0438232421875,2.355388542207534,0.71142578125,9.21875,0.302001953125,0.06689453125,2.312026227210945,1.2666015625,8.0625,0.5478515625,0.1195068359375,2.296713566893418,0.1400146484375,10.3046875,0.060943603515625,0.0132293701171875,1.11356214278757,0.082275390625,9.234375,0.07391357421875,0.008758544921875,0.20802207596948527
27,test,,0.752181887626648,73.625,73.625,2.17578125,3.037109375,3.560546875,130,10,6.261491395066573,7.35546875,9.71875,1.9072265625,0.242919921875,3.021484375,3.025390625,0.16457676195376156,7.2014204881744135,2.4182958340544896,0.2978515625,9.1796875,0.1231689453125,0.0304718017578125,2.355388542207534,0.51123046875,8.6875,0.217041015625,0.052642822265625,2.312026227210945,0.8369140625,7.9921875,0.362060546875,0.0865478515625,2.296713566893418,0.06500244140625,9.5234375,0.0283050537109375,0.00673675537109375,1.11356214278757,0.05029296875,8.3671875,0.045166015625,0.0059356689453125,124,10,2.158203125,6.005139884720182,8.2265625,12.1015625,0.3203125,3.099609375,3.751953125,2.4182958340544896,0.44384765625,9.7578125,0.18359375,0.04168701171875,2.355388542207534,0.69921875,9.1875,0.296875,0.0660400390625,2.312026227210945,1.236328125,8.0625,0.53466796875,0.11737060546875,2.296713566893418,0.1182861328125,10.2890625,0.051513671875,0.01123809814453125,1.11356214278757,0.08990478515625,9.1640625,0.08074951171875,0.0096282958984375,0.1915958474804975
28,test,,0.7791909575462341,74.0625,75.0,2.171875,3.013671875,3.541015625,127,10,6.2201908180657455,7.359375,9.703125,1.8935546875,0.2418212890625,3.0390625,3.041015625,0.1384977229863753,7.2014204881744135,2.4182958340544896,0.30322265625,9.171875,0.1253662109375,0.0310211181640625,2.355388542207534,0.51318359375,8.6875,0.2178955078125,0.052825927734375,2.312026227210945,0.86083984375,7.94921875,0.372314453125,0.08905029296875,2.296713566893418,0.07818603515625,9.5,0.034027099609375,0.00809478759765625,1.11356214278757,0.05010986328125,8.375,0.04498291015625,0.00591278076171875,124,10,2.142578125,5.998848635448826,8.21875,12.078125,0.319580078125,3.126953125,3.779296875,2.4182958340544896,0.4501953125,9.734375,0.1861572265625,0.042327880859375,2.355388542207534,0.69775390625,9.1796875,0.29638671875,0.06597900390625,2.312026227210945,1.2802734375,7.97265625,0.5537109375,0.12158203125,2.296713566893418,0.1414794921875,10.234375,0.061614990234375,0.01345062255859375,1.11356214278757,0.08966064453125,9.15625,0.08050537109375,0.00960540771484375,0.19009469358850845
29,test,,0.8134685754776001,75.4375,73.625,2.19140625,3.017578125,3.533203125,125,10,6.199865541900579,7.34375,9.6953125,1.8427734375,0.24267578125,3.04296875,3.0546875,0.19989542845453265,7.2014204881744135,2.4182958340544896,0.306640625,9.1484375,0.126708984375,0.031402587890625,2.355388542207534,0.521484375,8.65625,0.2213134765625,0.053741455078125,2.312026227210945,0.8505859375,7.95703125,0.367919921875,0.08807373046875,2.296713566893418,0.0772705078125,9.484375,0.033660888671875,0.0080108642578125,1.11356214278757,0.049468994140625,8.359375,0.04443359375,0.005847930908203125,123,10,2.091796875,5.9246638815662225,8.1953125,12.0546875,0.3203125,3.1328125,3.796875,2.4182958340544896,0.451171875,9.7109375,0.1866455078125,0.04254150390625,2.355388542207534,0.70703125,9.1328125,0.30029296875,0.06707763671875,2.312026227210945,1.259765625,7.984375,0.544921875,0.11993408203125,2.296713566893418,0.14404296875,10.203125,0.06268310546875,0.01373291015625,1.11356214278757,0.08721923828125,9.1328125,0.07830810546875,0.009368896484375,0.2033827578397748
30,test,,0.809796929359436,70.375,74.0625,2.15625,3.02734375,3.57421875,126,10,6.225848460496222,7.31640625,9.796875,1.912109375,0.2529296875,3.076171875,3.078125,0.16738663997069642,7.2014204881744135,2.4182958340544896,0.322265625,9.09375,0.13330078125,0.033111572265625,2.355388542207534,0.5361328125,8.6015625,0.2276611328125,0.055419921875,2.312026227210945,0.8701171875,7.890625,0.376220703125,0.09033203125,2.296713566893418,0.07354736328125,9.46875,0.032012939453125,0.007648468017578125,1.11356214278757,0.049896240234375,8.328125,0.0447998046875,0.00592041015625,120,10,2.185546875,5.913151139261601,8.1328125,12.203125,0.333740234375,3.177734375,3.833984375,2.4182958340544896,0.480712890625,9.5859375,0.19873046875,0.045562744140625,2.355388542207534,0.73095703125,9.0234375,0.310302734375,0.0697021484375,2.312026227210945,1.283203125,7.875,0.55517578125,0.1229248046875,2.296713566893418,0.1427001953125,10.140625,0.062103271484375,0.01367950439453125,1.11356214278757,0.088623046875,9.0625,0.07958984375,0.00958251953125,0.21705681144779562
31,test,,0.9836845993995667,69.0,69.9375,2.23046875,3.0546875,3.625,126,10,6.224922237415197,7.4140625,9.890625,1.9072265625,0.250244140625,3.072265625,3.0703125,0.14498568714801122,7.2014204881744135,2.4182958340544896,0.3134765625,9.203125,0.129638671875,0.031890869140625,2.355388542207534,0.52734375,8.7109375,0.223876953125,0.053985595703125,2.312026227210945,0.88037109375,7.96484375,0.380859375,0.090576171875,2.296713566893418,0.07672119140625,9.5546875,0.033416748046875,0.007904052734375,1.11356214278757,0.047760009765625,8.4296875,0.04290771484375,0.005603790283203125,125,10,2.216796875,6.0360191326794705,8.21875,12.2890625,0.3310546875,3.14453125,3.798828125,2.4182958340544896,0.464599609375,9.703125,0.192138671875,0.043701171875,2.355388542207534,0.7109375,9.1484375,0.302001953125,0.0672607421875,2.312026227210945,1.2666015625,7.99609375,0.5478515625,0.1202392578125,2.296713566893418,0.13330078125,10.25,0.05804443359375,0.0126800537109375,1.11356214278757,0.0811767578125,9.171875,0.0728759765625,0.008697509765625,0.19647371045009954
32,test,,0.843055784702301,75.0,75.4375,2.193359375,2.99609375,3.533203125,131,10,6.317924675744213,7.30859375,9.703125,1.8837890625,0.24658203125,3.0625,3.052734375,0.16359780526231696,7.2014204881744135,2.4182958340544896,0.309326171875,9.109375,0.1279296875,0.03179931640625,2.355388542207534,0.52587890625,8.609375,0.2232666015625,0.054412841796875,2.312026227210945,0.88720703125,7.84765625,0.383544921875,0.09222412109375,2.296713566893418,0.07135009765625,9.4609375,0.03106689453125,0.007427215576171875,1.11356214278757,0.050872802734375,8.3203125,0.045684814453125,0.00604248046875,125,10,2.162109375,6.092373328487285,8.1328125,12.0859375,0.326904296875,3.1328125,3.767578125,2.4182958340544896,0.451904296875,9.6484375,0.1868896484375,0.042816162109375,2.355388542207534,0.70751953125,9.078125,0.30029296875,0.06744384765625,2.312026227210945,1.306640625,7.83203125,0.56494140625,0.125,2.296713566893418,0.1192626953125,10.1953125,0.051910400390625,0.0114288330078125,1.11356214278757,0.0894775390625,9.0703125,0.08038330078125,0.009674072265625,0.1997204152566501
33,test,,0.8343475461006165,72.6875,73.125,2.21875,3.107421875,3.607421875,128,10,6.25896668467776,7.37890625,9.84375,2.017578125,0.250732421875,3.04296875,3.05078125,0.18353024322886285,7.2014204881744135,2.4182958340544896,0.318115234375,9.15625,0.131591796875,0.032501220703125,2.355388542207534,0.52783203125,8.6796875,0.22412109375,0.05426025390625,2.312026227210945,0.876953125,7.93359375,0.37939453125,0.09051513671875,2.296713566893418,0.083251953125,9.5078125,0.036224365234375,0.00860595703125,1.11356214278757,0.053619384765625,8.3828125,0.04815673828125,0.006317138671875,124,10,2.2734375,6.011369802437426,8.1953125,12.265625,0.331787109375,3.123046875,3.787109375,2.4182958340544896,0.481201171875,9.6484375,0.198974609375,0.045318603515625,2.355388542207534,0.720703125,9.109375,0.305908203125,0.06829833984375,2.312026227210945,1.2666015625,7.9765625,0.5478515625,0.12054443359375,2.296713566893418,0.1536865234375,10.1875,0.06695556640625,0.0146484375,1.11356214278757,0.098876953125,9.109375,0.08880615234375,0.0106201171875,0.202284342831769
34,test,,0.9749215245246887,69.9375,72.6875,2.267578125,3.083984375,3.666015625,126,10,6.2080714253612275,7.34375,9.8828125,2.041015625,0.257080078125,3.06640625,3.0703125,0.20374720178339778,7.2014204881744135,2.4182958340544896,0.30712890625,9.1484375,0.1270751953125,0.031463623046875,2.355388542207534,0.52294921875,8.6484375,0.2220458984375,0.053924560546875,2.312026227210945,0.85400390625,7.9453125,0.369384765625,0.08843994140625,2.296713566893418,0.07916259765625,9.484375,0.03448486328125,0.00821685791015625,1.11356214278757,0.049468994140625,8.359375,0.04443359375,0.00585174560546875,122,10,2.32421875,5.8883190357356385,8.0625,12.15625,0.337158203125,3.255859375,3.896484375,2.4182958340544896,0.449951171875,9.578125,0.18603515625,0.042938232421875,2.355388542207534,0.70947265625,9.0,0.30126953125,0.068115234375,2.312026227210945,1.228515625,7.9140625,0.53125,0.11846923828125,2.296713566893418,0.127197265625,10.1015625,0.055389404296875,0.0122833251953125,1.11356214278757,0.093505859375,8.984375,0.083984375,0.01019287109375,0.1866510031480602
35,test,,0.7744467854499817,71.3125,69.9375,2.23046875,3.033203125,3.62890625,119,10,6.160664531870535,7.2578125,9.8671875,2.017578125,0.2646484375,3.048828125,3.04296875,0.16482925006014415,7.2014204881744135,2.4182958340544896,0.306640625,9.0625,0.1268310546875,0.03167724609375,2.355388542207534,0.5205078125,8.5703125,0.220947265625,0.05413818359375,2.312026227210945,0.884765625,7.80078125,0.382568359375,0.09246826171875,2.296713566893418,0.08123779296875,9.390625,0.035369873046875,0.0084991455078125,1.11356214278757,0.0538330078125,8.265625,0.04833984375,0.006427764892578125,117,10,2.328125,5.931124088812879,7.9765625,12.2265625,0.34716796875,3.12890625,3.794921875,2.4182958340544896,0.453857421875,9.4921875,0.1876220703125,0.04364013671875,2.355388542207534,0.703125,8.9296875,0.298583984375,0.06805419921875,2.312026227210945,1.2724609375,7.74609375,0.55029296875,0.12371826171875,2.296713566893418,0.142822265625,9.9921875,0.06219482421875,0.0139007568359375,1.11356214278757,0.097412109375,8.8984375,0.08746337890625,0.010711669921875,0.20081684856530382
36,test,,0.9519721269607544,75.0,75.9375,2.240234375,2.99609375,3.578125,122,10,6.242414856688587,7.265625,9.7734375,1.986328125,0.256591796875,3.052734375,3.052734375,0.16998623556523307,7.2014204881744135,2.4182958340544896,0.309814453125,9.0625,0.1280517578125,0.031982421875,2.355388542207534,0.5244140625,8.5703125,0.22265625,0.05450439453125,2.312026227210945,0.89306640625,7.79296875,0.38623046875,0.09326171875,2.296713566893418,0.07659912109375,9.4140625,0.033355712890625,0.0080108642578125,1.11356214278757,0.051055908203125,8.28125,0.04583740234375,0.006092071533203125,119,10,2.30078125,5.984540357314826,8.0234375,12.1484375,0.339599609375,3.1328125,3.767578125,2.4182958340544896,0.45458984375,9.53125,0.18798828125,0.043548583984375,2.355388542207534,0.69482421875,8.9921875,0.294921875,0.06695556640625,2.312026227210945,1.2841796875,7.76953125,0.55517578125,0.12420654296875,2.296713566893418,0.1279296875,10.0625,0.055694580078125,0.01239013671875,1.11356214278757,0.08544921875,8.96875,0.07672119140625,0.0093536376953125,0.2018784523350065
37,test,,0.8744824528694153,74.5625,74.0625,2.236328125,3.033203125,3.62109375,130,10,6.369746111616812,7.33984375,9.8671875,1.9169921875,0.255859375,3.056640625,3.0703125,0.1499424179171981,7.2014204881744135,2.4182958340544896,0.314697265625,9.125,0.130126953125,0.032257080078125,2.355388542207534,0.52392578125,8.6484375,0.2222900390625,0.05401611328125,2.312026227210945,0.88671875,7.87890625,0.383544921875,0.09185791015625,2.296713566893418,0.0914306640625,9.453125,0.039825439453125,0.009490966796875,1.11356214278757,0.05426025390625,8.34375,0.0487060546875,0.006420135498046875,126,10,2.24609375,6.0705458431381825,8.1015625,12.2578125,0.3388671875,3.123046875,3.80859375,2.4182958340544896,0.462646484375,9.6015625,0.1912841796875,0.0439453125,2.355388542207534,0.70263671875,9.0546875,0.29833984375,0.067138671875,2.312026227210945,1.275390625,7.8671875,0.5517578125,0.12237548828125,2.296713566893418,0.1563720703125,10.0859375,0.068115234375,0.0150299072265625,1.11356214278757,0.09576416015625,9.03125,0.08599853515625,0.0103912353515625,0.19533191855868443
38,test,,0.6579176783561707,76.875,76.375,2.240234375,3.07421875,3.625,115,10,6.0773311931022915,7.29296875,9.859375,2.07421875,0.260498046875,3.064453125,3.068359375,0.18128637801631836,7.2014204881744135,2.4182958340544896,0.316650390625,9.078125,0.1309814453125,0.032623291015625,2.355388542207534,0.53369140625,8.5859375,0.2265625,0.0552978515625,2.312026227210945,0.890625,7.82421875,0.38525390625,0.09271240234375,2.296713566893418,0.08807373046875,9.4140625,0.038360595703125,0.009185791015625,1.11356214278757,0.0552978515625,8.296875,0.049652099609375,0.0065765380859375,110,10,2.375,5.835993591539803,8.03125,12.25,0.344482421875,3.130859375,3.810546875,2.4182958340544896,0.46337890625,9.5234375,0.191650390625,0.04437255859375,2.355388542207534,0.7177734375,8.953125,0.3046875,0.069091796875,2.312026227210945,1.2763671875,7.7890625,0.5517578125,0.1234130859375,2.296713566893418,0.1500244140625,10.0234375,0.0653076171875,0.0145263671875,1.11356214278757,0.09521484375,8.953125,0.08551025390625,0.01041412353515625,0.190121536379011
39,test,,0.7776070237159729,75.0,77.75,2.189453125,3.078125,3.5703125,121,10,6.199265756552539,7.14453125,9.7578125,2.02734375,0.267822265625,3.076171875,3.06640625,0.16137103158484262,7.2014204881744135,2.4182958340544896,0.3115234375,8.9375,0.1287841796875,0.0325927734375,2.355388542207534,0.53173828125,8.4375,0.2257080078125,0.05596923828125,2.312026227210945,0.89599609375,7.6640625,0.387451171875,0.0947265625,2.296713566893418,0.07666015625,9.2890625,0.03338623046875,0.00811767578125,1.11356214278757,0.053741455078125,8.1484375,0.04827880859375,0.00650787353515625,116,10,2.3046875,5.938424696930712,7.8515625,12.1640625,0.354736328125,3.154296875,3.78125,2.4182958340544896,0.4501953125,9.3671875,0.1861572265625,0.043853759765625,2.355388542207534,0.7021484375,8.8046875,0.298095703125,0.06878662109375,2.312026227210945,1.302734375,7.55859375,0.5634765625,0.128173828125,2.296713566893418,0.1368408203125,9.875,0.0595703125,0.01348114013671875,1.11356214278757,0.08941650390625,8.78125,0.080322265625,0.009979248046875,0.21665985277796967
40,test,,1.0053563117980957,69.4375,70.8125,2.255859375,3.115234375,3.666015625,124,10,6.267612865057267,7.2421875,9.90625,2.033203125,0.26904296875,3.072265625,3.072265625,0.16206054123638397,7.2014204881744135,2.4182958340544896,0.322021484375,9.015625,0.1331787109375,0.0333251953125,2.355388542207534,0.5400390625,8.515625,0.229248046875,0.0562744140625,2.312026227210945,0.90234375,7.75,0.390380859375,0.094482421875,2.296713566893418,0.077392578125,9.3828125,0.033721923828125,0.00811767578125,1.11356214278757,0.05206298828125,8.25,0.0467529296875,0.00623321533203125,119,10,2.27734375,5.91896235364855,7.89453125,12.21875,0.35400390625,3.162109375,3.861328125,2.4182958340544896,0.47802734375,9.359375,0.1976318359375,0.046356201171875,2.355388542207534,0.72705078125,8.796875,0.30859375,0.0709228515625,2.312026227210945,1.2861328125,7.63671875,0.556640625,0.1259765625,2.296713566893418,0.130859375,9.9296875,0.0570068359375,0.01284027099609375,1.11356214278757,0.09716796875,8.8125,0.0872802734375,0.0107879638671875,0.2112091828582287
