epoch,phase,messages,loss,accuracy,accuracy_nn,temperature,length,length_nn,lexicon_size,actual_vocab_size,entropy_msg,entropy_max,entropy_msg_mc_ml,entropy_msg_mc_perks,entropy_msg_mc_james-stein,entropy_msg_mc_minimax,entropy_msg_1_ml,entropy_msg_1_perks,entropy_msg_1_james-stein,entropy_msg_1_minimax,redundancy_act,redundancy_max,kld_train_test,kld_test_train,mutual_info_sent_received,topsim,topsim_norm_max,topsim_cosine,topsim_cosine_norm_max,entropy_target,mutual_info_msg_target,proficiency_msg_target,entropy_target_category,mutual_info_msg_target_category,proficiency_msg_target_category,entropy_selected,mutual_info_msg_selected,proficiency_msg_selected,lexicon_size_nn,actual_vocab_size_nn,entropy_msg_nn,entropy_max_nn,entropy_msg_mc_ml_nn,entropy_msg_mc_perks_nn,entropy_msg_mc_james-stein_nn,entropy_msg_mc_minimax_nn,entropy_msg_1_ml_nn,entropy_msg_1_perks_nn,entropy_msg_1_james-stein_nn,entropy_msg_1_minimax_nn,redundancy_act_nn,redundancy_max_nn,kld_train_test_nn,kld_test_train_nn,topsim_nn,topsim_norm_max_nn,topsim_cosine_nn,topsim_cosine_norm_nn,entropy_target_nn,mutual_info_msg_target_nn,proficiency_msg_target_nn,entropy_target_category_nn,mutual_info_msg_target_category_nn,proficiency_msg_target_category_nn,entropy_selected_nn,mutual_info_msg_selected_nn,proficiency_msg_selected_nn
1,train,received,5.775631904602051,71.6875,72.9375,1.5,1.7314453125,2.16015625,506,10,5.08984375,7.91015625,5.088308204044271,5.088399222023925,5.08973048628281,5.116159469759185,5.057065832612493,5.058744182428956,5.081173172861955,5.169205533825409,0.356689453125,0.435302734375,,,4.26171875,0.193972070549857,0.1845560469750828,0.22094540760796283,0.24971113206589388,8.596967468217745,2.7487628961330586,0.3197363379930191,3.484375560798062,1.5643626074508998,0.4489649810000957,8.578844202957661,2.659202342694419,0.3099720987796499,624,10,4.5546875,8.609375,4.554481479240669,4.554575305362679,4.555589757848615,4.583807418967673,4.532701933563598,4.534471049934261,4.552188346797034,4.652151184180225,0.470947265625,0.52099609375,,,0.28762290661309864,0.20320287009292,0.3519464797316553,0.2987821236452924,8.596967468217745,3.0126825463154336,0.35043549454538053,3.484375560798062,1.6762739086506673,0.4810830174307425,,,
2,train,received,3.088832378387451,85.4375,86.75,1.474609375,2.142578125,2.677734375,192,10,5.65625,8.6015625,5.656675042792073,5.656759341057141,5.658979536930395,5.682627487323351,5.642794885740207,5.644393014499379,5.681930752952617,5.747711646979402,0.34228515625,0.37255859375,,,4.70703125,0.16096776295213056,0.1678826529162176,0.18648814569923847,0.19758534248612294,8.594298502113062,3.267329615679137,0.380174090401422,3.4693355901305774,1.7407555456851798,0.5017547309741984,8.58179408728034,3.1856632930505153,0.3712118073040465,167,10,4.9609375,9.2421875,4.954219125519265,4.954309146766877,4.955646635260606,4.98234314944463,4.94529978266578,4.9470122601614115,4.97047348634184,5.059774071364147,0.463134765625,0.478271484375,,,0.28595409720573756,0.23087961919535965,0.3041989873781679,0.26123138862312545,8.594298502113062,3.5561530595805726,0.41378049164876324,3.4693355901305774,1.8629948068781683,0.5369889301507582,,,
3,train,received,2.362776041030884,88.5625,89.9375,1.4501953125,2.17578125,2.7109375,182,10,5.79296875,8.625,5.7858854413461245,5.785960808778977,5.788109760501808,5.810058615255589,5.7524350590195485,5.753958457833777,5.791830954479981,5.853298824138682,0.328369140625,0.357177734375,,,4.71875,0.18032047767047862,0.18761370099092753,0.20027061496051682,0.1949298195508714,8.593464708486017,3.269914272522537,0.3805117474088778,3.4739739638997733,1.7198712380028844,0.4950731513463075,8.586059127345855,3.204625740724672,0.3732359273555683,166,10,5.19921875,9.3203125,5.197576857980277,5.197653271519525,5.198919445837331,5.2231364286918245,5.186033808173698,5.18763899343542,5.211448709805537,5.29418581211948,0.4423828125,0.453369140625,,,0.27958116493809837,0.23424626126947093,0.3069572712290239,0.26311053383664557,8.593464708486017,3.597771199669623,0.41866363820832775,3.4739739638997733,1.8793468437210405,0.5409789662359314,,,
4,train,received,1.9472607374191284,90.625,91.875,1.42578125,2.205078125,2.751953125,231,10,5.94140625,8.7109375,5.941525170712619,5.9415963804599246,5.943930233015948,5.964783728319934,5.911573860104967,5.913068169649092,5.955152441364391,6.010040283884738,0.31787109375,0.340576171875,,,4.85546875,0.17812144177245987,0.1674330940380922,0.2040199408880704,0.19639175294454964,8.59131362278229,3.3186372197946783,0.38627820674528474,3.4709483926796185,1.7063142847595687,0.49159886339948466,8.588439067004689,3.2479890673797485,0.37818153473987676,205,10,5.37890625,9.4296875,5.3758135764120825,5.375888353183577,5.3772956113111325,5.400663462150532,5.356867374028917,5.358439542575889,5.384984491765966,5.46246736072292,0.429443359375,0.434326171875,,,0.273808774091764,0.2268741561855992,0.31655438243883255,0.2711626821774978,8.59131362278229,3.6779669730359847,0.4281029810485347,3.4709483926796185,1.872563979459664,0.5394963472833486,,,
5,train,received,1.6541765928268433,91.9375,93.1875,1.40234375,2.216796875,2.765625,262,10,6.05859375,8.703125,6.054621749052673,6.054689342745086,6.056964498102369,6.076961466316277,6.00951463165934,6.010966553471435,6.052363467173802,6.105303614694341,0.30419921875,0.327880859375,,,5.0390625,0.15618071835475564,0.17276531908577572,0.20171312294024032,0.1897924898649006,8.597585621051739,3.3601742620791066,0.390827659087396,3.494113422768433,1.705001539444921,0.4879639934796465,8.594073577333706,3.305511258364718,0.3846268278506229,242,10,5.55078125,9.421875,5.543385523771713,5.5434561543191325,5.544861303049386,5.567192671103111,5.510352186257216,5.511893471101357,5.539079429533054,5.613382963478616,0.410888671875,0.41650390625,,,0.25295604584801484,0.23364341458141494,0.3118729014079118,0.2475990473237919,8.597585621051739,3.759919505076752,0.4373227171905504,3.494113422768433,1.8902008655825058,0.5409672317061975,,,
6,train,received,1.4903770685195923,92.75,94.0625,1.37890625,2.236328125,2.787109375,266,10,6.1484375,8.75,6.1346149980881,6.1346817897360575,6.137025185526464,6.1565600257671695,6.11403044544978,6.115441601679191,6.158110099294614,6.207222983101075,0.297119140625,0.31787109375,,,5.12109375,0.16380035643848312,0.16244314031251664,0.19326901636816052,0.1790510060967064,8.595428531580533,3.375302123778022,0.3926857295569148,3.4760098564865882,1.7040718268372617,0.4902379156541487,8.59295377866938,3.309360523543969,0.38512490684622586,253,10,5.640625,9.4296875,5.646221578538333,5.646289432414801,5.647700520435367,5.6692962021661755,5.6187220873125625,5.6202077465084495,5.647176251401076,5.718481538396717,0.401611328125,0.40673828125,,,0.25804041177107445,0.22201824665408276,0.2996110715461778,0.24650693409407273,8.595428531580533,3.773230578916783,0.4389810891979994,3.4760098564865882,1.885758683805511,0.5425067136350299,,,
7,train,received,1.385076880455017,93.25,94.625,1.35546875,2.234375,2.7890625,302,10,6.24609375,8.765625,6.240079613987134,6.240143814983788,6.242502809292962,6.261252741421398,6.218992503959719,6.220350737458196,6.263171247089561,6.309022813706411,0.287353515625,0.30712890625,,,5.23046875,0.16726534749332755,0.16999572044060277,0.17836480367886542,0.18127785221937348,8.59397505519798,3.384655022826296,0.39384045230374753,3.4888513368481853,1.6591768317136628,0.4755653570531775,8.591965128230342,3.32299847975285,0.38675651380783443,272,10,5.765625,9.4375,5.761615161498955,5.761681368504092,5.763110957293832,5.784112340498992,5.751817823808107,5.753255947110618,5.780630649976744,5.848394366160044,0.38916015625,0.393798828125,,,0.2524002567755689,0.23984183656447605,0.2884183986191478,0.25155486778497,8.59397505519798,3.781557461442689,0.4400242538702101,3.4888513368481853,1.8538454719880764,0.5313627016457609,,,
8,train,received,1.2914096117019653,93.75,94.9375,1.3330078125,2.24609375,2.798828125,316,10,6.2421875,8.765625,6.239104934040454,6.239170982671903,6.241644221322958,6.260584468947699,6.196970197863967,6.198353628312856,6.242937593175938,6.288301164057788,0.2880859375,0.307373046875,,,5.23046875,0.14748118729943532,0.1747589674819521,0.18886657295567047,0.17625128003246948,8.597004718721832,3.413078695787976,0.3970078890797002,3.466808780040344,1.678996422495728,0.4843060373454428,8.594739156709261,3.3580641059359166,0.3907115788749133,298,10,5.7734375,9.46875,5.760717148235818,5.760785092088332,5.762282163346247,5.783478802021499,5.762288504639665,5.763752746318874,5.79286242557364,5.860017917796903,0.390625,0.39306640625,,,0.25983379545893226,0.23703167209662063,0.2876240007741105,0.24401653938108347,8.597004718721832,3.849436979925703,0.44776490252968265,3.466808780040344,1.8807349853586293,0.5424974680422792,,,
9,train,received,1.2137975692749023,93.9375,95.1875,1.310546875,2.255859375,2.810546875,325,10,6.25390625,8.7578125,6.24759614614698,6.24766269950813,6.250150877137661,6.269215053548836,6.207722753109731,6.20910982989785,6.253171997055904,6.2990227871625795,0.285888671875,0.30615234375,,,5.26953125,0.15481383843964763,0.15126820453680215,0.1800953467290697,0.17398002896503004,8.595284249729701,3.414240971477007,0.39722257836724545,3.483799718558208,1.6404296978765158,0.4708737098570689,8.5951524152464,3.3643758032278024,0.39142712551088077,307,10,5.80078125,9.4609375,5.799889682808006,5.799957733410359,5.801477508435431,5.822688311277303,5.7755235647731435,5.776975661095016,5.805305169797755,5.872606687760762,0.386962890625,0.39013671875,,,0.2508411141692007,0.21024793809909503,0.2856560217471463,0.23936834186605985,8.595284249729701,3.869737407349299,0.4502163389734309,3.483799718558208,1.852818769206639,0.5318384863907847,,,
10,train,received,1.2161251306533813,93.875,95.1875,1.2880859375,2.26171875,2.818359375,347,10,6.27734375,8.7890625,6.272891377896901,6.272956653056785,6.275444957049225,6.294122988231665,6.256661846694115,6.258005000646683,6.302103280221348,6.345759068472284,0.2861328125,0.3037109375,,,5.30078125,0.1797803051500704,0.16283232277185114,0.18420512609950881,0.17295835813485042,8.594405715769128,3.4595007742831143,0.4025293765147225,3.4690263403673303,1.6734674985966427,0.48240264973584535,8.592423954214228,3.3942960982136077,0.39503359195269294,328,10,5.81640625,9.484375,5.8166025070168805,5.816670018544013,5.818161579599217,5.839102313524855,5.792645250594244,5.794080297612416,5.82211818376633,5.888837350316513,0.38671875,0.38818359375,,,0.24508601660256096,0.21828166946410008,0.2763447612785847,0.2300540003440104,8.594405715769128,3.9078201421663747,0.45469346821691875,3.4690263403673303,1.899950467170596,0.547689835923648,,,
11,train,received,1.14322829246521,94.25,95.4375,1.2666015625,2.255859375,2.81640625,361,10,6.28515625,8.78125,6.284668259951001,6.284732419065456,6.287147406477606,6.30566158776232,6.252485927430444,6.253834624979151,6.29769882972651,6.341812893855824,0.283935546875,0.302490234375,,,5.34765625,0.12983436632345116,0.16272329359941348,0.17321517949253035,0.17529130041667879,8.595622073547368,3.4324163222843715,0.3993214560755847,3.493922578869393,1.6142634050612639,0.4620203706928238,8.59430202585785,3.3851617636382727,0.3938844310396898,339,10,5.84765625,9.4921875,5.850068484067482,5.85013250174208,5.851558521962957,5.871977673477304,5.792274026608505,5.793687934054436,5.820758599208493,5.887563607289194,0.384033203125,0.385009765625,,,0.2561372744231485,0.22671609739783796,0.29017910155770016,0.24920199160265427,8.595622073547368,3.881215553741403,0.4515339925990541,3.493922578869393,1.839639481028854,0.5265255424246257,,,
12,train,received,1.2052422761917114,94.0,95.3125,1.24609375,2.259765625,2.81640625,398,10,6.375,8.765625,6.369009580949447,6.3690704746443245,6.371448792141138,6.3892776390922315,6.353877903016253,6.355177083639412,6.399099317565706,6.440295753847618,0.27294921875,0.29296875,,,5.3984375,0.14620264420935747,0.15955610597477646,0.18852965945185277,0.18009224007846328,8.59530402570266,3.4593717762736382,0.4024722995171584,3.475431058838744,1.6736576362416615,0.4815683602715128,8.593522857872177,3.41074345878903,0.39689700198616296,380,10,5.96484375,9.46875,5.957830445277041,5.95789515456156,5.959396022845955,5.979472295136762,5.94752030095563,5.948902469412211,5.977454022452967,6.040159322532985,0.369873046875,0.372802734375,,,0.23226940457152792,0.2176530479835914,0.28092018126211893,0.2372508437710132,8.59530402570266,3.930764282175339,0.45731532827938587,3.475431058838744,1.9214316629966062,0.5528613948793505,,,
13,train,received,1.1385812759399414,94.3125,95.625,1.224609375,2.265625,2.822265625,388,10,6.44140625,8.828125,6.437420470203297,6.437482201128886,6.440006925583463,6.4575633127949414,6.439587795150615,6.440873578368664,6.487177950183706,6.524763702708894,0.27001953125,0.28515625,,,5.48046875,0.14304289136056558,0.14749901359130013,0.16023644917001778,0.15953541559730963,8.594954489622495,3.439151707852896,0.40013611613712563,3.4803642280142593,1.6435515104257208,0.47223549110072827,8.593094534324393,3.3736677691621146,0.39260219420213316,375,10,6.01953125,9.5078125,6.010361360463298,6.0104255162226545,6.011950636134535,6.031804761273654,6.000287937867507,6.001649912417295,6.030449772983237,6.091793820173352,0.36669921875,0.3671875,,,0.2138514781245098,0.19460157851455573,0.2512519350356216,0.22046742177259426,8.594954489622495,3.901528921398561,0.45393247004498366,3.4803642280142593,1.8701106735716824,0.5373318857028605,,,
14,train,received,1.0918147563934326,94.625,95.875,1.2041015625,2.267578125,2.828125,392,10,6.43359375,8.8203125,6.424611465504456,6.424673359941253,6.427229337711043,6.444888157180198,6.418164719580124,6.419462400425092,6.46565561515984,6.503890560386758,0.270751953125,0.286376953125,,,5.5,0.15039175605154356,0.14900568123306893,0.1568481239043707,0.16325738857350414,8.598281070143404,3.4407360537212757,0.4001655709614864,3.4816319182837128,1.6403817758294679,0.47115313000637415,8.59564373194021,3.378294491949526,0.3930240244132334,378,10,6.01953125,9.5234375,6.017128808567559,6.017192769355978,6.018744710750363,6.038536417397001,5.947099494078495,5.948490752440685,5.977239841903329,6.040084012269016,0.367919921875,0.3671875,,,0.22369469203174575,0.21331438866601027,0.2579240555094564,0.24193658050335842,8.598281070143404,3.9189777332712463,0.45578618578537405,3.4816319182837128,1.8722306102045163,0.5377451304868096,,,
15,train,received,1.0661574602127075,94.75,96.0625,1.18359375,2.2734375,2.833984375,386,10,6.453125,8.828125,6.447807820404599,6.447869042381047,6.4503866219187405,6.467882751400195,6.389462050553387,6.3907537179072635,6.435240660092774,6.475145084970874,0.26904296875,0.2841796875,,,5.5,0.1591372937603084,0.1501980498516444,0.17216709635537847,0.18559613174489933,8.594066035258775,3.4442059758149153,0.4007655935717053,3.4666708551659617,1.577687082104486,0.45510149305159703,8.5939234210005,3.3948719972798314,0.3950316788934805,372,10,6.05859375,9.546875,6.057721589188951,6.057783415754358,6.059291897452599,6.0787579325696575,6.03265690272924,6.0340195147243,6.062984103234524,6.123762830207164,0.365234375,0.36279296875,,,0.2231315605636558,0.2160648878131113,0.27138293377695005,0.24792217522457388,8.594066035258775,3.929490116673457,0.45723294428411226,3.4666708551659617,1.8137498254598015,0.5231964328995897,,,
16,train,received,1.0186651945114136,94.875,96.0625,1.1640625,2.2734375,2.8359375,391,10,6.46875,8.8203125,6.463398663239143,6.463460319386945,6.466052225450734,6.483562329516816,6.455266327025729,6.456543234759969,6.5027403660817615,6.539886757010312,0.2666015625,0.282470703125,,,5.49609375,0.1590993410129055,0.16656521557006262,0.1876939450909937,0.16966848208136884,8.59785780097382,3.45342576653957,0.40166118659794814,3.4737835359765956,1.5862699434596985,0.45664041153725643,8.594484134140092,3.3970120933296535,0.3952549146999544,383,10,6.08203125,9.53125,6.080936485967085,6.08099963824917,6.082587815259927,6.102137753325994,6.044306671979935,6.04568009825168,6.075597395161024,6.135846505381733,0.361572265625,0.3603515625,,,0.23631896385672913,0.2261224867050044,0.2709288875292144,0.2357940009542346,8.59785780097382,3.940254753970194,0.45828331256233484,3.4737835359765956,1.826867943234447,0.5259014916486021,,,
17,train,received,1.0459609031677246,94.75,96.0625,1.14453125,2.26953125,2.833984375,415,10,6.5078125,8.8125,6.502723228141125,6.502785791410141,6.505425878703663,6.522813046467014,6.4595765486988075,6.4608620023585575,6.507256869314045,6.544414451844844,0.261474609375,0.278076171875,,,5.640625,0.14352214862369428,0.15672851196149937,0.16589901027102966,0.16163919684658953,8.591379866358302,3.4721935084464803,0.404148525901261,3.4891296508351246,1.6287355643914605,0.46680282115673805,8.590729234872862,3.4189848703348655,0.39798540692633816,405,10,6.140625,9.5234375,6.134042670747078,6.134106005478935,6.135731315270432,6.15513396037916,6.109777160519217,6.1111336815854775,6.141765181726842,6.200047333833567,0.355224609375,0.354248046875,,,0.22650460627402025,0.21350204492188718,0.2628822654275955,0.2302923685567782,8.591379866358302,3.9722473626100028,0.46235266329735125,3.4891296508351246,1.8752057048752162,0.537442254238499,,,
18,train,received,1.0381691455841064,94.8125,96.125,1.1259765625,2.275390625,2.833984375,402,10,6.5,8.828125,6.497529743275596,6.497595507620557,6.500317507111449,6.51808529306823,6.4999276476145535,6.501206736734865,6.548705144386171,6.584288748852767,0.26318359375,0.27880859375,,,5.56640625,0.14420523711106517,0.15229240250660067,0.1756005923922128,0.17054138661480517,8.59706134835962,3.478560603576229,0.40462205195731943,3.4715259253449195,1.5893804802786446,0.45783338925251693,8.596005343260932,3.4234777860267105,0.3982638038621785,386,10,6.125,9.515625,6.119019249093044,6.119087389611421,6.120780014964884,6.1408402785502005,6.113166651848473,6.114513695127704,6.144646020959565,6.203052406677178,0.356201171875,0.355712890625,,,0.2282875978553596,0.21063434587390928,0.26786504989241033,0.23505314680106157,8.59706134835962,3.971155236784811,0.4619200766250825,3.4715259253449195,1.8371265121651241,0.5291985575428457,,,
19,train,received,1.0181810855865479,94.875,96.1875,1.1064453125,2.2734375,2.83203125,390,10,6.44140625,8.8046875,6.438104763681078,6.438171274607323,6.440813666448934,6.45893646472309,6.409319335928799,6.4106361079432945,6.456721636273472,6.495901326158115,0.268310546875,0.285400390625,,,5.54296875,0.13414712061613074,0.1690386568477072,0.1829561641585475,0.1669209278531619,8.596200022884844,3.4401388351408,0.4001929720088465,3.4709023875368397,1.551456218272615,0.4469892970322399,8.594299036424623,3.3885842903252694,0.3942828002567361,374,10,6.05078125,9.5078125,6.0573602624856795,6.057428258472581,6.05904537433358,6.079283337855968,6.031980822144894,6.033356152575426,6.062523955534754,6.123557156257155,0.363525390625,0.363525390625,,,0.23071362615576793,0.22454084350439044,0.27239942171300113,0.23780130937067934,8.596200022884844,3.920593748338635,0.45608451849668596,3.4709023875368397,1.7894813986476654,0.5155666160688513,,,
20,train,received,1.0130020380020142,94.9375,96.125,1.087890625,2.267578125,2.826171875,385,10,6.44140625,8.8125,6.438501109478626,6.438566563869256,6.44117009689637,6.4591906782028445,6.399513174346339,6.4008176165023505,6.445656998519771,6.485592773619555,0.269287109375,0.285400390625,,,5.63671875,0.1572791361509329,0.17834756803270752,0.19074099509138887,0.18497754817068482,8.593323526373027,3.441751009979064,0.400514538922721,3.4856810218478627,1.5617602154176096,0.4480502391437052,8.593517827044463,3.3953504687419,0.3951060016488789,383,10,6.0546875,9.53125,6.049234134553757,6.049301132341522,6.050872445679754,6.071037839128257,6.010239112606082,6.01161768381284,6.040127326106989,6.102132388907932,0.364501953125,0.36328125,,,0.25123530909475705,0.2414896291203302,0.2847263481414515,0.2448707191849824,8.593323526373027,3.931451828236744,0.45750073486364906,3.4856810218478627,1.7971137812710678,0.5155703490959034,,,
21,train,received,0.9982908368110657,94.9375,96.1875,1.0703125,2.279296875,2.837890625,397,10,6.5,8.8359375,6.504423781712466,6.504487096571303,6.507197644742644,6.52465825892493,6.478612414798642,6.479896910330783,6.527494844255315,6.5633516218432035,0.26416015625,0.278564453125,,,5.625,0.15079441504045912,0.1720500980347788,0.1863891352119681,0.16873650718876088,8.599337775724173,3.4782945257669553,0.40448399824299713,3.4711295367530877,1.5678937171327334,0.451695536145087,8.59746989337107,3.4148784339593927,0.3971957420394546,386,10,6.109375,9.53125,6.112230145139737,6.112294973124831,6.113959902786496,6.1335932182124875,6.09167577774883,6.093040778222014,6.123923724585027,6.182541862513673,0.359130859375,0.357421875,,,0.24115513033569025,0.2352818178447358,0.26554533663793006,0.23474478421050507,8.599337775724173,3.982238644743516,0.46308666418306393,3.4711295367530877,1.8149224760337699,0.5228622143936056,,,
22,train,received,1.0138615369796753,94.9375,96.1875,1.0517578125,2.28125,2.841796875,422,10,6.515625,8.8203125,6.515713722217599,6.5157765259166585,6.518462816283005,6.535881236760267,6.488457861600276,6.489770544458249,6.538383721512203,6.574243693103498,0.26123046875,0.27734375,,,5.640625,0.1412619034181115,0.1537338011849884,0.16764527978488541,0.1830367935470697,8.597209578766442,3.4957323810217487,0.4066124419783342,3.475935506030961,1.5796122493816647,0.4544423354923993,8.597053578902162,3.4407679285452817,0.4002264144298453,418,10,6.15625,9.53125,6.154406796965395,6.154473752663739,6.156182160871149,6.175963580604843,6.139501077295199,6.140855092287235,6.171821615246834,6.22951846316646,0.354248046875,0.352783203125,,,0.24017414900348988,0.23812928719302492,0.2603096509658024,0.2474952283004159,8.597209578766442,4.018696164919277,0.46744192148633107,3.475935506030961,1.8469907306094138,0.5313650749286838,,,
23,train,received,1.00367271900177,94.9375,96.1875,1.0341796875,2.28515625,2.84375,409,10,6.51171875,8.828125,6.5133132525111055,6.513378742819722,6.51609978387546,6.533769609966342,6.475476767919405,6.4767601219501945,6.522757746788327,6.560104804470854,0.26220703125,0.277587890625,,,5.67578125,0.14015870996360738,0.15734979881630257,0.18229359145422308,0.17334540159066195,8.597426783734937,3.4678491239043074,0.4033589597372282,3.4889907711668258,1.5377350212642291,0.4407392057245148,8.595708022549246,3.4110719132926617,0.3968343159567946,412,10,6.140625,9.5234375,6.140255852259867,6.140323659086823,6.142021786238456,6.161929984165397,6.120388339717787,6.12173675617559,6.151951592043827,6.210251878705981,0.355224609375,0.35400390625,,,0.23332408573753285,0.2186086955551771,0.264990894609091,0.23127688579115857,8.597426783734937,3.9719860250221766,0.4619970748150584,3.4889907711668258,1.7807299402216472,0.5103853971004103,,,
24,train,received,1.007245421409607,94.9375,96.25,1.0166015625,2.283203125,2.84375,413,10,6.5234375,8.8359375,6.524864243840129,6.524930468619311,6.527748135615123,6.545474254423449,6.491145991321259,6.492431241779401,6.5396856740511735,6.575727245676305,0.261962890625,0.2763671875,,,5.63671875,0.15294254984680186,0.15346441402063618,0.1644057966450672,0.16648706832825744,8.596086107321492,3.461494049152323,0.40268257040888483,3.47083436267009,1.5791931185745876,0.45498947905993553,8.595149911714167,3.4089698588523687,0.39661552083068946,414,10,6.16015625,9.5390625,6.162138282534263,6.162206121767653,6.163960135411559,6.183805384736045,6.138793059739811,6.140149427332615,6.170931688371088,6.228812197843487,0.354248046875,0.35205078125,,,0.24371460586056207,0.2200609849851517,0.2517311165520489,0.2241310384798613,8.596086107321492,3.9914908512819762,0.4643381652357261,3.47083436267009,1.8411755115447423,0.5304705782987403,,,
25,train,received,1.0052200555801392,94.9375,96.3125,1.0,2.279296875,2.841796875,394,10,6.5234375,8.8515625,6.523559448675652,6.523627017172535,6.526484995100686,6.544305464512796,6.483873505386894,6.485166059956663,6.533056958404956,6.568856621603998,0.26318359375,0.2763671875,,,5.64453125,0.14883739566510462,0.15202287356943328,0.16094429791269518,0.171485658724785,8.593935401444648,3.486396407626671,0.40568101163997633,3.472545465488704,1.584737493157256,0.45636191344559696,8.592409010747843,3.4235210536904006,0.3984355318058158,393,10,6.16015625,9.5625,6.150166012730308,6.150236928673524,6.152014264022146,6.172245526942326,6.136977315141975,6.138341223647135,6.169335629325219,6.227344374370962,0.356201171875,0.352294921875,,,0.23157744311048,0.22020473784528805,0.25912433893569936,0.23712852247145233,8.593935401444648,4.013608065705718,0.46702795380926726,3.472545465488704,1.8488549973218928,0.5324206740261346,,,
1,test,,7.099818706512451,72.75,75.75,1.5,1.8857421875,2.353515625,79,10,5.00390625,7.8984375,5.002912879149292,5.003127343216162,5.005849962585161,5.044861896248644,4.932214679567923,4.950184642953395,5.15718620795025,5.279548074845171,0.3662109375,0.44482421875,3.126953125,3.05859375,4.1640625,0.21585720569189826,0.1694722792358902,0.2773264827691512,0.30308170882663105,6.658211482751794,2.760238592520891,0.41456156802338506,3.186646652398159,1.661399997642759,0.5213631063840879,6.5410525896849805,2.4641174431734143,0.3767157364029215,71,10,4.4921875,8.6171875,4.485060996180363,4.485282674013666,4.487212808544231,4.529212824868142,4.363291209433826,4.382211295596918,4.5263049098953765,4.734346962377157,0.478759765625,0.52783203125,3.1796875,3.109375,0.28027163361954166,0.1779867121266523,0.4380183407483573,0.3643874676559022,6.658211482751794,3.0954193126286116,0.4649025223436273,3.186646652398159,1.821222292418871,0.5715168611644729,6.5410525896849805,2.7172611346286777,0.41541649411498494
2,test,,5.959320068359375,77.5,79.9375,1.474609375,2.126953125,2.625,95,10,5.4375,8.421875,5.428337141456591,5.4285421324818595,5.432552021898305,5.4682466486138805,5.270071573132817,5.287445712441224,5.556392313093749,5.602822394851661,0.354736328125,0.39697265625,3.416015625,3.310546875,4.51953125,0.19995212906254697,0.18133193243571685,0.2803953541697908,0.27952780541207883,6.658211482751794,3.138714233930865,0.4714050074951443,3.186646652398159,1.9640130550219572,0.6163259593102076,6.589337900306981,2.8551521881788124,0.4332987974475854,81,10,4.8203125,9.1484375,4.818700497237019,4.818913100630969,4.821329546684227,4.861133472897816,4.793675503537132,4.811934794229135,5.000625177390697,5.147569973787986,0.472900390625,0.4931640625,3.4453125,3.357421875,0.30260490798625095,0.21819744261948118,0.4192159710165966,0.3406189640384361,6.658211482751794,3.4815099205450863,0.5228896573147301,3.186646652398159,2.14762296156755,0.6739444927009162,6.589337900306981,3.1329650322454814,0.4754597623684656
3,test,,6.806466102600098,78.0,80.5625,1.4501953125,2.12890625,2.693359375,114,10,5.8203125,8.5546875,5.818170778105881,5.818354059070055,5.823236768267163,5.854627355689364,5.645198904119348,5.661925215464328,6.020851367877661,5.961937308798926,0.31982421875,0.35400390625,3.384765625,3.3671875,4.79296875,0.19397762714682273,0.16570261252250915,0.23176627169162475,0.21764716549962726,6.658211482751794,3.21926322249314,0.4835026990104917,3.186646652398159,1.8791090835399826,0.5896822862760233,6.598764278767073,2.8611695775600205,0.43359172364535614,95,10,5.27734375,9.2734375,5.264106340760783,5.2642981775886115,5.267378995917718,5.303010622327202,5.043581709505915,5.061296989715949,5.282723394973845,5.385113569863249,0.430908203125,0.4453125,3.41796875,3.412109375,0.26090165827612405,0.1927450018901071,0.377762638233486,0.2868680972196414,6.658211482751794,3.5644741039985064,0.5353500881178579,3.186646652398159,2.0631660911164458,0.6474411242187077,6.598764278767073,3.1535249113047383,0.47789628149801855
4,test,,6.294418811798096,77.625,79.9375,1.42578125,2.16796875,2.7421875,110,10,5.80859375,8.609375,5.798985159723632,5.799165904349717,5.804283580550817,5.8352108274843735,5.607841806506674,5.624494011538521,5.995770730113641,5.924326957541365,0.3251953125,0.355712890625,3.416015625,3.3671875,4.81640625,0.1902789373817536,0.18996673658578883,0.23062578506762682,0.22462687738946638,6.658211482751794,3.237093550115013,0.48618064453205745,3.186646652398159,1.9308043938719344,0.6059047658826178,6.586716099121765,2.8918340753293537,0.43904033995255,96,10,5.265625,9.4140625,5.256115146395479,5.256302838536265,5.259459223873996,5.294636810511628,5.1280628246795334,5.145629438063288,5.398701458131873,5.466101960991145,0.44091796875,0.446533203125,3.462890625,3.412109375,0.27522356898190203,0.2157235473980761,0.3903218307893747,0.3011752052659706,6.658211482751794,3.6226337440532204,0.5440851125617912,3.186646652398159,2.1325336626238176,0.669209327309304,6.586716099121765,3.197593033911927,0.4854608860913674
5,test,,6.464761734008789,78.8125,81.0625,1.40234375,2.162109375,2.6953125,120,10,5.95703125,8.5625,5.962444790951696,5.962618253039539,5.9678877644453525,5.99733443193598,5.672638175207394,5.689146539071349,6.058616615312566,5.985770375631036,0.30419921875,0.3388671875,3.408203125,3.392578125,4.984375,0.20683268091012308,0.1645258343497956,0.22577116132078043,0.20859037450612805,6.658211482751794,3.268291260578879,0.4908662437420982,3.186646652398159,1.842816845646845,0.578293437165368,6.5780792651470605,2.9338044265164482,0.4459971229080134,104,10,5.5234375,9.3828125,5.509313829728405,5.509490708226969,5.512942375447351,5.54594537889056,5.258461149888272,5.275690579816413,5.536619944752108,5.589223966007114,0.41162109375,0.41943359375,3.474609375,3.44140625,0.2678258194716456,0.18233045258071306,0.368114918629702,0.2789097684783793,6.658211482751794,3.667539212462952,0.5508294865616348,3.186646652398159,2.0641572904601544,0.6477521719914386,6.5780792651470605,3.269843525862444,0.4970818067193575
6,test,,6.408750534057617,79.8125,82.1875,1.37890625,2.123046875,2.6875,123,10,6.05859375,8.53125,6.048487387357305,6.048653978176237,6.053689546996567,6.0823282002845,5.8696471195231705,5.885649876638587,6.250121250196845,6.171675041056357,0.290283203125,0.327880859375,3.404296875,3.404296875,5.11328125,0.17523152374962905,0.17189585903649773,0.20229854820673215,0.19866907509270113,6.658211482751794,3.2463382279632755,0.4875691071653353,3.186646652398159,1.864578023213002,0.5851223014668996,6.594400180663742,2.928295459455475,0.4440578944604989,119,10,5.6640625,9.3203125,5.6559266061369735,5.656096499986761,5.659477245181077,5.691272126443095,5.410761977148364,5.427522513985592,5.684724850840288,5.731824363212259,0.392578125,0.404541015625,3.46484375,3.47265625,0.28588045728578715,0.20491207910833695,0.3417530983567023,0.2543159037385848,6.658211482751794,3.6638213451621606,0.5502710982751674,3.186646652398159,2.114957774675382,0.6636938466596974,6.594400180663742,3.273365379604855,0.49638561353966587
7,test,,7.113792419433594,78.5625,82.6875,1.35546875,2.197265625,2.7578125,135,10,5.94140625,8.671875,5.932753644118961,5.932926891840112,5.937749971112124,5.967583941564568,5.734612460095749,5.750804640605275,6.097361294545524,6.041843942715581,0.31494140625,0.340576171875,3.431640625,3.3671875,5.06640625,0.16292588000542593,0.16843557288626806,0.20614461576454116,0.18480888656657093,6.658211482751794,3.2085187515806632,0.48188898173216393,3.186646652398159,1.8905306990995614,0.5932664977702545,6.587899544693859,2.9247212642337086,0.4439535309231284,118,10,5.4375,9.453125,5.420573333037132,5.420755904070694,5.423785587918335,5.457857402761888,5.318026332772681,5.334890852139466,5.5641970793722555,5.642146886661449,0.4248046875,0.42822265625,3.49609375,3.416015625,0.29435081255327916,0.23409594504919148,0.35301368085909424,0.2695550132531712,6.658211482751794,3.5925001223407804,0.53955932935552,3.186646652398159,2.0852971512211527,0.6543860611755717,6.587899544693859,3.227109507915589,0.48985408566450045
8,test,,5.89566707611084,80.4375,83.1875,1.3330078125,2.201171875,2.7578125,138,10,6.140625,8.671875,6.135144029594703,6.135303006109365,6.140527573266613,6.167836506515603,5.859929694648708,5.8759661221064725,6.259099363042702,6.1626827934902355,0.2919921875,0.318603515625,3.38671875,3.38671875,5.1640625,0.15649544562987014,0.16381409220639268,0.21898633028465045,0.19539919893175273,6.658211482751794,3.331655438173428,0.500382940194095,3.186646652398159,1.8417578441045563,0.5779611124184457,6.594390642728001,2.9980114671188103,0.4546305533817417,122,10,5.7109375,9.4453125,5.703175951233344,5.7033383676234495,5.70658492210132,5.737543116229117,5.515684979287503,5.532210099983116,5.800008797349582,5.831470628828929,0.39501953125,0.3994140625,3.423828125,3.423828125,0.285530096047277,0.2015832725569584,0.33739029930890774,0.24998526917381467,6.658211482751794,3.7518869729837814,0.5634977174730941,3.186646652398159,2.0659373265078056,0.6483107642176309,6.594390642728001,3.348729387132515,0.5078148336306622
9,test,,6.166219711303711,78.9375,82.5625,1.310546875,2.23046875,2.736328125,143,10,6.17578125,8.6171875,6.17220139814383,6.172356385927933,6.1775634145001135,6.204377070691402,5.888806355852195,5.904738945137101,6.286405813576688,6.189501485536468,0.28369140625,0.31494140625,3.4296875,3.419921875,5.2265625,0.19304664739178548,0.16877922409774454,0.22299840760108933,0.20111760440333812,6.658211482751794,3.2808832303378974,0.49275743776494324,3.186646652398159,1.838335497810558,0.5768871476312225,6.5735938229269335,2.916816333537941,0.4437171526121476,132,10,5.81640625,9.421875,5.811131589332488,5.811290724818843,5.814709049251534,5.844693277094023,5.5677969156493585,5.584337207733217,5.862679272009176,5.882810486607528,0.382568359375,0.388427734375,3.4921875,3.48828125,0.2818496508010073,0.1963654014191098,0.33711721888304436,0.25933336894433795,6.658211482751794,3.7477076806954823,0.5628700275447814,3.186646652398159,2.0995197736515987,0.658849255241893,6.5735938229269335,3.315611635698625,0.5043834050309984
10,test,,6.9642534255981445,78.125,80.6875,1.2880859375,2.19140625,2.755859375,141,10,6.15234375,8.6484375,6.141709611614203,6.141865144043762,6.147171516946747,6.173947377335707,6.0017451381636455,6.017415192840002,6.435257259675511,6.296618337244328,0.28857421875,0.3173828125,3.359375,3.365234375,5.1796875,0.17915833647359125,0.158469870209037,0.2091307493330467,0.1862213717562763,6.658211482751794,3.3405049503180884,0.5017120526993956,3.186646652398159,1.8081896564276256,0.5674270961503828,6.569887503891215,2.9719994536556413,0.452366871106299,132,10,5.7734375,9.4453125,5.766777050725878,5.766930796326397,5.770240920065281,5.799845501680206,5.559627465957089,5.575974837760904,5.850450318543053,5.871924439555434,0.388671875,0.392822265625,3.4140625,3.42578125,0.27047451143207163,0.19085864145069464,0.3238474478734809,0.2309260870320062,6.658211482751794,3.799191936274573,0.570602472768617,3.186646652398159,2.06993375276536,0.6495648807524989,6.569887503891215,3.3676497252768645,0.5125886437602276
11,test,,6.828527450561523,78.8125,81.1875,1.2666015625,2.19921875,2.728515625,140,10,6.109375,8.625,6.111208851989746,6.111363247747597,6.116303289711699,6.143331448124978,5.974474477038345,5.990150658029388,6.391366917386415,6.2699129264876685,0.291748046875,0.322021484375,3.365234375,3.353515625,5.16015625,0.20981818130469443,0.16597288856725412,0.22996941876029703,0.22433931918071318,6.658211482751794,3.3036221594607946,0.49617260851790035,3.186646652398159,1.8191410090711635,0.5708637346729802,6.589920170944516,2.9966531730486228,0.4547328488531782,135,10,5.73828125,9.4609375,5.745447417391794,5.745604695069645,5.748837642873635,5.778955373788535,5.590888650354744,5.607103238147718,5.881298790937214,5.900728262733376,0.3935546875,0.396728515625,3.423828125,3.419921875,0.287245340773833,0.2062510768430285,0.3574874156389354,0.28537290201998355,6.658211482751794,3.7741019990086926,0.5668342029666024,3.186646652398159,2.0814817162444585,0.6531887414244714,6.589920170944516,3.3834374281014385,0.5134261630390129
12,test,,7.455618858337402,78.3125,81.3125,1.24609375,2.21875,2.7890625,146,10,6.203125,8.7265625,6.1929536035564245,6.193107626701357,6.198241621525544,6.224794587326036,5.855870727689695,5.871692629833193,6.236151267827521,6.155512382982813,0.289306640625,0.31201171875,3.376953125,3.333984375,5.2421875,0.20130563747086141,0.13911873980425415,0.2418915807145863,0.22003501394940492,6.658211482751794,3.3514771389492424,0.50335997101193,3.186646652398159,1.8634263320494249,0.5847608898360523,6.581913367051454,3.0368603895146427,0.4613947677763322,137,10,5.7890625,9.5234375,5.793834236358495,5.793987861468049,5.79714304125076,5.827011000681802,5.521499677528352,5.538006362247403,5.8023837977117445,5.836783435061999,0.391845703125,0.39111328125,3.43359375,3.375,0.27199509198253224,0.19000110459563613,0.35334974675862824,0.29223202597044967,6.658211482751794,3.839406935705724,0.5766423829660219,3.186646652398159,2.1320114368044756,0.6690454478848472,6.581913367051454,3.4266044950438186,0.5206091760789703
13,test,,7.3480448722839355,77.5,79.3125,1.224609375,2.1796875,2.73828125,143,10,6.21875,8.6875,6.209174770109677,6.209326239165053,6.214403695221978,6.240615378532682,5.873002610837171,5.888761445875562,6.259450192585225,6.171504124293199,0.283935546875,0.31005859375,3.427734375,3.39453125,5.27734375,0.1946815515577063,0.1313998437175542,0.21003154578242075,0.20452724470927242,6.658211482751794,3.2917358459651247,0.49438739735023746,3.186646652398159,1.869818151175605,0.5867667034148405,6.584312282179447,2.942970452428103,0.4469670219611701,123,10,5.83984375,9.4609375,5.835385991453514,5.835543713573222,5.838763931385383,5.868545671141329,5.655364243145689,5.671496213697288,5.941484103564259,5.962738421763048,0.382568359375,0.385986328125,3.498046875,3.470703125,0.24019701055717485,0.13949661195207944,0.33746217486011826,0.2707001969881838,6.658211482751794,3.740126723416087,0.5617314399076909,3.186646652398159,2.12038702598592,0.6653975973113275,6.584312282179447,3.3408033425286305,0.5073883496641816
14,test,,7.765203475952148,78.0,81.3125,1.2041015625,2.267578125,2.802734375,143,10,6.21484375,8.7734375,6.21437522844115,6.21453497398209,6.2199912884629045,6.246678712867064,6.014583464003406,6.030142067860424,6.441361646943592,6.3075863601069315,0.29150390625,0.310546875,3.443359375,3.357421875,5.26171875,0.17890371306344424,0.1760301122763931,0.24314305730176433,0.20201444224817489,6.658211482751794,3.3309094291690835,0.5002708967412434,3.186646652398159,1.914900244301867,0.6009138926215054,6.584078021858354,2.9615529031092773,0.44980525645007163,134,10,5.78515625,9.53125,5.791241292311139,5.791404844929095,5.794727554964104,5.825197951125437,5.616302193404237,5.632632973309568,5.908942674869212,5.927348376804561,0.39306640625,0.391845703125,3.517578125,3.3984375,0.26304406541649505,0.2190486028802558,0.34369379743124095,0.27892367063042744,6.658211482751794,3.7941212411360885,0.5698409026154879,3.186646652398159,2.177998780834147,0.6834767134269691,6.584078021858354,3.3502189432198692,0.5088364585136357
15,test,,5.868199825286865,79.6875,83.3125,1.18359375,2.208984375,2.75,154,10,6.2109375,8.6484375,6.203482834083392,6.203641910348976,6.209015415442204,6.235765203086494,6.099747945759828,6.115044733717955,6.532549678434469,6.3873477653078945,0.28173828125,0.31103515625,3.408203125,3.39453125,5.375,0.17569078218339695,0.15974588010464594,0.21821834928566253,0.2027234944157486,6.658211482751794,3.329144506379751,0.500005822134661,3.186646652398159,1.829841418139054,0.5742216247169981,6.596418186016407,2.9778399840716174,0.45143286858075055,139,10,5.84765625,9.4609375,5.8321940194323165,5.832361864798182,5.83593476785469,5.8665323078390035,5.722250276539511,5.738310947633809,6.029260769373864,6.027465320397794,0.381591796875,0.385009765625,3.462890625,3.4296875,0.27372755974687074,0.17347671478629578,0.3366642966435521,0.278349928910456,6.658211482751794,3.7941568811940476,0.5698462554130149,3.186646652398159,2.094513962810556,0.6572783842332496,6.596418186016407,3.3845638901811084,0.5130911647408841
16,test,,7.26987361907959,78.5625,81.1875,1.1640625,2.19140625,2.779296875,144,10,6.05859375,8.6875,6.054580841399503,6.054748253233496,6.059905409832443,6.088253792303731,5.845682358738636,5.8616477027723946,6.243131881715013,6.14767398169174,0.302490234375,0.327880859375,3.421875,3.361328125,5.07421875,0.17192773200746977,0.15470345812246333,0.21367304285597355,0.19551896725640014,6.658211482751794,3.3143058047933334,0.49777719037298485,3.186646652398159,1.8246737370096975,0.5725999572737416,6.587077310432477,3.004682206150558,0.4561480098907909,135,10,5.63671875,9.5,5.643951696604069,5.644124523645523,5.647331490269762,5.679449635560845,5.421214748763153,5.437895675974276,5.6868829127422025,5.740885507761704,0.40673828125,0.407470703125,3.48828125,3.3984375,0.26176584849889606,0.1831557089279712,0.3297834876394852,0.26523682326167053,6.658211482751794,3.7684310584093046,0.5659824816576474,3.186646652398159,2.0877032709708754,0.6551411244167101,6.587077310432477,3.380623430022222,0.5132205484620714
17,test,,6.913161277770996,80.3125,81.8125,1.14453125,2.228515625,2.76953125,155,10,6.26171875,8.6875,6.257052788003893,6.257204209566576,6.262383087588356,6.288336395985256,6.073272079007157,6.088587173957662,6.4933177824570345,6.361574500273723,0.279296875,0.30517578125,3.392578125,3.375,5.35546875,0.19105196781017073,0.13818941797514234,0.20915970750358762,0.1865683224084574,6.658211482751794,3.360436417184803,0.5047055693394643,3.186646652398159,1.8451069382297947,0.5790120899790479,6.594325538193547,3.0374882007595003,0.4606215121116983,145,10,5.890625,9.4609375,5.896426989320256,5.896572593483557,5.899693824526658,5.928184909118411,5.723064289431035,5.738994833694133,6.0160483910115214,6.026294545098481,0.37744140625,0.38037109375,3.4453125,3.423828125,0.2635945581573419,0.18008805478762904,0.3244563476930923,0.23999152020680398,6.658211482751794,3.8486077043846576,0.5780242508599402,3.186646652398159,2.117148872314318,0.6643814339192661,6.594325538193547,3.4407212565836103,0.5217700031118214
18,test,,7.145916938781738,75.5,79.3125,1.1259765625,2.169921875,2.70703125,159,10,6.19140625,8.609375,6.19128690055235,6.191433929894458,6.196149878306108,6.222293342964171,5.96510437206658,5.980663324689038,6.354981175253969,6.258913558581348,0.28076171875,0.313232421875,3.4140625,3.369140625,5.3125,0.1861446830493089,0.1301292758592033,0.217264574424309,0.1955015073500776,6.658211482751794,3.321570403452017,0.4988682639559587,3.186646652398159,1.805629580286217,0.5666237199305932,6.524812074715402,2.816848505302569,0.4317133540471254,148,10,5.8828125,9.4375,5.879783549416853,5.879926631483796,5.882942826847092,5.911252954777776,5.668751607075048,5.684864412040722,5.95649431484625,5.975599555533219,0.376708984375,0.38134765625,3.4921875,3.4375,0.25404985153492854,0.13349527186073462,0.3232831255842478,0.24378776903263694,6.658211482751794,3.8255882826699317,0.5745669527890757,3.186646652398159,2.079319349933897,0.6525101703287604,6.524812074715402,3.237896680202576,0.49624366849581736
19,test,,6.77481746673584,79.6875,82.0625,1.1064453125,2.169921875,2.7265625,155,10,6.1953125,8.6015625,6.181642863203361,6.181803675626633,6.186931388150286,6.2141089178138555,5.876676444025525,5.892469572367865,6.251628057841417,6.175527179670607,0.27978515625,0.3125,3.4140625,3.39453125,5.296875,0.2262066446095435,0.16997076618069534,0.21340975387817127,0.19094655887314607,6.658211482751794,3.3830427072934395,0.5081008189747753,3.186646652398159,1.861465845793579,0.5841456706198364,6.584498362537448,3.0231952547307746,0.45913828028741965,145,10,5.8671875,9.4140625,5.8579317965337845,5.858088555561838,5.8614831453079566,5.891051520954131,5.66324655421559,5.679366304568972,5.95478927293386,5.970286107954153,0.376708984375,0.383056640625,3.484375,3.455078125,0.2910439735272314,0.17822239312743562,0.32054961656798303,0.23206789837626085,6.658211482751794,3.8880633451438573,0.5839501126114647,3.186646652398159,2.121318653970955,0.6656899510256415,6.584498362537448,3.4421516240716015,0.5227659625000058
20,test,,6.63387393951416,77.625,79.6875,1.087890625,2.23828125,2.7265625,143,10,5.95703125,8.625,5.947673139279917,5.947836084763492,5.952276847396317,5.9811504487064235,5.775702365800141,5.791700830929546,6.138851165706683,6.079398151272285,0.3095703125,0.339111328125,3.529296875,3.396484375,4.9921875,0.2395526688132455,0.16978548349307737,0.2470857101749861,0.20110172266635173,6.658211482751794,3.3089578753741327,0.4969739822692689,3.186646652398159,1.8945863589089829,0.5945392023565534,6.565632165625436,2.964427922406945,0.45150685381482325,127,10,5.53125,9.421875,5.511368430847415,5.511531804749149,5.514297280496852,5.546122127186334,5.336521552993847,5.353218953687744,5.5791296515549105,5.657838668673972,0.412841796875,0.41845703125,3.669921875,3.505859375,0.29655436287729675,0.17994401122000178,0.346008664447273,0.24647433863280882,6.658211482751794,3.7519879206773217,0.5635128788559672,3.186646652398159,2.1188208026089796,0.6649061015329167,6.565632165625436,3.3387971133018404,0.5085263732534717
21,test,,6.54462194442749,79.6875,82.3125,1.0703125,2.279296875,2.84375,162,10,6.203125,8.78125,6.195848176189276,6.196008987004305,6.201272851617848,6.228279950436342,5.988009166821387,6.003476393054512,6.3872809401577575,6.280092331277811,0.293701171875,0.3115234375,3.435546875,3.3203125,5.1953125,0.1945595415984438,0.1649635895879964,0.2275648192161049,0.21535915320573784,6.658211482751794,3.376899005625255,0.5071780934524485,3.186646652398159,1.9028052453836812,0.5971183670306516,6.573404541323512,2.999757348771551,0.4563475942966336,140,10,5.78515625,9.5546875,5.781231047635246,5.781395688039919,5.7845898964012585,5.815379712139116,5.5477161375787585,5.5640606429841775,5.816182290735602,5.8601325063601255,0.394287109375,0.3916015625,3.515625,3.353515625,0.2824893052284472,0.21512988706744285,0.333275457727252,0.2835756256348335,6.658211482751794,3.894766312352022,0.5849568344954915,3.186646652398159,2.1698187059852883,0.6809097282098592,6.573404541323512,3.44528572043102,0.5241250099202527
22,test,,5.9386725425720215,80.5625,83.3125,1.0517578125,2.224609375,2.806640625,148,10,6.1953125,8.7734375,6.187829291839431,6.18799471213898,6.193400283306432,6.2206819815394425,6.0347466989560665,6.050198397996732,6.451934748138726,6.325806431112355,0.294189453125,0.312744140625,3.443359375,3.41015625,5.37890625,0.1815045874134863,0.17647988232805217,0.21812197376142248,0.19415667607447398,6.658211482751794,3.406952538839392,0.5116918481284589,3.186646652398159,1.861084614423877,0.5840260365934484,6.589830215110122,3.0842479627775337,0.468031476092589,136,10,5.75,9.53125,5.745296452469034,5.745469811050509,5.748748875706962,5.780345751009542,5.5576378833896,5.573878771292209,5.825287171338987,5.868398360188024,0.396728515625,0.395263671875,3.544921875,3.484375,0.277329668708073,0.22325120142847654,0.33071051750755714,0.2528532216391213,6.658211482751794,3.9088803393176104,0.5870766270256854,3.186646652398159,2.1222735935754278,0.6659896201476492,6.589830215110122,3.511132395162895,0.5328107524093807
23,test,,6.417082786560059,80.8125,82.4375,1.0341796875,2.197265625,2.759765625,148,10,6.0078125,8.671875,6.010745633346474,6.010920065400104,6.015868739671142,6.045109788490916,5.825155996412974,5.8411467149386835,6.207744778545699,6.127845320366767,0.307373046875,0.33349609375,3.44140625,3.353515625,5.0703125,0.21529278671390029,0.17584937028293812,0.2221046957593732,0.20553676066239737,6.658211482751794,3.3985794743245394,0.51043429352291,3.186646652398159,1.8663880657487333,0.585690310014182,6.5749593070276475,3.1020231383054657,0.4717935113286355,127,10,5.53125,9.421875,5.523919601294184,5.524100259080414,5.527150744647016,5.56041041049427,5.236953024121347,5.254007268160883,5.483946703938644,5.5652926751266945,0.412841796875,0.418212890625,3.51953125,3.3984375,0.291633781084467,0.21885994781280202,0.3378401064943976,0.26802045043413014,6.658211482751794,3.871122337469025,0.5814057344824854,3.186646652398159,2.1103579241685937,0.6622503698615007,6.5749593070276475,3.4800499608283504,0.5292884409350941
24,test,,7.5523858070373535,75.375,80.4375,1.0166015625,2.1796875,2.76953125,141,10,6.171875,8.6796875,6.157733327926586,6.157900404027392,6.163361949210236,6.191036013737889,6.0365607491696025,6.05211170654965,6.462618860072254,6.328959861407048,0.288818359375,0.315185546875,3.466796875,3.435546875,5.3359375,0.17327484262456014,0.1358162802611158,0.2028499040084552,0.20333810119929308,6.658211482751794,3.3606660622209024,0.504740059838406,3.186646652398159,1.8192406074953942,0.5708949896049181,6.5731421348723975,2.946337802902274,0.4482388700026902,135,10,5.7734375,9.4453125,5.763461366883556,5.763633081375843,5.767118593820725,5.798412863896962,5.470463114498705,5.487127974857463,5.754234837693244,5.789094834089354,0.388671875,0.39306640625,3.576171875,3.513671875,0.27848063895611624,0.1804382245045947,0.34042012300310703,0.2820352933256885,6.658211482751794,3.8414006140701806,0.5769418144829722,3.186646652398159,2.0785588639129005,0.6522715225890042,6.5731421348723975,3.346550076876542,0.5091248611713625
25,test,,6.4796319007873535,78.8125,81.0625,1.0,2.21484375,2.7578125,138,10,6.13671875,8.703125,6.121338051092499,6.121516307601041,6.127225862739066,6.15575849522151,5.972475219316868,5.988085626280879,6.381487797551321,6.266904614084391,0.294921875,0.3193359375,3.42578125,3.3671875,5.3046875,0.20657522446387358,0.17727999480730688,0.22056267003541058,0.21832544442357088,6.658211482751794,3.4204257253773633,0.5137153925251597,3.186646652398159,1.9149814047016829,0.6009393615261782,6.574577505491341,3.0635722250308755,0.46597248606044445,134,10,5.73046875,9.515625,5.735148836945916,5.735332537016546,5.739022012460694,5.771394745599634,5.5128252507879125,5.529240542306274,5.791728090431294,5.8269858056884445,0.397705078125,0.397216796875,3.521484375,3.41796875,0.27451324283121725,0.19408296834527292,0.3584308534850208,0.28961551063222,6.658211482751794,3.9131729919529246,0.5877213425992946,3.186646652398159,2.189045456668838,0.6869432652727402,6.574577505491341,3.478284241544154,0.5290506102694746
