epoch,phase,condition,loss,accuracy,accuracy_nn,temperature,temperature_nn,length,length_nn,lexicon_size,actual_vocab_size,entropy_msg_as_a_whole,entropy_msg,entropy_max,max_rep,redundancy,KLD_train_test,KLD_test_train,topsim,posdis,bosdis,entropy_attr,entropy_shape,mutual_info_msg_shape,variation_of_info_msg_shape,proficiency_msg_shape,redundancy_msg_shape,entropy_color,mutual_info_msg_color,variation_of_info_msg_color,proficiency_msg_color,redundancy_msg_color,entropy_xpos,mutual_info_msg_xpos,variation_of_info_msg_xpos,proficiency_msg_xpos,redundancy_msg_xpos,entropy_ypos,mutual_info_msg_ypos,variation_of_info_msg_ypos,proficiency_msg_ypos,redundancy_msg_ypos,entropy_rotation,mutual_info_msg_rotation,variation_of_info_msg_rotation,proficiency_msg_rotation,redundancy_msg_rotation,lexicon_size_nn,actual_vocab_size_nn,max_rep_nn,entropy_whole_msg_nn,entropy_msg_nn,entropy_max_nn,redundancy_nn,KLD_train_test_nn,KLD_test_train_nn,entropy_shape_nn,mutual_info_msg_shape_nn,variation_of_info_msg_shape_nn,proficiency_msg_shape_nn,redundancy_msg_shape_nn,entropy_color_nn,mutual_info_msg_color_nn,variation_of_info_msg_color_nn,proficiency_msg_color_nn,redundancy_msg_color_nn,entropy_xpos_nn,mutual_info_msg_xpos_nn,variation_of_info_msg_xpos_nn,proficiency_msg_xpos_nn,redundancy_msg_xpos_nn,entropy_ypos_nn,mutual_info_msg_ypos_nn,variation_of_info_msg_ypos_nn,proficiency_msg_ypos_nn,redundancy_msg_ypos_nn,entropy_rotation_nn,mutual_info_msg_rotation_nn,variation_of_info_msg_rotation_nn,proficiency_msg_rotation_nn,redundancy_msg_rotation_nn,topsim_nn,posdis_nn,bosdis_nn
1,train,noise,1.6200125217437744,21.140625,21.140625,1.6376953125,1.6376953125,0.1380615234375,0.1380615234375,114,11,0.352547260476457,0.73388671875,0.734375,0.038543701171875,0.0006737709045410156,,,0.057600663939630696,0.0,0.0,10.086825667978509,2.563472392503777,0.0008335113525390625,3.294921875,0.00032520294189453125,0.00025272369384765625,2.9309428088276515,0.0004124641418457031,3.6640625,0.00014078617095947266,0.0001125335693359375,2.3208749086533187,0.0009088516235351562,3.052734375,0.0003917217254638672,0.00029754638671875,2.320484016375942,0.0002396106719970703,3.0546875,0.00010323524475097656,7.843971252441406e-05,1.2708642824277918,0.00034332275390625,2.00390625,0.0002701282501220703,0.00017130374908447266,92,10,0.0276031494140625,0.29345935436708004,0.74169921875,0.7421875,0.0009522438049316406,,,2.563472392503777,0.0008339881896972656,3.302734375,0.0003254413604736328,0.0002522468566894531,2.9309428088276515,0.0004131793975830078,3.671875,0.00014102458953857422,0.00011247396469116211,2.3208749086533187,0.0009088516235351562,3.060546875,0.0003917217254638672,0.0002968311309814453,2.320484016375942,0.00024008750915527344,3.0625,0.00010347366333007812,7.838010787963867e-05,1.2708642824277918,0.00034332275390625,2.01171875,0.0002701282501220703,0.00017058849334716797,0.057600663939630696,0.0,0.0
2,train,noise,1.6146036386489868,22.46875,22.46875,1.583984375,1.583984375,0.0036106109619140625,0.0036106109619140625,2,2,0.0024191706416712465,0.0234222412109375,0.0234375,0.0001735687255859375,0.0008707046508789062,,,0.05759383557223295,0.0,0.0,10.086825667978507,2.563472392503777,0.0,2.5859375,0.0,0.0,2.9309428088276515,2.384185791015625e-07,2.955078125,5.960464477539063e-08,5.960464477539063e-08,2.3208749086533187,0.0,2.34375,0.0,0.0,2.320484016375942,2.384185791015625e-07,2.34375,1.1920928955078125e-07,1.1920928955078125e-07,1.2708642824277918,0.0,1.2939453125,0.0,0.0,2,2,0.0001735687255859375,0.0024191706416712465,0.023529052734375,0.0235595703125,0.0012359619140625,,,2.563472392503777,0.0,2.587890625,0.0,0.0,2.9309428088276515,4.76837158203125e-07,2.955078125,1.7881393432617188e-07,1.7881393432617188e-07,2.3208749086533187,-2.384185791015625e-07,2.34375,-1.1920928955078125e-07,-1.1920928955078125e-07,2.320484016375942,2.384185791015625e-07,2.34375,1.1920928955078125e-07,1.1920928955078125e-07,1.2708642824277918,-1.1920928955078125e-07,1.2939453125,-1.1920928955078125e-07,-1.1920928955078125e-07,0.05759383557223295,0.0,0.0
3,train,noise,1.6118907928466797,22.53125,22.53125,1.5595703125,1.5595703125,0.0011148452758789062,0.0011148452758789062,1,1,0.0,0.00788116455078125,0.0078887939453125,0.0,0.0008897781372070312,,,0.05765543490634985,0.0,0.0,10.086825667978504,2.563472392503777,0.0,2.572265625,0.0,0.0,2.9309428088276523,-4.76837158203125e-07,2.939453125,-1.7881393432617188e-07,-1.7881393432617188e-07,2.3208749086533187,-2.384185791015625e-07,2.328125,-1.1920928955078125e-07,-1.1920928955078125e-07,2.320484016375942,0.0,2.328125,0.0,0.0,1.2708642824277918,3.5762786865234375e-07,1.2783203125,2.980232238769531e-07,2.980232238769531e-07,1,1,0.0,0.0,0.00791168212890625,0.0079193115234375,0.0012788772583007812,,,2.563472392503777,-7.152557373046875e-07,2.572265625,-2.980232238769531e-07,-2.980232238769531e-07,2.9309428088276523,-4.76837158203125e-07,2.939453125,-1.7881393432617188e-07,-1.7881393432617188e-07,2.3208749086533187,-2.384185791015625e-07,2.328125,-1.1920928955078125e-07,-1.1920928955078125e-07,2.320484016375942,-4.76837158203125e-07,2.328125,-1.7881393432617188e-07,-1.7881393432617188e-07,1.2708642824277918,-7.152557373046875e-07,1.2783203125,-5.364418029785156e-07,-5.364418029785156e-07,0.05765543490634985,0.0,0.0
4,train,noise,1.6078028678894043,23.25,23.25,1.537109375,1.537109375,0.0003962516784667969,0.0003962516784667969,1,1,0.0,0.002948760986328125,0.00295257568359375,0.0,0.0012979507446289062,,,0.05765093408034547,0.0,0.0,10.086825667978482,2.563472392503777,-4.76837158203125e-07,2.56640625,-1.7881393432617188e-07,-1.7881393432617188e-07,2.9309428088276515,-9.5367431640625e-07,2.93359375,-2.980232238769531e-07,-2.980232238769531e-07,2.3208749086533187,-4.76837158203125e-07,2.32421875,-1.7881393432617188e-07,-1.7881393432617188e-07,2.320484016375942,-9.5367431640625e-07,2.32421875,-4.172325134277344e-07,-4.172325134277344e-07,1.2708642824277918,-3.5762786865234375e-07,1.2734375,-2.980232238769531e-07,-2.980232238769531e-07,1,1,0.0,0.0,0.002960205078125,0.002964019775390625,0.0011892318725585938,,,2.563472392503777,2.384185791015625e-07,2.56640625,1.1920928955078125e-07,1.1920928955078125e-07,2.9309428088276515,4.76837158203125e-07,2.93359375,1.7881393432617188e-07,1.7881393432617188e-07,2.3208749086533187,4.76837158203125e-07,2.32421875,1.7881393432617188e-07,1.7881393432617188e-07,2.320484016375942,2.384185791015625e-07,2.32421875,1.1920928955078125e-07,1.1920928955078125e-07,1.2708642824277918,1.1920928955078125e-07,1.2734375,1.1920928955078125e-07,1.1920928955078125e-07,0.05765093408034547,0.0,0.0
5,train,noise,1.606221318244934,23.640625,23.640625,1.5263671875,1.5263671875,0.00014793872833251953,0.00014793872833251953,1,1,0.0,0.0011854171752929688,0.001186370849609375,0.0,0.0007066726684570312,,,0.057650997883407586,0.0,0.0,10.086825667978506,2.563472392503777,-4.76837158203125e-07,2.564453125,-1.7881393432617188e-07,-1.7881393432617188e-07,2.9309428088276515,-4.76837158203125e-07,2.931640625,-1.7881393432617188e-07,-1.7881393432617188e-07,2.3208749086533187,-4.76837158203125e-07,2.322265625,-1.7881393432617188e-07,-1.7881393432617188e-07,2.320484016375942,-7.152557373046875e-07,2.322265625,-2.980232238769531e-07,-2.980232238769531e-07,1.2708642824277918,-2.384185791015625e-07,1.2724609375,-1.7881393432617188e-07,-1.7881393432617188e-07,1,1,0.0,0.0,0.001190185546875,0.0011911392211914062,0.001018524169921875,,,2.563472392503777,-7.152557373046875e-07,2.564453125,-2.980232238769531e-07,-2.980232238769531e-07,2.9309428088276515,-4.76837158203125e-07,2.931640625,-1.7881393432617188e-07,-1.7881393432617188e-07,2.3208749086533187,-7.152557373046875e-07,2.322265625,-2.980232238769531e-07,-2.980232238769531e-07,2.320484016375942,-7.152557373046875e-07,2.322265625,-2.980232238769531e-07,-2.980232238769531e-07,1.2708642824277918,-3.5762786865234375e-07,1.2724609375,-2.980232238769531e-07,-2.980232238769531e-07,0.057650997883407586,0.0,0.0
6,train,noise,1.6022008657455444,23.34375,23.34375,1.517578125,1.517578125,5.650520324707031e-05,5.650520324707031e-05,1,1,0.0,0.0005049705505371094,0.0005040168762207031,0.0,-0.0022430419921875,,,0.05765090821528356,0.0,0.0,10.086825667978516,2.563472392503777,4.76837158203125e-07,2.564453125,1.7881393432617188e-07,1.7881393432617188e-07,2.9309428088276515,7.152557373046875e-07,2.931640625,2.384185791015625e-07,2.384185791015625e-07,2.3208749086533187,4.76837158203125e-07,2.322265625,1.7881393432617188e-07,1.7881393432617188e-07,2.320484016375942,7.152557373046875e-07,2.3203125,2.980232238769531e-07,2.980232238769531e-07,1.2708642824277918,2.384185791015625e-07,1.271484375,1.7881393432617188e-07,1.7881393432617188e-07,1,1,0.0,0.0,0.0005068778991699219,0.0005059242248535156,-0.0019683837890625,,,2.563472392503777,4.76837158203125e-07,2.564453125,1.7881393432617188e-07,1.7881393432617188e-07,2.9309428088276515,2.384185791015625e-07,2.931640625,5.960464477539063e-08,5.960464477539063e-08,2.3208749086533187,2.384185791015625e-07,2.322265625,1.1920928955078125e-07,1.1920928955078125e-07,2.320484016375942,4.76837158203125e-07,2.3203125,1.7881393432617188e-07,1.7881393432617188e-07,1.2708642824277918,1.1920928955078125e-07,1.271484375,1.1920928955078125e-07,1.1920928955078125e-07,0.05765090821528356,0.0,0.0
7,train,noise,1.5986958742141724,24.28125,24.28125,1.5107421875,1.5107421875,2.491474151611328e-05,2.491474151611328e-05,1,1,0.0,0.000213623046875,0.00021529197692871094,0.0,0.00772857666015625,,,0.057711241745720836,0.0,0.0,10.086825667978497,2.563472392503777,7.152557373046875e-07,2.564453125,2.980232238769531e-07,2.980232238769531e-07,2.9309428088276523,7.152557373046875e-07,2.931640625,2.384185791015625e-07,2.384185791015625e-07,2.3208749086533187,7.152557373046875e-07,2.3203125,2.980232238769531e-07,2.980232238769531e-07,2.320484016375942,9.5367431640625e-07,2.3203125,4.172325134277344e-07,4.172325134277344e-07,1.2708642824277918,1.1920928955078125e-06,1.271484375,9.5367431640625e-07,9.5367431640625e-07,1,1,0.0,0.0,0.0002142190933227539,,,,,2.563472392503777,0.0,2.564453125,0.0,0.0,2.9309428088276523,0.0,2.931640625,0.0,0.0,2.3208749086533187,2.384185791015625e-07,2.3203125,1.1920928955078125e-07,1.1920928955078125e-07,2.320484016375942,-2.384185791015625e-07,2.3203125,-1.1920928955078125e-07,-1.1920928955078125e-07,1.2708642824277918,2.384185791015625e-07,1.271484375,1.7881393432617188e-07,1.7881393432617188e-07,0.057711241745720836,0.0,0.0
8,train,noise,1.590734839439392,24.0,24.0,1.50390625,1.50390625,1.0251998901367188e-05,1.0251998901367188e-05,1,1,0.0,8.881092071533203e-05,,0.0,,,,0.05766365518302262,0.0,0.0,10.086825667978516,2.563472392503777,0.0,2.564453125,0.0,0.0,2.9309428088276515,2.384185791015625e-07,2.931640625,5.960464477539063e-08,5.960464477539063e-08,2.3208749086533187,2.384185791015625e-07,2.3203125,1.1920928955078125e-07,1.1920928955078125e-07,2.320484016375942,2.384185791015625e-07,2.3203125,1.1920928955078125e-07,1.1920928955078125e-07,1.2708642824277918,-1.1920928955078125e-07,1.2705078125,-1.1920928955078125e-07,-1.1920928955078125e-07,1,1,0.0,0.0,8.916854858398438e-05,9.006261825561523e-05,0.00986480712890625,,,2.563472392503777,2.384185791015625e-07,2.564453125,1.1920928955078125e-07,1.1920928955078125e-07,2.9309428088276515,-2.384185791015625e-07,2.931640625,-5.960464477539063e-08,-5.960464477539063e-08,2.3208749086533187,0.0,2.3203125,0.0,0.0,2.320484016375942,0.0,2.3203125,0.0,0.0,1.2708642824277918,0.0,1.2705078125,0.0,0.0,0.05766365518302262,0.0,0.0
9,train,noise,1.5840214490890503,24.6875,24.6875,1.4970703125,1.4970703125,4.470348358154297e-06,4.470348358154297e-06,1,1,0.0,4.178285598754883e-05,,0.0,,,,0.057651244933898955,0.0,0.0,10.086825667978498,2.563472392503777,0.0,2.564453125,0.0,0.0,2.9309428088276515,0.0,2.931640625,0.0,0.0,2.3208749086533187,0.0,2.3203125,0.0,0.0,2.320484016375942,0.0,2.3203125,0.0,0.0,1.2708642824277918,-1.1920928955078125e-07,1.2705078125,-1.1920928955078125e-07,-1.1920928955078125e-07,1,1,0.0,0.0,4.202127456665039e-05,,,,,2.563472392503777,2.384185791015625e-07,2.564453125,1.1920928955078125e-07,1.1920928955078125e-07,2.9309428088276515,2.384185791015625e-07,2.931640625,5.960464477539063e-08,5.960464477539063e-08,2.3208749086533187,2.384185791015625e-07,2.3203125,1.1920928955078125e-07,1.1920928955078125e-07,2.320484016375942,-2.384185791015625e-07,2.3203125,-1.1920928955078125e-07,-1.1920928955078125e-07,1.2708642824277918,-1.1920928955078125e-07,1.2705078125,-1.1920928955078125e-07,-1.1920928955078125e-07,0.057651244933898955,0.0,0.0
10,train,noise,1.5826311111450195,24.359375,24.359375,1.4912109375,1.4912109375,2.0265579223632812e-06,2.0265579223632812e-06,1,1,0.0,2.181529998779297e-05,2.3424625396728516e-05,0.0,0.069091796875,,,0.05763608948527398,0.0,0.0,10.086825667978516,2.563472392503777,-7.152557373046875e-07,2.564453125,-2.980232238769531e-07,-2.980232238769531e-07,2.9309428088276523,-9.5367431640625e-07,2.931640625,-2.980232238769531e-07,-2.980232238769531e-07,2.3208749086533187,-4.76837158203125e-07,2.3203125,-1.7881393432617188e-07,-1.7881393432617188e-07,2.320484016375942,-7.152557373046875e-07,2.3203125,-2.980232238769531e-07,-2.980232238769531e-07,1.2708642824277918,-2.384185791015625e-07,1.2705078125,-1.7881393432617188e-07,-1.7881393432617188e-07,1,1,0.0,0.0,2.1159648895263672e-05,,,,,2.563472392503777,0.0,2.564453125,0.0,0.0,2.9309428088276523,2.384185791015625e-07,2.931640625,5.960464477539063e-08,5.960464477539063e-08,2.3208749086533187,2.384185791015625e-07,2.3203125,1.1920928955078125e-07,1.1920928955078125e-07,2.320484016375942,2.384185791015625e-07,2.3203125,1.1920928955078125e-07,1.1920928955078125e-07,1.2708642824277918,0.0,1.2705078125,0.0,0.0,0.05763608948527398,0.0,0.0
11,train,noise,1.5789144039154053,24.703125,24.703125,1.484375,1.484375,8.940696716308594e-07,8.940696716308594e-07,1,1,0.0,,,0.0,,,,0.057621445596339985,0.0,0.0,10.086825667978504,2.563472392503777,,,,,2.9309428088276515,,,,,2.3208749086533187,,,,,2.320484016375942,,,,,1.2708642824277918,,,,,1,1,0.0,0.0,,,,,,2.563472392503777,,,,,2.9309428088276515,,,,,2.3208749086533187,,,,,2.320484016375942,,,,,1.2708642824277918,,,,,0.057621445596339985,0.0,0.0
12,train,noise,1.5793757438659668,24.578125,24.578125,1.4794921875,1.4794921875,4.172325134277344e-07,4.172325134277344e-07,1,1,0.0,,,0.0,,,,0.05766686973687939,0.0,0.0,10.086825667978506,2.563472392503777,,,,,2.9309428088276515,,,,,2.3208749086533187,,,,,2.320484016375942,,,,,1.2708642824277918,,,,,1,1,0.0,0.0,,,,,,2.563472392503777,,,,,2.9309428088276515,,,,,2.3208749086533187,,,,,2.320484016375942,,,,,1.2708642824277918,,,,,0.05766686973687939,0.0,0.0
13,train,noise,1.5745422840118408,26.359375,26.359375,1.474609375,1.474609375,1.7881393432617188e-07,1.7881393432617188e-07,1,1,0.0,,,0.0,,,,0.05759964524507905,0.0,0.0,10.086825667978498,2.563472392503777,,,,,2.9309428088276515,,,,,2.3208749086533187,,,,,2.320484016375942,,,,,1.2708642824277918,,,,,1,1,0.0,0.0,,,,,,2.563472392503777,,,,,2.9309428088276515,,,,,2.3208749086533187,,,,,2.320484016375942,,,,,1.2708642824277918,,,,,0.05759964524507905,0.0,0.0
14,train,noise,1.5752651691436768,26.34375,26.34375,1.4697265625,1.4697265625,1.1920928955078125e-07,1.1920928955078125e-07,1,1,0.0,,,0.0,,,,0.057645571727336045,0.0,0.0,10.086825667978493,2.563472392503777,,,,,2.9309428088276523,,,,,2.3208749086533187,,,,,2.320484016375942,,,,,1.2708642824277918,,,,,1,1,0.0,0.0,,,,,,2.563472392503777,,,,,2.9309428088276523,,,,,2.3208749086533187,,,,,2.320484016375942,,,,,1.2708642824277918,,,,,0.057645571727336045,0.0,0.0
15,train,noise,1.5702723264694214,27.53125,27.53125,1.4658203125,1.4658203125,5.960464477539063e-08,5.960464477539063e-08,1,1,0.0,,,0.0,,,,0.05763579001614097,0.0,0.0,10.086825667978495,2.563472392503777,,,,,2.9309428088276515,,,,,2.3208749086533187,,,,,2.320484016375942,,,,,1.2708642824277918,,,,,1,1,0.0,0.0,,,,,,2.563472392503777,,,,,2.9309428088276515,,,,,2.3208749086533187,,,,,2.320484016375942,,,,,1.2708642824277918,,,,,0.05763579001614097,0.0,0.0
16,train,noise,1.5662003755569458,27.0,27.0,1.462890625,1.462890625,0.0,0.0,1,1,0.0,,,0.0,,,,0.05761485471440671,0.0,0.0,10.086825667978506,2.563472392503777,,,,,2.9309428088276523,,,,,2.3208749086533187,,,,,2.320484016375942,,,,,1.2708642824277918,,,,,1,1,0.0,0.0,,,,,,2.563472392503777,,,,,2.9309428088276523,,,,,2.3208749086533187,,,,,2.320484016375942,,,,,1.2708642824277918,,,,,0.05761485471440671,0.0,0.0
17,train,noise,1.5631320476531982,27.546875,27.546875,1.4599609375,1.4599609375,0.0,0.0,1,1,0.0,,,0.0,,,,0.05761699233217161,0.0,0.0,10.0868256679785,2.563472392503777,,,,,2.9309428088276515,,,,,2.3208749086533187,,,,,2.320484016375942,,,,,1.2708642824277918,,,,,1,1,0.0,0.0,,,,,,2.563472392503777,,,,,2.9309428088276515,,,,,2.3208749086533187,,,,,2.320484016375942,,,,,1.2708642824277918,,,,,0.05761699233217161,0.0,0.0
18,train,noise,1.5598677396774292,27.125,27.125,1.45703125,1.45703125,0.0,0.0,1,1,0.0,,,0.0,,,,0.05760249171515202,0.0,0.0,10.086825667978495,2.563472392503777,,,,,2.930942808827651,,,,,2.3208749086533187,,,,,2.320484016375942,,,,,1.2708642824277918,,,,,1,1,0.0,0.0,,,,,,2.563472392503777,,,,,2.930942808827651,,,,,2.3208749086533187,,,,,2.320484016375942,,,,,1.2708642824277918,,,,,0.05760249171515202,0.0,0.0
19,train,noise,1.5555694103240967,27.15625,27.15625,1.455078125,1.455078125,0.0,0.0,1,1,0.0,,,0.0,,,,0.05762922207975808,0.0,0.0,10.08682566797849,2.563472392503777,,,,,2.9309428088276523,,,,,2.3208749086533187,,,,,2.320484016375942,,,,,1.2708642824277918,,,,,1,1,0.0,0.0,,,,,,2.563472392503777,,,,,2.9309428088276523,,,,,2.3208749086533187,,,,,2.320484016375942,,,,,1.2708642824277918,,,,,0.05762922207975808,0.0,0.0
20,train,noise,1.5547765493392944,27.484375,27.484375,1.453125,1.453125,0.0,0.0,1,1,0.0,,,0.0,,,,0.05763646048323511,0.0,0.0,10.086825667978502,2.563472392503777,,,,,2.9309428088276515,,,,,2.3208749086533187,,,,,2.320484016375942,,,,,1.2708642824277918,,,,,1,1,0.0,0.0,,,,,,2.563472392503777,,,,,2.9309428088276515,,,,,2.3208749086533187,,,,,2.320484016375942,,,,,1.2708642824277918,,,,,0.05763646048323511,0.0,0.0
21,train,noise,1.5517981052398682,27.5625,27.5625,1.4521484375,1.4521484375,0.0,0.0,1,1,0.0,,,0.0,,,,0.05766040054444837,0.0,0.0,10.086825667978514,2.563472392503777,,,,,2.9309428088276523,,,,,2.3208749086533187,,,,,2.320484016375942,,,,,1.2708642824277918,,,,,1,1,0.0,0.0,,,,,,2.563472392503777,,,,,2.9309428088276523,,,,,2.3208749086533187,,,,,2.320484016375942,,,,,1.2708642824277918,,,,,0.05766040054444837,0.0,0.0
22,train,noise,1.5454418659210205,27.796875,27.796875,1.451171875,1.451171875,0.0,0.0,1,1,0.0,,,0.0,,,,0.05765168555304864,0.0,0.0,10.086825667978507,2.563472392503777,,,,,2.9309428088276523,,,,,2.3208749086533187,,,,,2.320484016375942,,,,,1.2708642824277918,,,,,1,1,0.0,0.0,,,,,,2.563472392503777,,,,,2.9309428088276523,,,,,2.3208749086533187,,,,,2.320484016375942,,,,,1.2708642824277918,,,,,0.05765168555304864,0.0,0.0
23,train,noise,1.5377204418182373,28.78125,28.78125,1.4501953125,1.4501953125,0.0,0.0,1,1,0.0,,,0.0,,,,0.05759038237998982,0.0,0.0,10.0868256679785,2.563472392503777,,,,,2.9309428088276515,,,,,2.3208749086533187,,,,,2.320484016375942,,,,,1.2708642824277918,,,,,1,1,0.0,0.0,,,,,,2.563472392503777,,,,,2.9309428088276515,,,,,2.3208749086533187,,,,,2.320484016375942,,,,,1.2708642824277918,,,,,0.05759038237998982,0.0,0.0
24,train,noise,1.5349936485290527,28.296875,28.296875,1.44921875,1.44921875,0.0,0.0,1,1,0.0,,,0.0,,,,0.0576481630140788,0.0,0.0,10.086825667978495,2.563472392503777,,,,,2.9309428088276515,,,,,2.3208749086533187,,,,,2.320484016375942,,,,,1.2708642824277918,,,,,1,1,0.0,0.0,,,,,,2.563472392503777,,,,,2.9309428088276515,,,,,2.3208749086533187,,,,,2.320484016375942,,,,,1.2708642824277918,,,,,0.0576481630140788,0.0,0.0
25,train,noise,1.5316351652145386,28.0625,28.0625,1.4482421875,1.4482421875,0.0,0.0,1,1,0.0,,,0.0,,,,0.0576375106609652,0.0,0.0,10.08682566797851,2.563472392503777,,,,,2.9309428088276515,,,,,2.3208749086533187,,,,,2.320484016375942,,,,,1.2708642824277918,,,,,1,1,0.0,0.0,,,,,,2.563472392503777,,,,,2.9309428088276515,,,,,2.3208749086533187,,,,,2.320484016375942,,,,,1.2708642824277918,,,,,0.0576375106609652,0.0,0.0
26,train,noise,1.5276684761047363,28.875,28.875,1.447265625,1.447265625,0.0,0.0,1,1,0.0,,,0.0,,,,0.05768475333276571,0.0,0.0,10.086825667978502,2.563472392503777,,,,,2.9309428088276515,,,,,2.3208749086533187,,,,,2.320484016375942,,,,,1.2708642824277918,,,,,1,1,0.0,0.0,,,,,,2.563472392503777,,,,,2.9309428088276515,,,,,2.3208749086533187,,,,,2.320484016375942,,,,,1.2708642824277918,,,,,0.05768475333276571,0.0,0.0
27,train,noise,1.5201122760772705,29.15625,29.15625,1.4462890625,1.4462890625,0.0,0.0,1,1,0.0,,,0.0,,,,0.057687983682135346,0.0,0.0,10.086825667978522,2.563472392503777,,,,,2.9309428088276515,,,,,2.3208749086533187,,,,,2.320484016375942,,,,,1.2708642824277918,,,,,1,1,0.0,0.0,,,,,,2.563472392503777,,,,,2.9309428088276515,,,,,2.3208749086533187,,,,,2.320484016375942,,,,,1.2708642824277918,,,,,0.057687983682135346,0.0,0.0
28,train,noise,1.5250096321105957,29.25,29.25,1.4453125,1.4453125,0.0,0.0,1,1,0.0,,,0.0,,,,0.057648553283855174,0.0,0.0,10.086825667978493,2.563472392503777,,,,,2.9309428088276515,,,,,2.3208749086533187,,,,,2.320484016375942,,,,,1.2708642824277918,,,,,1,1,0.0,0.0,,,,,,2.563472392503777,,,,,2.9309428088276515,,,,,2.3208749086533187,,,,,2.320484016375942,,,,,1.2708642824277918,,,,,0.057648553283855174,0.0,0.0
29,train,noise,1.517837643623352,29.640625,29.640625,1.4443359375,1.4443359375,0.0,0.0,1,1,0.0,,,0.0,,,,0.057660360476752125,0.0,0.0,10.086825667978507,2.563472392503777,,,,,2.9309428088276523,,,,,2.3208749086533187,,,,,2.320484016375942,,,,,1.2708642824277918,,,,,1,1,0.0,0.0,,,,,,2.563472392503777,,,,,2.9309428088276523,,,,,2.3208749086533187,,,,,2.320484016375942,,,,,1.2708642824277918,,,,,0.057660360476752125,0.0,0.0
30,train,noise,1.518829345703125,29.484375,29.484375,1.4443359375,1.4443359375,0.0,0.0,1,1,0.0,,,0.0,,,,0.057647392028599524,0.0,0.0,10.086825667978504,2.563472392503777,,,,,2.9309428088276515,,,,,2.3208749086533187,,,,,2.320484016375942,,,,,1.2708642824277918,,,,,1,1,0.0,0.0,,,,,,2.563472392503777,,,,,2.9309428088276515,,,,,2.3208749086533187,,,,,2.320484016375942,,,,,1.2708642824277918,,,,,0.057647392028599524,0.0,0.0
1,test,,1.6321302652359009,16.109375,16.109375,1.59765625,1.59765625,0.0,0.0,1,1,0.0,0.041229248046875,0.04107666015625,0.0,-0.004016876220703125,1.55078125,0.10302734375,0.09471989376028901,0.0,0.0,7.636670024069179,2.4182958340544896,4.76837158203125e-07,2.458984375,1.7881393432617188e-07,1.7881393432617188e-07,2.355388542207534,-2.384185791015625e-07,2.396484375,-1.1920928955078125e-07,-1.1920928955078125e-07,2.319307477702782,2.384185791015625e-07,2.361328125,1.1920928955078125e-07,1.1920928955078125e-07,2.311953534941322,2.384185791015625e-07,2.353515625,1.1920928955078125e-07,1.1920928955078125e-07,1.1056653279779598,1.1920928955078125e-07,1.146484375,1.1920928955078125e-07,1.1920928955078125e-07,1,1,0.0,0.0,0.041229248046875,0.041290283203125,0.0014047622680664062,1.197265625,0.10302734375,2.4182958340544896,4.76837158203125e-07,2.458984375,1.7881393432617188e-07,1.7881393432617188e-07,2.355388542207534,-2.384185791015625e-07,2.396484375,-1.1920928955078125e-07,-1.1920928955078125e-07,2.319307477702782,2.384185791015625e-07,2.361328125,1.1920928955078125e-07,1.1920928955078125e-07,2.311953534941322,2.384185791015625e-07,2.353515625,1.1920928955078125e-07,1.1920928955078125e-07,1.1056653279779598,1.1920928955078125e-07,1.146484375,1.1920928955078125e-07,1.1920928955078125e-07,0.09471989376028901,0.0,0.0
2,test,,1.6372027397155762,16.390625,16.390625,1.572265625,1.572265625,0.0,0.0,1,1,0.0,0.012176513671875,0.0121307373046875,0.0,-0.003658294677734375,0.0289459228515625,0.01300811767578125,0.09471989376028901,0.0,0.0,7.636670024069179,2.4182958340544896,2.384185791015625e-07,2.4296875,1.1920928955078125e-07,1.1920928955078125e-07,2.355388542207534,4.76837158203125e-07,2.3671875,1.7881393432617188e-07,1.7881393432617188e-07,2.319307477702782,2.384185791015625e-07,2.33203125,1.1920928955078125e-07,1.1920928955078125e-07,2.311953534941322,0.0,2.32421875,0.0,0.0,1.1056653279779598,-1.1920928955078125e-07,1.1181640625,-1.1920928955078125e-07,-1.1920928955078125e-07,1,1,0.0,0.0,0.012176513671875,0.01218414306640625,0.0010471343994140625,0.0240325927734375,0.01300811767578125,2.4182958340544896,2.384185791015625e-07,2.4296875,1.1920928955078125e-07,1.1920928955078125e-07,2.355388542207534,4.76837158203125e-07,2.3671875,1.7881393432617188e-07,1.7881393432617188e-07,2.319307477702782,2.384185791015625e-07,2.33203125,1.1920928955078125e-07,1.1920928955078125e-07,2.311953534941322,0.0,2.32421875,0.0,0.0,1.1056653279779598,-1.1920928955078125e-07,1.1181640625,-1.1920928955078125e-07,-1.1920928955078125e-07,0.09471989376028901,0.0,0.0
3,test,,1.6705713272094727,20.5625,20.5625,1.544921875,1.544921875,0.0,0.0,1,1,0.0,0.0045928955078125,0.004581451416015625,0.0,-0.00257110595703125,0.009246826171875,0.004825592041015625,0.09471989376028901,0.0,0.0,7.636670024069179,2.4182958340544896,4.76837158203125e-07,2.423828125,1.7881393432617188e-07,1.7881393432617188e-07,2.355388542207534,4.76837158203125e-07,2.359375,1.7881393432617188e-07,1.7881393432617188e-07,2.319307477702782,0.0,2.32421875,0.0,0.0,2.311953534941322,-2.384185791015625e-07,2.31640625,-1.1920928955078125e-07,-1.1920928955078125e-07,1.1056653279779598,0.0,1.1103515625,0.0,0.0,1,1,0.0,0.0,0.0045928955078125,0.00460052490234375,0.0016851425170898438,0.00801849365234375,0.004825592041015625,2.4182958340544896,4.76837158203125e-07,2.423828125,1.7881393432617188e-07,1.7881393432617188e-07,2.355388542207534,4.76837158203125e-07,2.359375,1.7881393432617188e-07,1.7881393432617188e-07,2.319307477702782,0.0,2.32421875,0.0,0.0,2.311953534941322,-2.384185791015625e-07,2.31640625,-1.1920928955078125e-07,-1.1920928955078125e-07,1.1056653279779598,0.0,1.1103515625,0.0,0.0,0.09471989376028901,0.0,0.0
4,test,,1.6827045679092407,14.71875,14.71875,1.5302734375,1.5302734375,0.0,0.0,1,1,0.0,0.0017652511596679688,0.0017604827880859375,0.0,-0.00234222412109375,0.00333404541015625,0.001842498779296875,0.09471989376028901,0.0,0.0,7.636670024069179,2.4182958340544896,2.384185791015625e-07,2.419921875,1.1920928955078125e-07,1.1920928955078125e-07,2.355388542207534,0.0,2.357421875,0.0,0.0,2.319307477702782,0.0,2.3203125,0.0,0.0,2.311953534941322,0.0,2.314453125,0.0,0.0,1.1056653279779598,-1.1920928955078125e-07,1.107421875,-1.1920928955078125e-07,-1.1920928955078125e-07,1,1,0.0,0.0,0.0017652511596679688,0.0017681121826171875,0.001556396484375,0.002994537353515625,0.001842498779296875,2.4182958340544896,2.384185791015625e-07,2.419921875,1.1920928955078125e-07,1.1920928955078125e-07,2.355388542207534,0.0,2.357421875,0.0,0.0,2.319307477702782,0.0,2.3203125,0.0,0.0,2.311953534941322,0.0,2.314453125,0.0,0.0,1.1056653279779598,-1.1920928955078125e-07,1.107421875,-1.1920928955078125e-07,-1.1920928955078125e-07,0.09471989376028901,0.0,0.0
5,test,,1.70722496509552,14.4453125,14.4453125,1.5224609375,1.5224609375,0.0,0.0,1,1,0.0,0.0007572174072265625,,0.0,,0.001300811767578125,0.0007843971252441406,0.09471989376028901,0.0,0.0,7.636670024069179,2.4182958340544896,2.384185791015625e-07,2.419921875,1.1920928955078125e-07,1.1920928955078125e-07,2.355388542207534,2.384185791015625e-07,2.35546875,1.1920928955078125e-07,1.1920928955078125e-07,2.319307477702782,-2.384185791015625e-07,2.3203125,-1.1920928955078125e-07,-1.1920928955078125e-07,2.311953534941322,0.0,2.3125,0.0,0.0,1.1056653279779598,-1.1920928955078125e-07,1.1064453125,-1.1920928955078125e-07,-1.1920928955078125e-07,1,1,0.0,0.0,0.0007572174072265625,,,0.0012006759643554688,0.0007843971252441406,2.4182958340544896,2.384185791015625e-07,2.419921875,1.1920928955078125e-07,1.1920928955078125e-07,2.355388542207534,2.384185791015625e-07,2.35546875,1.1920928955078125e-07,1.1920928955078125e-07,2.319307477702782,-2.384185791015625e-07,2.3203125,-1.1920928955078125e-07,-1.1920928955078125e-07,2.311953534941322,0.0,2.3125,0.0,0.0,1.1056653279779598,-1.1920928955078125e-07,1.1064453125,-1.1920928955078125e-07,-1.1920928955078125e-07,0.09471989376028901,0.0,0.0
6,test,,1.7228279113769531,17.78125,17.78125,1.513671875,1.513671875,0.0,0.0,1,1,0.0,0.00033545494079589844,,0.0,,0.0005402565002441406,0.0003466606140136719,0.09471989376028901,0.0,0.0,7.636670024069179,2.4182958340544896,-2.384185791015625e-07,2.41796875,-1.1920928955078125e-07,-1.1920928955078125e-07,2.355388542207534,0.0,2.35546875,0.0,0.0,2.319307477702782,0.0,2.3203125,0.0,0.0,2.311953534941322,0.0,2.3125,0.0,0.0,1.1056653279779598,0.0,1.1064453125,0.0,0.0,1,1,0.0,0.0,0.00033545494079589844,,,0.0005102157592773438,0.0003466606140136719,2.4182958340544896,-2.384185791015625e-07,2.41796875,-1.1920928955078125e-07,-1.1920928955078125e-07,2.355388542207534,0.0,2.35546875,0.0,0.0,2.319307477702782,0.0,2.3203125,0.0,0.0,2.311953534941322,0.0,2.3125,0.0,0.0,1.1056653279779598,0.0,1.1064453125,0.0,0.0,0.09471989376028901,0.0,0.0
7,test,,1.7582865953445435,13.609375,13.609375,1.5068359375,1.5068359375,0.0,0.0,1,1,0.0,0.0001310110092163086,0.00012803077697753906,0.0,-0.0230865478515625,0.00022339820861816406,0.00013577938079833984,0.09471989376028901,0.0,0.0,7.636670024069179,2.4182958340544896,-2.384185791015625e-07,2.41796875,-1.1920928955078125e-07,-1.1920928955078125e-07,2.355388542207534,0.0,2.35546875,0.0,0.0,2.319307477702782,2.384185791015625e-07,2.3203125,1.1920928955078125e-07,1.1920928955078125e-07,2.311953534941322,0.0,2.3125,0.0,0.0,1.1056653279779598,1.1920928955078125e-07,1.10546875,1.1920928955078125e-07,1.1920928955078125e-07,1,1,0.0,0.0,0.0001310110092163086,0.0001285076141357422,-0.0198516845703125,0.00021564960479736328,0.00013577938079833984,2.4182958340544896,-2.384185791015625e-07,2.41796875,-1.1920928955078125e-07,-1.1920928955078125e-07,2.355388542207534,0.0,2.35546875,0.0,0.0,2.319307477702782,2.384185791015625e-07,2.3203125,1.1920928955078125e-07,1.1920928955078125e-07,2.311953534941322,0.0,2.3125,0.0,0.0,1.1056653279779598,1.1920928955078125e-07,1.10546875,1.1920928955078125e-07,1.1920928955078125e-07,0.09471989376028901,0.0,0.0
8,test,,1.9048994779586792,12.5,12.5,1.5,1.5,0.0,0.0,1,1,0.0,5.8770179748535156e-05,6.437301635742188e-05,0.0,0.08709716796875,9.179115295410156e-05,5.97834587097168e-05,0.09471989376028901,0.0,0.0,7.636670024069179,2.4182958340544896,4.76837158203125e-07,2.41796875,1.7881393432617188e-07,1.7881393432617188e-07,2.355388542207534,4.76837158203125e-07,2.35546875,1.7881393432617188e-07,1.7881393432617188e-07,2.319307477702782,0.0,2.3203125,0.0,0.0,2.311953534941322,4.76837158203125e-07,2.3125,1.7881393432617188e-07,1.7881393432617188e-07,1.1056653279779598,1.1920928955078125e-07,1.10546875,1.1920928955078125e-07,1.1920928955078125e-07,1,1,0.0,0.0,5.8770179748535156e-05,6.461143493652344e-05,0.08984375,9.042024612426758e-05,5.97834587097168e-05,2.4182958340544896,4.76837158203125e-07,2.41796875,1.7881393432617188e-07,1.7881393432617188e-07,2.355388542207534,4.76837158203125e-07,2.35546875,1.7881393432617188e-07,1.7881393432617188e-07,2.319307477702782,0.0,2.3203125,0.0,0.0,2.311953534941322,4.76837158203125e-07,2.3125,1.7881393432617188e-07,1.7881393432617188e-07,1.1056653279779598,1.1920928955078125e-07,1.10546875,1.1920928955078125e-07,1.1920928955078125e-07,0.09471989376028901,0.0,0.0
9,test,,2.0475881099700928,13.609375,13.609375,1.494140625,1.494140625,0.0,0.0,1,1,0.0,2.9146671295166016e-05,,0.0,,4.1604042053222656e-05,3.045797348022461e-05,0.09471989376028901,0.0,0.0,7.636670024069179,2.4182958340544896,2.384185791015625e-07,2.41796875,1.1920928955078125e-07,1.1920928955078125e-07,2.355388542207534,0.0,2.35546875,0.0,0.0,2.319307477702782,0.0,2.3203125,0.0,0.0,2.311953534941322,2.384185791015625e-07,2.3125,1.1920928955078125e-07,1.1920928955078125e-07,1.1056653279779598,-1.1920928955078125e-07,1.10546875,-1.1920928955078125e-07,-1.1920928955078125e-07,1,1,0.0,0.0,2.9146671295166016e-05,,,4.1484832763671875e-05,3.045797348022461e-05,2.4182958340544896,2.384185791015625e-07,2.41796875,1.1920928955078125e-07,1.1920928955078125e-07,2.355388542207534,0.0,2.35546875,0.0,0.0,2.319307477702782,0.0,2.3203125,0.0,0.0,2.311953534941322,2.384185791015625e-07,2.3125,1.1920928955078125e-07,1.1920928955078125e-07,1.1056653279779598,-1.1920928955078125e-07,1.10546875,-1.1920928955078125e-07,-1.1920928955078125e-07,0.09471989376028901,0.0,0.0
10,test,,2.0177712440490723,12.78125,12.78125,1.4873046875,1.4873046875,0.0,0.0,1,1,0.0,1.4126300811767578e-05,,0.0,,2.2172927856445312e-05,1.4126300811767578e-05,0.09471989376028901,0.0,0.0,7.636670024069179,2.4182958340544896,-2.384185791015625e-07,2.41796875,-1.1920928955078125e-07,-1.1920928955078125e-07,2.355388542207534,-2.384185791015625e-07,2.35546875,-1.1920928955078125e-07,-1.1920928955078125e-07,2.319307477702782,0.0,2.318359375,0.0,0.0,2.311953534941322,2.384185791015625e-07,2.3125,1.1920928955078125e-07,1.1920928955078125e-07,1.1056653279779598,0.0,1.10546875,0.0,0.0,1,1,0.0,0.0,1.4126300811767578e-05,,,2.1219253540039062e-05,1.4126300811767578e-05,2.4182958340544896,-2.384185791015625e-07,2.41796875,-1.1920928955078125e-07,-1.1920928955078125e-07,2.355388542207534,-2.384185791015625e-07,2.35546875,-1.1920928955078125e-07,-1.1920928955078125e-07,2.319307477702782,0.0,2.318359375,0.0,0.0,2.311953534941322,2.384185791015625e-07,2.3125,1.1920928955078125e-07,1.1920928955078125e-07,1.1056653279779598,0.0,1.10546875,0.0,0.0,0.09471989376028901,0.0,0.0
11,test,,2.064438581466675,12.21875,12.21875,1.48046875,1.48046875,0.0,0.0,1,1,0.0,,,0.0,,,,0.09471989376028901,0.0,0.0,7.636670024069179,2.4182958340544896,,,,,2.355388542207534,,,,,2.319307477702782,,,,,2.311953534941322,,,,,1.1056653279779598,,,,,1,1,0.0,0.0,,,,,,2.4182958340544896,,,,,2.355388542207534,,,,,2.319307477702782,,,,,2.311953534941322,,,,,1.1056653279779598,,,,,0.09471989376028901,0.0,0.0
12,test,,2.02046275138855,15.5546875,15.5546875,1.4765625,1.4765625,0.0,0.0,1,1,0.0,,,0.0,,,,0.09471989376028901,0.0,0.0,7.636670024069179,2.4182958340544896,,,,,2.355388542207534,,,,,2.319307477702782,,,,,2.311953534941322,,,,,1.1056653279779598,,,,,1,1,0.0,0.0,,,,,,2.4182958340544896,,,,,2.355388542207534,,,,,2.319307477702782,,,,,2.311953534941322,,,,,1.1056653279779598,,,,,0.09471989376028901,0.0,0.0
13,test,,2.0606539249420166,13.3359375,13.3359375,1.47265625,1.47265625,0.0,0.0,1,1,0.0,,,0.0,,,,0.09471989376028901,0.0,0.0,7.636670024069179,2.4182958340544896,,,,,2.355388542207534,,,,,2.319307477702782,,,,,2.311953534941322,,,,,1.1056653279779598,,,,,1,1,0.0,0.0,,,,,,2.4182958340544896,,,,,2.355388542207534,,,,,2.319307477702782,,,,,2.311953534941322,,,,,1.1056653279779598,,,,,0.09471989376028901,0.0,0.0
14,test,,2.0749013423919678,12.78125,12.78125,1.4677734375,1.4677734375,0.0,0.0,1,1,0.0,,,0.0,,,,0.09471989376028901,0.0,0.0,7.636670024069179,2.4182958340544896,,,,,2.355388542207534,,,,,2.319307477702782,,,,,2.311953534941322,,,,,1.1056653279779598,,,,,1,1,0.0,0.0,,,,,,2.4182958340544896,,,,,2.355388542207534,,,,,2.319307477702782,,,,,2.311953534941322,,,,,1.1056653279779598,,,,,0.09471989376028901,0.0,0.0
15,test,,2.0348479747772217,12.21875,12.21875,1.46484375,1.46484375,0.0,0.0,1,1,0.0,,,0.0,,,,0.09471989376028901,0.0,0.0,7.636670024069179,2.4182958340544896,,,,,2.355388542207534,,,,,2.319307477702782,,,,,2.311953534941322,,,,,1.1056653279779598,,,,,1,1,0.0,0.0,,,,,,2.4182958340544896,,,,,2.355388542207534,,,,,2.319307477702782,,,,,2.311953534941322,,,,,1.1056653279779598,,,,,0.09471989376028901,0.0,0.0
16,test,,2.0644025802612305,10.0,10.0,1.4609375,1.4609375,0.0,0.0,1,1,0.0,,,0.0,,,,0.09471989376028901,0.0,0.0,7.636670024069179,2.4182958340544896,,,,,2.355388542207534,,,,,2.319307477702782,,,,,2.311953534941322,,,,,1.1056653279779598,,,,,1,1,0.0,0.0,,,,,,2.4182958340544896,,,,,2.355388542207534,,,,,2.319307477702782,,,,,2.311953534941322,,,,,1.1056653279779598,,,,,0.09471989376028901,0.0,0.0
17,test,,2.137211561203003,10.0,10.0,1.4580078125,1.4580078125,0.0,0.0,1,1,0.0,,,0.0,,,,0.09471989376028901,0.0,0.0,7.636670024069179,2.4182958340544896,,,,,2.355388542207534,,,,,2.319307477702782,,,,,2.311953534941322,,,,,1.1056653279779598,,,,,1,1,0.0,0.0,,,,,,2.4182958340544896,,,,,2.355388542207534,,,,,2.319307477702782,,,,,2.311953534941322,,,,,1.1056653279779598,,,,,0.09471989376028901,0.0,0.0
18,test,,2.1443707942962646,11.390625,11.390625,1.4560546875,1.4560546875,0.0,0.0,1,1,0.0,,,0.0,,,,0.09471989376028901,0.0,0.0,7.636670024069179,2.4182958340544896,,,,,2.355388542207534,,,,,2.319307477702782,,,,,2.311953534941322,,,,,1.1056653279779598,,,,,1,1,0.0,0.0,,,,,,2.4182958340544896,,,,,2.355388542207534,,,,,2.319307477702782,,,,,2.311953534941322,,,,,1.1056653279779598,,,,,0.09471989376028901,0.0,0.0
19,test,,2.261725425720215,12.78125,12.78125,1.4541015625,1.4541015625,0.0,0.0,1,1,0.0,,,0.0,,,,0.09471989376028901,0.0,0.0,7.636670024069179,2.4182958340544896,,,,,2.355388542207534,,,,,2.319307477702782,,,,,2.311953534941322,,,,,1.1056653279779598,,,,,1,1,0.0,0.0,,,,,,2.4182958340544896,,,,,2.355388542207534,,,,,2.319307477702782,,,,,2.311953534941322,,,,,1.1056653279779598,,,,,0.09471989376028901,0.0,0.0
20,test,,2.1974542140960693,9.1640625,9.1640625,1.453125,1.453125,0.0,0.0,1,1,0.0,,,0.0,,,,0.09471989376028901,0.0,0.0,7.636670024069179,2.4182958340544896,,,,,2.355388542207534,,,,,2.319307477702782,,,,,2.311953534941322,,,,,1.1056653279779598,,,,,1,1,0.0,0.0,,,,,,2.4182958340544896,,,,,2.355388542207534,,,,,2.319307477702782,,,,,2.311953534941322,,,,,1.1056653279779598,,,,,0.09471989376028901,0.0,0.0
21,test,,2.2013938426971436,9.4453125,9.4453125,1.4521484375,1.4521484375,0.0,0.0,1,1,0.0,,,0.0,,,,0.09471989376028901,0.0,0.0,7.636670024069179,2.4182958340544896,,,,,2.355388542207534,,,,,2.319307477702782,,,,,2.311953534941322,,,,,1.1056653279779598,,,,,1,1,0.0,0.0,,,,,,2.4182958340544896,,,,,2.355388542207534,,,,,2.319307477702782,,,,,2.311953534941322,,,,,1.1056653279779598,,,,,0.09471989376028901,0.0,0.0
22,test,,2.3084564208984375,11.9453125,11.9453125,1.451171875,1.451171875,0.0,0.0,1,1,0.0,,,0.0,,,,0.09471989376028901,0.0,0.0,7.636670024069179,2.4182958340544896,,,,,2.355388542207534,,,,,2.319307477702782,,,,,2.311953534941322,,,,,1.1056653279779598,,,,,1,1,0.0,0.0,,,,,,2.4182958340544896,,,,,2.355388542207534,,,,,2.319307477702782,,,,,2.311953534941322,,,,,1.1056653279779598,,,,,0.09471989376028901,0.0,0.0
23,test,,2.256479024887085,12.5,12.5,1.4501953125,1.4501953125,0.0,0.0,1,1,0.0,,,0.0,,,,0.09471989376028901,0.0,0.0,7.636670024069179,2.4182958340544896,,,,,2.355388542207534,,,,,2.319307477702782,,,,,2.311953534941322,,,,,1.1056653279779598,,,,,1,1,0.0,0.0,,,,,,2.4182958340544896,,,,,2.355388542207534,,,,,2.319307477702782,,,,,2.311953534941322,,,,,1.1056653279779598,,,,,0.09471989376028901,0.0,0.0
24,test,,2.3832781314849854,12.5,12.5,1.4482421875,1.4482421875,0.0,0.0,1,1,0.0,,,0.0,,,,0.09471989376028901,0.0,0.0,7.636670024069179,2.4182958340544896,,,,,2.355388542207534,,,,,2.319307477702782,,,,,2.311953534941322,,,,,1.1056653279779598,,,,,1,1,0.0,0.0,,,,,,2.4182958340544896,,,,,2.355388542207534,,,,,2.319307477702782,,,,,2.311953534941322,,,,,1.1056653279779598,,,,,0.09471989376028901,0.0,0.0
25,test,,2.4009382724761963,10.0,10.0,1.447265625,1.447265625,0.0,0.0,1,1,0.0,,,0.0,,,,0.09471989376028901,0.0,0.0,7.636670024069179,2.4182958340544896,,,,,2.355388542207534,,,,,2.319307477702782,,,,,2.311953534941322,,,,,1.1056653279779598,,,,,1,1,0.0,0.0,,,,,,2.4182958340544896,,,,,2.355388542207534,,,,,2.319307477702782,,,,,2.311953534941322,,,,,1.1056653279779598,,,,,0.09471989376028901,0.0,0.0
26,test,,2.4641032218933105,11.6640625,11.6640625,1.4462890625,1.4462890625,0.0,0.0,1,1,0.0,,,0.0,,,,0.09471989376028901,0.0,0.0,7.636670024069179,2.4182958340544896,,,,,2.355388542207534,,,,,2.319307477702782,,,,,2.311953534941322,,,,,1.1056653279779598,,,,,1,1,0.0,0.0,,,,,,2.4182958340544896,,,,,2.355388542207534,,,,,2.319307477702782,,,,,2.311953534941322,,,,,1.1056653279779598,,,,,0.09471989376028901,0.0,0.0
27,test,,2.5295755863189697,8.609375,8.609375,1.4453125,1.4453125,0.0,0.0,1,1,0.0,,,0.0,,,,0.09471989376028901,0.0,0.0,7.636670024069179,2.4182958340544896,,,,,2.355388542207534,,,,,2.319307477702782,,,,,2.311953534941322,,,,,1.1056653279779598,,,,,1,1,0.0,0.0,,,,,,2.4182958340544896,,,,,2.355388542207534,,,,,2.319307477702782,,,,,2.311953534941322,,,,,1.1056653279779598,,,,,0.09471989376028901,0.0,0.0
28,test,,2.3782336711883545,8.609375,8.609375,1.4443359375,1.4443359375,0.0,0.0,1,1,0.0,,,0.0,,,,0.09471989376028901,0.0,0.0,7.636670024069179,2.4182958340544896,,,,,2.355388542207534,,,,,2.319307477702782,,,,,2.311953534941322,,,,,1.1056653279779598,,,,,1,1,0.0,0.0,,,,,,2.4182958340544896,,,,,2.355388542207534,,,,,2.319307477702782,,,,,2.311953534941322,,,,,1.1056653279779598,,,,,0.09471989376028901,0.0,0.0
29,test,,2.3122622966766357,9.4453125,9.4453125,1.4443359375,1.4443359375,0.0,0.0,1,1,0.0,,,0.0,,,,0.09471989376028901,0.0,0.0,7.636670024069179,2.4182958340544896,,,,,2.355388542207534,,,,,2.319307477702782,,,,,2.311953534941322,,,,,1.1056653279779598,,,,,1,1,0.0,0.0,,,,,,2.4182958340544896,,,,,2.355388542207534,,,,,2.319307477702782,,,,,2.311953534941322,,,,,1.1056653279779598,,,,,0.09471989376028901,0.0,0.0
30,test,,2.439326524734497,10.5546875,10.5546875,1.443359375,1.443359375,0.0,0.0,1,1,0.0,,,0.0,,,,0.09471989376028901,0.0,0.0,7.636670024069179,2.4182958340544896,,,,,2.355388542207534,,,,,2.319307477702782,,,,,2.311953534941322,,,,,1.1056653279779598,,,,,1,1,0.0,0.0,,,,,,2.4182958340544896,,,,,2.355388542207534,,,,,2.319307477702782,,,,,2.311953534941322,,,,,1.1056653279779598,,,,,0.09471989376028901,0.0,0.0
