epoch,phase,loss,accuracy,accuracy_nn,temperature,length,length_nn,lexicon_size,actual_vocab_size,entropy_msg,entropy_max,entropy_msg_mc_ml,entropy_msg_mc_perks,entropy_msg_mc_james-stein,entropy_msg_mc_minimax,entropy_msg_1_ml,entropy_msg_1_perks,entropy_msg_1_james-stein,entropy_msg_1_minimax,redundancy,kld_train_test,kld_test_train,mutual_info_sent_received,topsim,topsim_norm_max,topsim_cosine,topsim_cosine_norm_max,entropy_target,mutual_info_msg_target,proficiency_msg_target,entropy_target_category,mutual_info_msg_target_category,proficiency_msg_target_category,entropy_selected,mutual_info_msg_selected,proficiency_msg_selected,lexicon_size_nn,actual_vocab_size_nn,entropy_msg_nn,entropy_max_nn,entropy_msg_mc_ml_nn,entropy_msg_mc_perks_nn,entropy_msg_mc_james-stein_nn,entropy_msg_mc_minimax_nn,entropy_msg_1_ml_nn,entropy_msg_1_perks_nn,entropy_msg_1_james-stein_nn,entropy_msg_1_minimax_nn,redundancy_nn,kld_train_test_nn,kld_test_train_nn,topsim_nn,topsim_norm_max_nn,topsim_cosine_nn,topsim_cosine_norm_nn,entropy_target_nn,mutual_info_msg_target_nn,proficiency_msg_target_nn,entropy_target_category_nn,mutual_info_msg_target_category_nn,proficiency_msg_target_category_nn,entropy_selected_nn,mutual_info_msg_selected_nn,proficiency_msg_selected_nn,messages
1,train,7.208731651306152,77.5,78.25,1.5,2.671875,2.671875,111,11,4.59375,6.609375,4.594176752059626,4.594217340284745,4.594973926479792,4.609496238225205,4.580806257006353,4.581768667661686,4.596926285690364,4.646462346669882,0.304931640625,,,3.8046875,0.27825566277943625,0.5829951647296157,0.35013807410762604,0.2866901384584532,8.599248009349933,3.50520164350527,0.4076172288197847,3.477276093703745,1.8951870069725234,0.5450205723969149,8.587909717932217,3.4294879838171566,0.3993390820884064,91,10,4.20703125,6.390625,4.207316579198464,4.207372231712735,4.208177315603118,4.226497060216849,4.202982834677909,4.20415327885199,4.219129009020365,4.2814580157767175,0.34130859375,,,0.293567297235037,0.5870038460172123,0.35933297019664046,0.29438413691442106,8.599248009349933,3.571126335439285,0.41528356102259306,3.477276093703745,1.9339122851179646,0.5561572429119657,8.587909717932217,3.4955197387905805,0.4070280025757218,received
2,train,3.3259263038635254,88.25,89.1875,1.4736328125,2.736328125,2.736328125,74,11,4.83203125,6.64453125,4.829795732201157,4.829831766673423,4.830722900891264,4.843810285370632,4.831707039857309,4.832544237442296,4.8500392848462015,4.890712263633205,0.273193359375,,,4.01171875,0.2270633619922713,0.5551468539888008,0.34309511575614404,0.2805402481367598,8.595953543599778,3.7587393910255873,0.4372684626505692,3.471689490859518,2.0100173988930425,0.5789738408878854,8.588858455207557,3.6943280564775662,0.43013027583865215,58,10,4.4453125,6.421875,4.444233959984876,4.444287300881079,4.44527485349791,4.462354599112889,4.442676068537856,4.443790131483232,4.461938826489544,4.516835326123443,0.307861328125,,,0.23900510437089378,0.5570394218436214,0.34984091400285966,0.28590958694472784,8.595953543599778,3.8427596284112884,0.44704285672558824,3.471689490859518,2.0489616228305767,0.5901914984693221,8.588858455207557,3.769183412463506,0.43884567805145186,received
3,train,2.5430948734283447,91.0,92.0,1.4482421875,2.751953125,2.751953125,77,11,4.97265625,6.65234375,4.969056978787204,4.969089021435464,4.969986188448951,4.981784602245602,4.945728899321155,4.946490670431855,4.964171744764632,5.000702112076649,0.2529296875,,,4.11328125,0.22817604538005265,0.5285479226407471,0.31491282552495437,0.252381949135301,8.594874557274359,3.9051153671353642,0.45435396888139923,3.4793991931202584,2.0719917402629138,0.5955027363229315,8.591498362495916,3.8487747976113296,0.44797480430331155,57,10,4.59375,6.4296875,4.591900904839851,4.59194955072506,4.5929736213226215,4.608896276024857,4.589505995355773,4.590529322236148,4.60921054036519,4.658739677400126,0.28515625,,,0.24437913535452274,0.5330749132250453,0.32408614834883553,0.2602791538455001,8.594874557274359,4.000909236406833,0.46549943338272726,3.4793991931202584,2.1199913540209003,0.609298110493534,8.591498362495916,3.9411801726535654,0.45873024778283417,received
4,train,2.248039484024048,91.875,92.875,1.4228515625,2.75,2.75,73,11,5.05078125,6.62890625,5.05034706934443,5.050377205142596,5.0512760533031535,5.0626067267040185,5.036562645386267,5.037287167582691,5.054888963641529,5.088574582290864,0.238037109375,,,4.16015625,0.2231968328392843,0.5776104323592266,0.3447519814713472,0.2860388408937392,8.593149698818104,3.989992704243196,0.4643224945553988,3.476659416251204,2.093391937398222,0.6021274121971588,8.589200002286857,3.929531456968922,0.45749679317313513,53,10,4.68359375,6.40625,4.681674759087653,4.681722238538348,4.682767260975528,4.698156969234129,4.669908045733618,4.670904561949524,4.689808917099557,4.737066543771052,0.268798828125,,,0.23790473124898795,0.5807276614367411,0.35104546604796594,0.29103684573329347,8.593149698818104,4.085688323315794,0.47545876267903686,3.476659416251204,2.138590187534564,0.6151278947653012,8.589200002286857,4.018383250195535,0.46784138792037083,received
5,train,2.094660520553589,92.4375,93.4375,1.3974609375,2.748046875,2.748046875,84,11,5.1640625,6.6484375,5.164523275278217,5.164552632332622,5.165499572602857,5.176184943334023,5.140941667791923,5.141690445377062,5.160664643958942,5.192059889341872,0.22314453125,,,4.328125,0.2365265431751254,0.5626647324581386,0.3489300315709851,0.29640139622546496,8.60204665498524,4.05310590398155,0.4711792514671619,3.466706894118868,2.124900583503537,0.6129449787371257,8.599953340997573,3.9931944408851088,0.4643274541791768,67,10,4.80078125,6.42578125,4.798303281789197,4.798350174600548,4.7994590321532735,4.814261712950845,4.80456506841747,4.805480204810344,4.824770126236906,4.867607136225137,0.252685546875,,,0.24666136592162932,0.5641038417633752,0.3569616790246827,0.30280447515060344,8.60204665498524,4.15568116600796,0.48310376968248264,3.466706894118868,2.172942273679911,0.626802997786234,8.599953340997573,4.091610510861344,0.4757712453340738,received
6,train,1.9032891988754272,93.0,93.9375,1.373046875,2.75,2.75,78,11,5.1953125,6.64453125,5.192769263578911,5.192800657941703,5.19384824404879,5.204761625759455,5.213307797296337,5.213996328615805,5.23359456350592,5.262248881552162,0.218017578125,,,4.40234375,0.22941543648646903,0.5730595671612306,0.35042524240827716,0.29343800342036336,8.602440923927059,4.114217637134207,0.4782616554437255,3.480944229297983,2.1571674019023814,0.6197075447937949,8.600624690978414,4.055882255068929,0.4715799608513703,60,10,4.83203125,6.41796875,4.835632026327617,4.835680847654159,4.83689511692764,4.851877941921228,4.8265574535765206,4.827577283048163,4.849277682035711,4.892669294369656,0.2469482421875,,,0.24564363294360902,0.5770540812846272,0.359637353942895,0.30036324071668524,8.602440923927059,4.218568537476642,0.4903920381182744,3.480944229297983,2.206110291038095,0.6337677784291911,8.600624690978414,4.159732801975273,0.4836547287476229,received
7,train,1.842861294746399,93.3125,94.375,1.349609375,2.75,2.75,85,11,5.29296875,6.64453125,5.293295201251879,5.2933238655933215,5.294387993102529,5.30458233827675,5.280405316441604,5.281095290983818,5.301288901157418,5.328013301028384,0.203125,,,4.4609375,0.2205423631206875,0.5533442949276861,0.33812167377067515,0.29186251835893434,8.592472984246285,4.205240132263458,0.4894097589801539,3.4665798934578254,2.17149773759081,0.626409257634272,8.59002970343127,4.150403889566224,0.48316525470317684,66,10,4.9453125,6.421875,4.945483036458613,4.945529285214398,4.94678159566158,4.960951806167342,4.941046102111533,4.941998076338473,4.9640715298569225,5.0033472247976025,0.22998046875,,,0.23630932536548618,0.5573907437952093,0.34854591364733245,0.299396141376695,8.592472984246285,4.322949194661155,0.5031088491738046,3.4665798934578254,2.2279226508839924,0.642686082351241,8.59002970343127,4.258393778783873,0.4957367932130509,received
8,train,1.7081677913665771,93.625,94.625,1.326171875,2.74609375,2.74609375,83,11,5.3671875,6.65625,5.3647177181553145,5.364747937377585,5.365961640656187,5.375885553978923,5.358790041473765,5.359446818328188,5.381123893514588,5.404282054093571,0.1934814453125,,,4.609375,0.20599810115176156,0.5733109821983432,0.33931779618512176,0.28804891894935525,8.59418077113618,4.282072075275135,0.4982525023975066,3.499211258087649,2.185072054753138,0.6244470235121785,8.591706340997169,4.212701999122042,0.4903219258112014,65,10,5.0234375,6.43359375,5.022128338438101,5.022174009963097,5.023555093218605,5.037327661167287,5.013410248017841,5.014360552794313,5.038426289399899,5.074532762261344,0.218994140625,,,0.22062705823424364,0.5761770194831713,0.34839474992052955,0.294892273172591,8.59418077113618,4.395384997228259,0.5114373451382701,3.499211258087649,2.2438749342478896,0.641251633224965,8.591706340997169,4.325505131241567,0.5034512307062325,received
9,train,1.623705506324768,94.0625,95.125,1.302734375,2.75390625,2.75390625,88,11,5.43359375,6.6484375,5.43128284622231,5.431313442515746,5.432599659462542,5.442260066830848,5.412713571778285,5.4134199894518416,5.436788173646588,5.458702073925301,0.18310546875,,,4.7890625,0.21760750948951152,0.5573529570357711,0.34031071481424907,0.29884143920956296,8.597492092037601,4.362957873565626,0.5074686695677562,3.4721482534502703,2.2588264435153094,0.6505558745283171,8.595808690244668,4.2939363562859105,0.49953838097386616,70,10,5.09375,6.42578125,5.094625343787166,5.094671197693503,5.096141025110741,5.109695137001488,5.088438217596993,5.089390143151798,5.114662892581036,5.1485968779578375,0.2073974609375,,,0.23301050682383567,0.5615626910691046,0.3506012433530967,0.3063812855623989,8.597492092037601,4.492498996427605,0.5225359847191071,3.4721482534502703,2.3226743000675314,0.6689444489472741,8.595808690244668,4.4162924995417665,0.5137727767899012,received
10,train,1.5566600561141968,94.25,95.3125,1.2802734375,2.75390625,2.75390625,86,11,5.5,6.65234375,5.497407881398915,5.4974349340538575,5.498778101497089,5.507754436955618,5.482335343073362,5.4829499011827405,5.506940611210635,5.524878812570376,0.1734619140625,,,4.71875,0.2022299991876244,0.5243097728804723,0.32262796100270696,0.2821069984519503,8.59665758066398,4.461192028023012,0.5189449487970001,3.4842754178495987,2.27504128549699,0.6529453078944845,8.593952123996852,4.393620118906449,0.5112455893998018,66,10,5.1640625,6.4296875,5.1657921824408115,5.165836917026107,5.167425605748283,5.180259204468706,5.15492507858369,5.155839825930207,5.1830937099573955,5.213173815639948,0.196533203125,,,0.21632923681353544,0.5273739072965347,0.3304524249245711,0.28778114091994766,8.59665758066398,4.590700048945677,0.5340098760326691,3.4842754178495987,2.3398083605248794,0.671533699241533,8.593952123996852,4.519730035185861,0.525919852702628,received
11,train,1.665162444114685,94.25,95.3125,1.2578125,2.7578125,2.7578125,89,11,5.51171875,6.67578125,5.511978986579102,5.512004578191285,5.513354854489896,5.5222028260655005,5.512601016320599,5.513237174787083,5.538531947101314,5.5555355474063015,0.1741943359375,,,4.85546875,0.19489482233067992,0.515090826529194,0.29697870641872676,0.25863878456018924,8.597464124118183,4.441264585159209,0.5165784376698097,3.502370254423729,2.281473019013613,0.6514082901806167,8.592997219256748,4.373810369459222,0.5089970656172905,72,10,5.17578125,6.44921875,5.179270033084842,5.179313289846691,5.180923097771972,5.193707798370483,5.180202197913035,5.181098601463491,5.208607457282325,5.237699356878328,0.197265625,,,0.20951888312445424,0.5179683332070638,0.30778307530884486,0.2663839044711288,8.597464124118183,4.581428134241728,0.5328813319952797,3.502370254423729,2.3533296319083172,0.6719248568696881,8.592997219256748,4.505841159622574,0.5243619943836438,received
12,train,1.4398283958435059,94.75,95.8125,1.2353515625,2.759765625,2.759765625,83,11,5.51171875,6.65625,5.511328483608755,5.511354461537025,5.51265048584912,5.5214615503976034,5.50640241811928,5.5070505709348465,5.531766008524539,5.549443260560697,0.172119140625,,,4.84375,0.1979563718991688,0.5375559702680606,0.3071943790657596,0.2726623531658757,8.596072693163727,4.430725298324909,0.515435996934806,3.47327453682931,2.305907378832171,0.6639001191472738,8.59235580609008,4.373527104447255,0.5090020947860878,63,10,5.1796875,6.43359375,5.1814352238338435,5.181478807219602,5.183033626752706,5.195740849654249,5.163419235891878,5.1643313027986855,5.191070701564181,5.221365460627913,0.1949462890625,,,0.2098389064940824,0.537978634685227,0.3146550827101348,0.2779788280680155,8.596072693163727,4.565598295042669,0.5311260686142861,3.47327453682931,2.3750267848514155,0.6838004769469029,8.59235580609008,4.5023422848283,0.5239939297715227,received
13,train,1.3993191719055176,94.8125,95.875,1.2138671875,2.7578125,2.7578125,92,11,5.5703125,6.65625,5.572318945814766,5.572343582495361,5.573699183271258,5.5820427528882535,5.554808238762413,5.555417341765458,5.580703702159333,5.5962130743727325,0.163330078125,,,4.8203125,0.19644908481588438,0.5451416444695492,0.3169403796885996,0.28008493656398176,8.596145558634332,4.504903462323595,0.5240608632782724,3.480007653115631,2.3001704167470005,0.6609670569797946,8.596223568653029,4.449851181956625,0.5176518672901252,72,10,5.2421875,6.43359375,5.244082433920294,5.244123905055155,5.245748847035129,5.257939283823723,5.24866822931813,5.249502209487851,5.277042694280057,5.3033740208833695,0.18505859375,,,0.2089893644904938,0.5466009218439147,0.32566206494918526,0.28647943323018077,8.596145558634332,4.645562731765565,0.5404239260582745,3.480007653115631,2.369618026745686,0.6809232228625074,8.596223568653029,4.58922161122666,0.5338648506027351,received
14,train,1.3922961950302124,94.875,95.875,1.1923828125,2.755859375,2.755859375,87,11,5.58203125,6.66015625,5.583640662947687,5.583668468761578,5.58518761787211,5.593955664532877,5.584061881527588,5.584708557760087,5.611922847250754,5.6263315966751755,0.162109375,,,4.875,0.19078218661054602,0.5372730783323821,0.30910742041615985,0.25891436807148516,8.595880066501778,4.6253970486981375,0.5380946468440564,3.47407753065068,2.328400735322788,0.6702212932152635,8.592435765160175,4.557924687160127,0.5304578133293919,67,10,5.25390625,6.4375,5.252574888473634,5.252618553420831,5.2543837350958045,5.267119957992316,5.2621170641833555,5.262997849972643,5.292123549870148,5.3180749868344135,0.1837158203125,,,0.20311790025636653,0.5386273961439267,0.3163306594946664,0.26394772961095475,8.595880066501778,4.771847500031004,0.5551319310080811,3.47407753065068,2.402973036478442,0.6916866463910997,8.592435765160175,4.701766260948068,0.5471983020242479,received
15,train,1.3799995183944702,94.8125,95.9375,1.171875,2.755859375,2.755859375,86,11,5.62109375,6.65625,5.6248706231763475,5.62489772716699,5.626428704129154,5.634847110034146,5.609272198200914,5.609904604654962,5.636519335101213,5.650255640308987,0.155517578125,,,4.96875,0.18222123551242722,0.5235776765487615,0.31240302546178167,0.2669744921341535,8.593834950987947,4.708473361654655,0.5478896660813074,3.478223597275075,2.381110572394581,0.6845766253382908,8.59058569148906,4.636435377366184,0.5397112075792031,69,10,5.30078125,6.43359375,5.299510333074348,5.299554998825702,5.301375465836275,5.313764316411943,5.296217138758514,5.297104550096468,5.326848311179736,5.351720194897835,0.17626953125,,,0.19425512077475043,0.5243819675892953,0.3190504793762297,0.2724086860654985,8.593834950987947,4.862504528270304,0.5658131155650494,3.478223597275075,2.4566274533952024,0.7062879612799431,8.59058569148906,4.78291865399147,0.5567628128929608,received
16,train,1.3970907926559448,94.8125,95.9375,1.1513671875,2.755859375,2.755859375,90,11,5.64453125,6.671875,5.640484627211905,5.640514189594524,5.642125845867815,5.650600475196004,5.644084304965265,5.644723508402143,5.672267236734809,5.684643688773564,0.154052734375,,,4.984375,0.18724288448019485,0.5195805390856166,0.3010552210396728,0.26320149318015046,8.592877533236262,4.7566230079947625,0.553554148723369,3.495274744705802,2.3879090115840658,0.6831820632129039,8.592456961038565,4.671403584757525,0.543663309102324,70,10,5.3203125,6.4453125,5.318414748572311,5.318461288467554,5.320336645233576,5.332726349912488,5.315901803267776,5.31680316867871,5.346872771571073,5.371195478410895,0.1748046875,,,0.20118703536568666,0.5223423111005969,0.3116616784903371,0.2710235244013316,8.592877533236262,4.912639222078646,0.5717106060312301,3.495274744705802,2.4670914289392147,0.7058361957600189,8.592456961038565,4.823618065596152,0.5613782050312562,received
17,train,1.3529901504516602,94.875,96.0625,1.130859375,2.7578125,2.7578125,91,11,5.6953125,6.66015625,5.69499954418785,5.695026664856107,5.6966893868754145,5.704685482816723,5.678763113018168,5.679393658697857,5.708157358657863,5.718548960511667,0.14501953125,,,5.02734375,0.17857022941320924,0.5445579448390807,0.3054049540890628,0.26644127132302886,8.597232546676043,4.820409668237734,0.5606931814472617,3.470715184820609,2.415172682381716,0.6958717594992023,8.594258333734093,4.75094974829631,0.5528050896082483,72,10,5.37890625,6.4375,5.378049944014558,5.378094162433696,5.380064016127546,5.391938209986969,5.37511060911794,5.375994281462705,5.407974464134863,5.42921738717099,0.16455078125,,,0.19232847811971743,0.5464318114923733,0.31205680605734043,0.27054238187062185,8.597232546676043,4.981067866239546,0.5793803807441944,3.470715184820609,2.4920887189717056,0.7180331966941604,8.594258333734093,4.9060116426984886,0.5708475882603462,received
18,train,1.297656774520874,95.125,96.1875,1.111328125,2.759765625,2.759765625,88,11,5.66796875,6.66796875,5.669891902363581,5.669918901904808,5.671509763213382,5.67956719494183,5.665317684007062,5.665914088509993,5.693330296616515,5.704457638027018,0.1497802734375,,,5.0234375,0.18410492441258797,0.5009273071830876,0.27551598385764353,0.24614741435824922,8.596482018412834,4.81722110235856,0.5603712183705541,3.4947798638383443,2.414782533172022,0.6909684235503885,8.59679715084211,4.743937675556726,0.5518261734362346,69,10,5.34765625,6.44140625,5.349348215247747,5.349393283455519,5.351291412846899,5.363254064060053,5.339745378026418,5.340628096260753,5.37146032416185,5.394325820150556,0.169921875,,,0.19666997625158694,0.5027153721768068,0.28447743946601184,0.2526423191319381,8.596482018412834,4.97297362218107,0.5784893880461148,3.4947798638383443,2.494210635381987,0.7136960645763181,8.59679715084211,4.901428995268473,0.5701459403154985,received
19,train,1.3450257778167725,94.9375,96.125,1.091796875,2.7578125,2.7578125,91,11,5.7109375,6.65234375,5.7084514784566345,5.708481026525252,5.710170836140948,5.718108591190885,5.695201581568049,5.695802963614021,5.723482334724328,5.733789076381106,0.1417236328125,,,5.1015625,0.18330427697799762,0.5349935676699216,0.2924903242786196,0.2552192814079393,8.595860370466326,4.890951052634536,0.5689891228851128,3.4629060298307914,2.4425512842237236,0.7053472612836319,8.594043155058941,4.807779649374864,0.5594316391749479,71,10,5.39453125,6.4296875,5.394805437575209,5.394850307177067,5.396798628021748,5.408457439178976,5.394386371546738,5.395231194828432,5.426212709432754,5.446920040250466,0.1607666015625,,,0.19360364974245134,0.534550779354466,0.298662554846698,0.25968974976425085,8.595860370466326,5.056914588297898,0.5882965020781928,3.4629060298307914,2.5238427551637397,0.7288221896356404,8.594043155058941,4.971848596261813,0.5785226472053612,received
20,train,1.3328365087509155,94.875,96.0625,1.0732421875,2.7578125,2.7578125,93,11,5.69140625,6.671875,5.689039833883648,5.689067938375613,5.6907470717657676,5.698709269934417,5.686245363622506,5.686866313860873,5.715778696798009,5.7256455094137575,0.147216796875,,,5.11328125,0.18762473701143503,0.5032499492687925,0.2889640134308986,0.2546276559521693,8.589164335680886,4.879853980288929,0.5681407165557614,3.48022121914308,2.445608275203681,0.7027163278447721,8.58667466097691,4.806252965810016,0.5597339081277369,75,10,5.37109375,6.4453125,5.371705595343285,5.371751415080707,5.3737397538008045,5.385597578687291,5.366694413330348,5.367562476345477,5.399154337462004,5.420409562671876,0.1668701171875,,,0.1976377979342747,0.5035778490911966,0.2963090038314738,0.2600974094490158,8.589164335680886,5.043762987734038,0.5872239475942225,3.48022121914308,2.5270884905523054,0.7261286945358433,8.58667466097691,4.968086935704311,0.5785810144039031,received
21,train,1.3289546966552734,94.875,96.0625,1.0546875,2.759765625,2.759765625,93,11,5.72265625,6.66015625,5.719544559368569,5.719572982579447,5.721274654188026,5.729032354060566,5.721598446079049,5.722169646973791,5.750057254769203,5.7589208048724,0.140869140625,,,5.1328125,0.1728795815191143,0.5130811391449024,0.3072190393566197,0.26934811487980165,8.597368246654899,4.933125103818632,0.5737947895552844,3.478431897163416,2.469168627984725,0.7098510768597416,8.597200057641547,4.850438575653648,0.5641881709315787,74,10,5.40625,6.43359375,5.408628800443801,5.408674337781445,5.410688395713351,5.422242414370561,5.40879159003998,5.409609358977848,5.440680198188947,5.46035059679084,0.15966796875,,,0.18995966711307963,0.5166068278603582,0.3171844778565573,0.2761182296166692,8.597368246654899,5.104501735691136,0.5937284049310343,3.478431897163416,2.5549668326761164,0.7345168478818387,8.597200057641547,5.010347854220531,0.5827883288312137,received
22,train,1.33462393283844,94.9375,96.1875,1.0361328125,2.755859375,2.755859375,95,11,5.68359375,6.66015625,5.68055099731507,5.680580927803374,5.682341227506809,5.690647585656901,5.680207530522149,5.680800202302928,5.709274719130781,5.71943842965136,0.146728515625,,,5.15234375,0.17981623555280524,0.5388796796153226,0.3175549571383293,0.2581519137935185,8.59815820551334,4.911969426517175,0.5712815825332809,3.4706358654881586,2.4564139772439715,0.707770585116819,8.596984359369387,4.836875963675419,0.5626247253089358,75,10,5.3671875,6.43359375,5.364549850268157,5.364598637990065,5.3666797098999055,5.3789193467454455,5.3639040376458516,5.364793402236074,5.397081463615389,5.41854384160788,0.166259765625,,,0.19255915349200622,0.5402022726944239,0.3242000285655167,0.26240076125103234,8.59815820551334,5.073187499588912,0.5900318857049951,3.4706358654881586,2.541219441586775,0.7322057225468517,8.596984359369387,4.998299429801618,0.5814014799682917,received
23,train,1.3219953775405884,95.0,96.1875,1.017578125,2.75390625,2.75390625,97,11,5.7109375,6.6484375,5.709280588678507,5.709308834196357,5.711002465669515,5.7189696282787335,5.722297262557299,5.722900619896428,5.751388249906491,5.760533344918205,0.14111328125,,,5.125,0.1799080149083987,0.5267408767472321,0.3013059583080226,0.26334664907715705,8.601906075725172,4.921196274783562,0.5721053254314553,3.46812257262515,2.488835712038906,0.7176319925033717,8.600203950197269,4.846700676073197,0.5635564812346135,77,10,5.3984375,6.42578125,5.397773739813644,5.397817968932801,5.399791774387249,5.411525699856859,5.392462549912939,5.393331827792651,5.424888129745934,5.445738909750272,0.159912109375,,,0.191662794028687,0.5278964868241003,0.30648990705050455,0.2668493756197484,8.601906075725172,5.088538014551987,0.5915593555377208,3.46812257262515,2.5744202098133746,0.7423094645310361,8.600203950197269,5.01020901457995,0.5825686278596949,received
24,train,1.2909494638442993,94.9375,96.1875,1.0,2.75390625,2.75390625,90,11,5.73828125,6.66015625,5.734112262677643,5.73414432896825,5.735999813508501,5.744044885872804,5.7347736557502795,5.735405636619845,5.765035144636252,5.773611703541287,0.138671875,,,5.2109375,0.18157274984976451,0.5033806777680503,0.2913426522777205,0.26115454178823866,8.590753904858907,4.993803794301973,0.5812998311449117,3.489717557311009,2.503080689788053,0.7172731456573219,8.589268836169289,4.9108814513031005,0.571746157324061,72,10,5.42578125,6.4375,5.425365003266661,5.425412811687813,5.4275432072957965,5.439379299073118,5.422185705771643,5.423072098901254,5.45590039168681,5.475493215820061,0.1571044921875,,,0.19330804553151015,0.504584256781565,0.2979720510890835,0.2659344454026053,8.590753904858907,5.166336680287139,0.6013833870115954,3.489717557311009,2.591227761363248,0.7425322304192178,8.589268836169289,5.078006676313913,0.5912036022123908,received
1,test,9.96566104888916,77.75,78.8125,1.5,2.669921875,2.669921875,50,11,4.625,6.4375,4.615177169507174,4.615267368227958,4.616756341323715,4.637008078588954,4.510328505352131,4.520686557613796,4.643892448555104,4.707625189459797,0.281494140625,3.32421875,3.39453125,3.8359375,0.2645358788016359,0.6028025673846141,0.3523173712119992,0.28532399655785123,6.658211482751794,3.313617705204897,0.49767384436329154,3.186646652398159,2.0532523696189022,0.6443301042096073,6.5527807878079,2.9658436104275134,0.4526083973304525,37,10,4.25390625,6.22265625,4.254550521681678,4.254677217388855,4.256349939380699,4.2822303566402615,4.216511091910405,4.229082139173614,4.361169102698411,4.448573253599062,0.316162109375,3.203125,3.283203125,0.28076259370691975,0.6062980094427658,0.36127249848190274,0.2923213490603553,6.658211482751794,3.382108347229333,0.5079604869852422,3.186646652398159,2.087444717280384,0.6550599878117789,6.5527807878079,3.0094760791371042,0.4592670160333356,
2,test,11.853087425231934,80.0625,80.6875,1.4736328125,2.701171875,2.701171875,53,11,4.73046875,6.5859375,4.7263534911996725,4.7264458762605335,4.72822988108071,4.748017389619985,4.76186158437417,4.7715269110595395,4.917500877757276,4.9432846923925275,0.281982421875,3.49609375,3.455078125,4.02734375,0.19813495029453768,0.5526791084992505,0.37710642214027057,0.3043250910368159,6.658211482751794,3.54497035772658,0.5324208110406051,3.186646652398159,2.1062588851483808,0.6609640524666529,6.54596160121336,3.1925150319182727,0.48770757092838857,35,10,4.34765625,6.3671875,4.346758384768942,4.3468855346912525,4.348814831682373,4.374275382700082,4.269014404168014,4.281680361471656,4.428412126072221,4.500854578311219,0.3173828125,3.384765625,3.341796875,0.2169035081321697,0.5575016073747548,0.3884520584438223,0.31241860258102616,6.658211482751794,3.6118121408499286,0.5424598107474338,3.186646652398159,2.1443421019340665,0.6729149277722114,6.54596160121336,3.2581774045368768,0.497738545232673,
3,test,8.506540298461914,82.3125,83.6875,1.4482421875,2.705078125,2.705078125,55,11,4.9296875,6.609375,4.933454367141826,4.9335273694264865,4.9352935832951985,4.951880707300322,4.830167627980306,4.839745353204429,4.996547767168613,5.00909863903218,0.254150390625,3.466796875,3.46484375,4.12109375,0.1973648195418495,0.5282343784513878,0.3670889273864375,0.3218569433642184,6.658211482751794,3.6988951835369246,0.5555388550091828,3.186646652398159,2.118328333881599,0.6647515601666782,6.585664443089516,3.3713692241795075,0.511925448572947,41,10,4.5625,6.390625,4.567992725522848,4.568101699023486,4.57011164812735,4.592384546478481,4.503167227460465,4.514773635063594,4.673458428820438,4.716032687114771,0.28564453125,3.3515625,3.34765625,0.21366781240293165,0.5326988042354178,0.37493450771947723,0.326704722721382,6.658211482751794,3.7876210128211296,0.5688646301838,3.186646652398159,2.157584686231191,0.6770705765596785,6.585664443089516,3.4421112840642643,0.5226672743212947,
4,test,8.047155380249023,82.4375,83.9375,1.4228515625,2.71484375,2.71484375,62,11,4.93359375,6.60546875,4.941697004001829,4.941768087270965,4.943443618946224,4.959943490672539,4.760900163284529,4.770189293046781,4.9117836850456085,4.938961689846995,0.25341796875,3.576171875,3.5,4.11328125,0.20905589768551983,0.5739286383163452,0.3786410906381878,0.3103400023390057,6.658211482751794,3.71599901633523,0.5581076879221375,3.186646652398159,2.199688891388158,0.6902832762247891,6.592459200592558,3.3864796133191444,0.5136898857128692,43,10,4.55859375,6.38671875,4.559059915477538,4.559172808531065,4.56113516344268,4.583767645421068,4.532170907979153,4.543271452028576,4.693075301110426,4.738310243078833,0.286376953125,3.470703125,3.388671875,0.22288971627277485,0.5764983566790708,0.38880639302629594,0.3181861440822665,6.658211482751794,3.7848796512903116,0.5684529037707956,3.186646652398159,2.2472051232643793,0.7051943213011116,6.592459200592558,3.457049414121327,0.5243945102930015,
5,test,8.292672157287598,82.8125,83.6875,1.3974609375,2.71484375,2.71484375,58,11,4.94140625,6.61328125,4.940852252385904,4.9409245132116215,4.942487028766951,4.959029152200956,4.964754888899778,4.9732412345408274,5.117503509078679,5.126714110664643,0.2529296875,3.666015625,3.54296875,4.23046875,0.16494291682162868,0.5156456565910431,0.4076892546118911,0.3380242837469022,6.658211482751794,3.7234871345766516,0.5592323320192526,3.186646652398159,2.2418910880581198,0.7035267265578223,6.585899345336555,3.444686138020276,0.52303959678027,42,10,4.5703125,6.39453125,4.572076574563139,4.572190432943026,4.574021451587199,4.596472924553903,4.541070362283595,4.552282297624451,4.696846386175129,4.747510417885577,0.285400390625,3.5625,3.431640625,0.17940221179888582,0.5192753797837606,0.41706824460416975,0.3451373834395592,6.658211482751794,3.8027199109647887,0.5711323409921414,3.186646652398159,2.2845898196435686,0.71692599426556,6.585899345336555,3.518426058675871,0.5342362332286861,
6,test,6.828415870666504,84.1875,83.9375,1.373046875,2.720703125,2.720703125,57,11,5.06640625,6.6171875,5.073553876278358,5.073622683258243,5.075471071823286,5.090990960707996,5.052341867145577,5.061153967004443,5.228787389728786,5.2148404530964925,0.2344970703125,3.6015625,3.544921875,4.3359375,0.19730288641947155,0.5673160906401892,0.3779660164840822,0.30804151565148835,6.658211482751794,3.7881261475424033,0.5689404966116811,3.186646652398159,2.1547462151186076,0.6761798373525414,6.597459297710117,3.506481040923978,0.5314896057245896,40,10,4.703125,6.3984375,4.694406607649244,4.694518481407136,4.6967113669168725,4.718426108405166,4.653307784337636,4.664421637719754,4.830878789503514,4.855661180334774,0.264892578125,3.49609375,3.435546875,0.2125300265640993,0.5692085956999556,0.3867646942648128,0.3148082370347183,6.658211482751794,3.8699581917369184,0.5812308908724375,3.186646652398159,2.193854341738371,0.6884523391030357,6.597459297710117,3.5843173936915305,0.5432875341778305,
7,test,7.283356666564941,83.3125,84.375,1.349609375,2.71875,2.71875,61,11,5.0859375,6.60546875,5.083737557296823,5.083805613257797,5.0856005980647305,5.1011265205802045,4.985470148409527,4.994180815356475,5.148643056855407,5.149340463855791,0.2301025390625,3.66015625,3.572265625,4.30078125,0.2009444820893856,0.5593751744510208,0.3897845270748423,0.32436572342150677,6.658211482751794,3.812395847330806,0.5725855745505951,3.186646652398159,2.2584333168337496,0.7087178351368614,6.610551631833909,3.5527626114100572,0.5374381457519067,43,10,4.7265625,6.38671875,4.726947857483407,4.727058164876477,4.729185214537954,4.750529982624365,4.699924213111937,4.710851910123266,4.873282058713113,4.8986032007528175,0.260009765625,3.55859375,3.46484375,0.21619143486447615,0.563734514464662,0.4006547115421967,0.3333680597119643,6.658211482751794,3.896851655537212,0.5852700331961623,3.186646652398159,2.3081455826048103,0.7243180165167608,6.610551631833909,3.625871377771614,0.5484975505388677,
8,test,7.810734748840332,82.9375,84.0625,1.326171875,2.724609375,2.724609375,61,11,5.22265625,6.625,5.223298188599561,5.223358642351177,5.225239046683103,5.239147546075554,5.207098315727032,5.215044590095738,5.37978028740408,5.354552570257856,0.211669921875,3.646484375,3.5625,4.484375,0.18532320458671,0.5514753150756447,0.3688878317376906,0.3030054042743904,6.658211482751794,3.879179405243258,0.5826158293848636,3.186646652398159,2.249583937738775,0.7059408158873896,6.583334969402941,3.5201517135025346,0.5347064565091978,43,10,4.875,6.40625,4.879011688493026,4.879111024254391,4.881376871634278,4.9009514439020485,4.878571718812667,4.888626559139548,5.062901882807466,5.061949922965391,0.23876953125,3.541015625,3.453125,0.1995466778728974,0.5544356973903716,0.37716135709538245,0.3092663918884221,6.658211482751794,3.980524995757464,0.5978369725967821,3.186646652398159,2.300675850705529,0.7219739436671213,6.583334969402941,3.6055934117412747,0.5476849390922417,
9,test,6.434887886047363,85.375,85.375,1.302734375,2.7421875,2.7421875,58,11,5.17578125,6.63671875,5.178652841982178,5.178732270691182,5.181157885370901,5.196804564120845,5.124008346928548,5.132633723148298,5.315771331345908,5.282763781723089,0.2203369140625,3.763671875,3.521484375,4.48046875,0.20362974792206245,0.559515431329287,0.36565182635163845,0.30427309895343796,6.658211482751794,3.97056046970199,0.5963403956134155,3.186646652398159,2.1927920682513387,0.6881189875887619,6.611833820646356,3.6490974835779513,0.5519039925327743,43,10,4.828125,6.4140625,4.825005276409138,4.825119754051578,4.827805939066924,4.849069751490145,4.82585612203125,4.836564409589684,5.027778997690673,5.018574083479057,0.24755859375,3.6640625,3.408203125,0.22419115916726565,0.5643751520722905,0.3747015433042742,0.3112947060607537,6.658211482751794,4.083085135924402,0.6132405296079437,3.186646652398159,2.251977719541573,0.7066920073635441,6.611833820646356,3.748317074796521,0.566910357470251,
10,test,6.495526313781738,83.6875,84.625,1.2802734375,2.73828125,2.73828125,66,11,5.23828125,6.6328125,5.236458747744441,5.236532059795428,5.238931905217954,5.253667743173945,5.1747424939901006,5.183172624649724,5.3722614370484045,5.329643076387163,0.2099609375,3.681640625,3.548828125,4.59375,0.17606253477010697,0.5381069854806325,0.36598295361700217,0.3052534195760854,6.658211482751794,4.010299769763829,0.6023088602926742,3.186646652398159,2.3659355289521242,0.7424530508180452,6.613037184818691,3.648166426707218,0.5516627723010814,48,10,4.89453125,6.41015625,4.894013696190146,4.8941263826015735,4.8968887053674255,4.9172549038089794,4.873069232873446,4.883854569181473,5.083273447561617,5.065096263341725,0.236572265625,3.578125,3.435546875,0.18947515956836777,0.5395971785139005,0.37867468715000635,0.3149068486820064,6.658211482751794,4.1168795300337475,0.618316125989478,3.186646652398159,2.4316207321568823,0.7630656917443073,6.613037184818691,3.747933630887128,0.5667492146409101,
11,test,7.1588239669799805,83.4375,84.0625,1.2578125,2.74609375,2.74609375,59,11,5.24609375,6.65234375,5.24693260300905,5.246998218401938,5.249189142154023,5.263398089970264,5.232643940197902,5.240456123208883,5.425635870487615,5.3790820178986385,0.2110595703125,3.708984375,3.556640625,4.58203125,0.19091592298940163,0.5435218398970209,0.3359481252428351,0.28077481380317637,6.658211482751794,3.9724873452613902,0.5966297939847937,3.186646652398159,2.2130786775407376,0.6944851183532544,6.603506929130568,3.6474929434593335,0.5523569495125176,42,10,4.8984375,6.4296875,4.894299121055015,4.894408808414048,4.897059986763456,4.917349284869061,4.886340487556418,4.896473149062962,5.079392213225887,5.070447710549896,0.2379150390625,3.609375,3.44921875,0.19942519141559398,0.5431440565065356,0.34276712186962704,0.2860333595285062,6.658211482751794,4.075919478346216,0.6121643160336604,3.186646652398159,2.2779123294370685,0.7148305343872347,6.603506929130568,3.738702903274019,0.5661693011604464,
12,test,6.3791704177856445,86.75,87.125,1.2353515625,2.7421875,2.7421875,57,11,5.19921875,6.64453125,5.1987837500538605,5.1988569551431265,5.201069601850394,5.215990619707344,5.208682877296815,5.216753944436247,5.397168067059974,5.358060189228655,0.2171630859375,3.798828125,3.65234375,4.49609375,0.19266035171821372,0.5481168750602148,0.3388781020775295,0.29206825170437056,6.658211482751794,3.9615363146408846,0.5949850534041026,3.186646652398159,2.211662761240735,0.6940407903638499,6.614600437322238,3.727466815193057,0.563521084986659,42,10,4.8515625,6.421875,4.859957461406141,4.860064294343481,4.862579672509769,4.882943953079233,4.802464930080856,4.813103825652721,4.994035776406419,4.9947362026597935,0.2447509765625,3.7109375,3.55078125,0.20156739656457906,0.5481237284489443,0.340730642037515,0.293820282631209,6.658211482751794,4.071625502414502,0.6115194017135255,3.186646652398159,2.2701345414424683,0.7123897906076421,6.614600437322238,3.827983175176085,0.5787172198001655,
13,test,5.727957725524902,85.5,87.375,1.2138671875,2.7421875,2.7421875,66,11,5.33203125,6.64453125,5.338780478214282,5.33884228369674,5.341084929707367,5.354248078527495,5.284876961804158,5.29269570720223,5.477864218895877,5.428840786684298,0.1976318359375,3.66015625,3.556640625,4.59765625,0.15682712101357965,0.5340294524748059,0.33673891542640794,0.28719042180237286,6.658211482751794,4.0903117014349935,0.614325890974027,3.186646652398159,2.4139853794558004,0.7575315504902682,6.618999007894681,3.8358999295209752,0.5795287059184903,47,10,4.984375,6.421875,4.979866813231355,4.97996888487724,4.98262689193759,5.001617184848958,4.949200465947778,4.959370239392012,5.155171239123709,5.131571223914152,0.223876953125,3.560546875,3.447265625,0.17182478689069725,0.5346261613215972,0.34764249786797424,0.2947485517497719,6.658211482751794,4.206774075764219,0.6318174312519115,3.186646652398159,2.4790318679358965,0.7779437566666714,6.618999007894681,3.9317544550914567,0.5940104312452583,
14,test,5.957849979400635,86.5,87.125,1.1923828125,2.7421875,2.7421875,61,11,5.30859375,6.64453125,5.306820116286506,5.306893580952159,5.3094824863478705,5.323591775204853,5.271909024702176,5.280121765944463,5.480089192730884,5.420949524530213,0.2010498046875,3.828125,3.6015625,4.65234375,0.16602473023809178,0.5358156543806866,0.3372257061827431,0.2872647098379946,6.658211482751794,4.150076025055087,0.6233019236180658,3.186646652398159,2.3203158901368353,0.7281371746662425,6.621041550859138,3.8808423840995525,0.5861377480097493,44,10,4.96484375,6.421875,4.964634529955915,4.964746402624867,4.967716901806133,4.9874467643511515,4.956132610784174,4.966166505697825,5.1702249162010725,5.137519926761401,0.2266845703125,3.7421875,3.49609375,0.1781351051184103,0.5345332858258178,0.3411027234401833,0.2905446688760513,6.658211482751794,4.259846306500034,0.6397883752318826,3.186646652398159,2.3845590686470253,0.7482972945407955,6.621041550859138,3.9836868242200936,0.6016707180614469,
15,test,5.47423791885376,87.0,87.25,1.171875,2.7421875,2.7421875,59,11,5.26171875,6.64453125,5.262484376957434,5.262557770494838,5.2649677883620765,5.2796033155162725,5.179563726473235,5.187772447392563,5.367448610210477,5.331308391941628,0.2080078125,3.9296875,3.70703125,4.56640625,0.1802227195359929,0.5434376567984421,0.36631651808759164,0.31067632956272595,6.658211482751794,4.178830325455809,0.6276205458900093,3.186646652398159,2.431181440401649,0.7629278378172323,6.622557906587138,3.9635051389264966,0.5984855390972406,41,10,4.91796875,6.421875,4.914483993000817,4.914594374746469,4.917334455344283,4.937645850901771,4.876200777805798,4.886694145318496,5.077204130027635,5.064530093707398,0.2344970703125,3.853515625,3.609375,0.19232511887600184,0.5448664885230464,0.373199351668815,0.31676210350922246,6.658211482751794,4.307672371504877,0.6469713950456475,3.186646652398159,2.500714572453906,0.7847479953800197,6.622557906587138,4.07217006540621,0.6148938405439716,
16,test,5.704489707946777,84.625,86.125,1.1513671875,2.73828125,2.73828125,63,11,5.29296875,6.63671875,5.289941684546188,5.290020717482892,5.29268111675132,5.307604996598284,5.252258447697229,5.260711277789849,5.462577434444929,5.404949621914518,0.2027587890625,3.861328125,3.650390625,4.61328125,0.14388049733266153,0.509361415227959,0.32820197196131634,0.284207348950308,6.658211482751794,4.198268900792599,0.6305400349130219,3.186646652398159,2.4206515091946113,0.7596234453458821,6.603317399641116,3.9138325409489827,0.5927070143806348,44,10,4.94921875,6.41796875,4.943606456374166,4.943724361152147,4.946722642576493,4.967288429350751,4.938538523983019,4.949010784612522,5.151875110591234,5.124877211986165,0.228759765625,3.78125,3.55078125,0.15329621006705832,0.5089732304781078,0.3331349246714716,0.287686174019681,6.658211482751794,4.318547085911473,0.6486046736572938,3.186646652398159,2.489701720712218,0.7812920578560398,6.603317399641116,4.017920924445637,0.6084700584987792,
17,test,6.860061168670654,85.75,87.375,1.130859375,2.734375,2.734375,65,11,5.3515625,6.6328125,5.3487209059299055,5.348788881845461,5.351157197337976,5.364471952912018,5.292619371843329,5.300264911545526,5.487942029570557,5.434651326668307,0.193359375,3.8984375,3.703125,4.69140625,0.1634111238105484,0.5316192446621119,0.35458194172561486,0.29570946749661037,6.658211482751794,4.120113358965014,0.6188018163193277,3.186646652398159,2.347654096154913,0.7367161634905929,6.6217066560805025,3.8475629593057956,0.581053066700365,47,10,5.01171875,6.41015625,5.013677180942552,5.013778184559113,5.016472399443081,5.035105169547285,4.985212731458983,4.995053725766647,5.189367383516016,5.162835970624952,0.21826171875,3.8125,3.60546875,0.17297792155837394,0.5280639820198058,0.36534610108319543,0.30326910034046456,6.658211482751794,4.245794049786619,0.6376778600057116,3.186646652398159,2.4262269407676484,0.7613730687529333,6.6217066560805025,3.9544325818191632,0.597192353452857,
18,test,6.5358662605285645,84.1875,84.875,1.111328125,2.716796875,2.716796875,62,11,5.2734375,6.6015625,5.27578653339077,5.2758598209008145,5.2781601303913765,5.292700811498542,5.216649275352724,5.224521109640299,5.398200804289655,5.363449400438266,0.200927734375,3.9453125,3.67578125,4.5703125,0.17068524515632374,0.5146999194448143,0.3408159288785305,0.29341230194346063,6.658211482751794,4.156757441105987,0.6243054087233689,3.186646652398159,2.379425533786641,0.7466863425212106,6.605289475480529,3.860456363100612,0.5844492323055633,45,10,4.9375,6.3828125,4.933071340430355,4.933186993472176,4.935923049369687,4.95633378892773,4.910056728243692,4.920281518570543,5.103846992422229,5.093945907234008,0.226318359375,3.8671875,3.57421875,0.18231429136298927,0.5133889030805645,0.3468901661353929,0.29776743937001504,6.658211482751794,4.278095612355688,0.6425292472968402,3.186646652398159,2.447834716719525,0.7681537941702353,6.605289475480529,3.9593353336646615,0.5994188972886194,
19,test,5.596709251403809,86.5,86.875,1.091796875,2.734375,2.734375,63,11,5.30078125,6.6328125,5.297593002246867,5.297676387466019,5.300281521351683,5.315151111110635,5.258680510213888,5.266560881671905,5.448670035633333,5.404292078453046,0.2008056640625,4.05078125,3.724609375,4.609375,0.18135756668319183,0.5371136879626149,0.3434245644590172,0.2920934695261998,6.658211482751794,4.33339888603327,0.6508352726943281,3.186646652398159,2.398180383785416,0.7525717926650666,6.619163762822914,4.096927487131975,0.6189494071959226,46,10,4.96484375,6.4140625,4.957282770058105,4.957401658529354,4.960355021003187,4.980995823867088,4.958958204283984,4.9690918734394485,5.1624520296740455,5.140359054006918,0.22607421875,3.982421875,3.62890625,0.1929136136641137,0.5389458080209767,0.35133492364434815,0.2985186331036154,6.658211482751794,4.471041451378199,0.671507876095631,3.186646652398159,2.4642840192382476,0.7733157416068435,6.619163762822914,4.2131099825452285,0.6365018503105351,
20,test,6.21227502822876,85.25,86.875,1.0732421875,2.734375,2.734375,57,11,5.20703125,6.62890625,5.206347393488355,5.206429983169823,5.209030701370724,5.224984632621917,5.19718032408027,5.205757893868177,5.402286949042375,5.353222625273682,0.21435546875,4.2578125,3.708984375,4.55859375,0.17893210676118768,0.5412635602667203,0.35068184643812456,0.2960723602803841,6.658211482751794,4.2441368423213515,0.6374289632157011,3.186646652398159,2.393837742457971,0.751209030551427,6.617034519069153,3.9291782945708693,0.5937974606672604,41,10,4.8671875,6.41015625,4.866628269736843,4.8667498540106875,4.869668595009373,4.891075353975217,4.855414623877081,4.865900457950657,5.057293280011257,5.044866729562064,0.240478515625,4.19921875,3.609375,0.19301240903881528,0.5419544239462449,0.36517368928680893,0.30655309069105924,6.658211482751794,4.371175878845178,0.6565090174994863,3.186646652398159,2.4573160667940117,0.7711291319182568,6.617034519069153,4.042149557010587,0.6108702539425793,
21,test,6.435277462005615,85.0,86.625,1.0546875,2.71875,2.71875,60,11,5.22265625,6.62109375,5.223278017158694,5.223356076576555,5.225758696357002,5.240782276609129,5.126362500540784,5.134640719877015,5.309587651687895,5.281277661119893,0.211181640625,4.25390625,3.732421875,4.671875,0.18629409265494082,0.5242417620115389,0.3811593567229061,0.32755035388440407,6.658211482751794,4.197847671413907,0.6304767702690881,3.186646652398159,2.408557334884314,0.7558281785248194,6.606436540792646,3.882333289552238,0.5876592116763801,44,10,4.8828125,6.40234375,4.887422402923699,4.887535590605487,4.890228298477233,4.9105590938862616,4.884103699571979,4.894251472699883,5.08008622500239,5.068618688189201,0.2369384765625,4.203125,3.63671875,0.19870391910018748,0.5229090367579969,0.3892515055215178,0.3334567363151706,6.658211482751794,4.308670585435107,0.6471213172781893,3.186646652398159,2.4799839236612495,0.7782425208000078,6.606436540792646,3.990205135395115,0.603987506843798,
22,test,5.264956474304199,86.75,87.625,1.0361328125,2.705078125,2.705078125,60,11,5.21875,6.6015625,5.218136604766967,5.218215041136635,5.2206873898613635,5.235996426580864,5.119709438476114,5.128287457557803,5.3147809638249015,5.278524509936522,0.20947265625,4.125,3.732421875,4.5,0.16964334544959636,0.5057387936928988,0.38598754981162814,0.3323222409844255,6.658211482751794,4.267392749555487,0.6409217791610011,3.186646652398159,2.4730871206835534,0.776078238490105,6.615598028090574,4.035130149944171,0.609941857532842,42,10,4.8828125,6.3828125,4.8805682318576675,4.880689509374082,4.8835644881925715,4.904532531570485,4.851228495477112,4.861950855517159,5.055289304853667,5.042989249608773,0.2353515625,4.0625,3.634765625,0.18354175419910537,0.5072465681890823,0.3940647242535416,0.3381635344103045,6.658211482751794,4.390988610292384,0.6594847012095233,3.186646652398159,2.541081299642393,0.7974154579485817,6.615598028090574,4.136602372264348,0.625280187021622,
23,test,5.963590145111084,87.75,89.25,1.017578125,2.71484375,2.71484375,63,11,5.39453125,6.62109375,5.391712648016747,5.391777570998167,5.394318885355837,5.4074325090684185,5.439852085179512,5.44699289630846,5.644138993869775,5.571051714552445,0.1851806640625,3.912109375,3.689453125,4.765625,0.15249419238654752,0.4973035533936085,0.3595940663770871,0.3122970543155381,6.658211482751794,4.338354492042,0.6515795575554454,3.186646652398159,2.4883501512758865,0.7808679225238986,6.615901825618094,4.05959350986874,0.6136115100966557,47,10,5.06640625,6.40234375,5.06455847100331,5.064669969448438,5.067788105687825,5.0867012077110365,5.0583583545065265,5.06821369266647,5.276392114484447,5.23360992772252,0.2086181640625,3.8359375,3.591796875,0.16322988233339703,0.4968040172316617,0.3691417089202139,0.3181673674970634,6.658211482751794,4.466350820316529,0.6708033879498547,3.186646652398159,2.555479610072286,0.8019337845785698,6.615901825618094,4.18735014614079,0.6329220500108591,
24,test,6.122018814086914,86.25,87.75,1.0,2.72265625,2.72265625,61,11,5.19921875,6.62109375,5.198247007418926,5.1983231277975435,5.200660081606258,5.215948470509023,5.146962874925746,5.155458417794453,5.338339646952978,5.303582279749744,0.215087890625,4.28125,3.763671875,4.53125,0.1919719343867969,0.534105864996682,0.34971422217646736,0.3077946979113205,6.658211482751794,4.307153013567154,0.6468933924260148,3.186646652398159,2.389623651781654,0.7498866088536381,6.615887690902062,4.051030319667413,0.6123184837672273,44,10,4.859375,6.40234375,4.8598226614829905,4.859935939459137,4.862597796273034,4.883363449270249,4.813733021762852,4.824484003951714,5.013770169683543,5.007556259965096,0.2413330078125,4.23046875,3.671875,0.20755674263202084,0.5355280808489529,0.35884343891017767,0.314926112014041,6.658211482751794,4.439107598702847,0.6667117153311258,3.186646652398159,2.4577914208260045,0.7712783025304536,6.615887690902062,4.169721160727429,0.630258758240634,
